{"type": "FeatureCollection", "features": [{"type": "Feature", "geometry": {"type": "Point", "coordinates": [-96.4367903, 33.2679616]}, "properties": {"tract_geoid": "48085030101", "land_sqmi": 46.037, "population": 2847, "median_household_income": 105417.0, "poverty_count": 257, "poverty_universe": 2847, "snap_households": 64, "snap_universe": 989, "pct_low_access_half_mile": 81.7}}, {"type": "Feature", "geometry": {"type": "Point", "coordinates": [-96.3785072, 33.3217146]}, "properties": {"tract_geoid": "48085030102", "land_sqmi": 77.391, "population": 4033, "median_household_income": 101165.0, "poverty_count": 367, "poverty_universe": 4010, "snap_households": 66, "snap_universe": 1325, "pct_low_access_half_mile": 99.42}}, {"type": "Feature", "geometry": {"type": "Point", "coordinates": [-96.5350497, 33.2618762]}, "properties": {"tract_geoid": "48085030201", "land_sqmi": 35.232, "population": 7334, "median_household_income": 131964.0, "poverty_count": 183, "poverty_universe": 7324, "snap_households": 85, "snap_universe": 2320, "pct_low_access_half_mile": 98.3}}, {"type": "Feature", "geometry": {"type": "Point", "coordinates": [-96.643292, 33.3405713]}, "properties": {"tract_geoid": "48085030202", "land_sqmi": 58.447, "population": 5850, "median_household_income": 154046.0, "poverty_count": 225, "poverty_universe": 5850, "snap_households": 30, "snap_universe": 2355, "pct_low_access_half_mile": 100.0}}, {"type": "Feature", "geometry": {"type": "Point", "coordinates": [-96.5746853, 33.3707197]}, "properties": {"tract_geoid": "48085030204", "land_sqmi": 6.098, "population": 8461, "median_household_income": 114024.0, "poverty_count": 957, "poverty_universe": 8461, "snap_households": 67, "snap_universe": 3014, "pct_low_access_half_mile": 66.11}}, {"type": "Feature", "geometry": {"type": "Point", "coordinates": [-96.5721906, 33.3311563]}, "properties": {"tract_geoid": "48085030205", "land_sqmi": 3.682, "population": 6640, "median_household_income": 103372.0, "poverty_count": 1070, "poverty_universe": 6640, "snap_households": 39, "snap_universe": 2048, "pct_low_access_half_mile": 84.64}}, {"type": "Feature", "geometry": {"type": "Point", "coordinates": [-96.5796303, 33.2964198]}, "properties": {"tract_geoid": "48085030206", "land_sqmi": 4.246, "population": 5801, "median_household_income": 155941.0, "poverty_count": 235, "poverty_universe": 5743, "snap_households": 71, "snap_universe": 1777, "pct_low_access_half_mile": 98.47}}, {"type": "Feature", "geometry": {"type": "Point", "coordinates": [-96.5163128, 33.3555]}, "properties": {"tract_geoid": "48085030207", "land_sqmi": 23.769, "population": 17538, "median_household_income": 107792.0, "poverty_count": 843, "poverty_universe": 17538, "snap_households": 184, "snap_universe": 5344, "pct_low_access_half_mile": 83.71}}, {"type": "Feature", "geometry": {"type": "Point", "coordinates": [-96.7119342, 33.2412217]}, "properties": {"tract_geoid": "48085030301", "land_sqmi": 8.996, "population": 10667, "median_household_income": 156250.0, "poverty_count": 365, "poverty_universe": 10667, "snap_households": 43, "snap_universe": 3211, "pct_low_access_half_mile": 87.56}}, {"type": "Feature", "geometry": {"type": "Point", "coordinates": [-96.7553993, 33.2410157]}, "properties": {"tract_geoid": "48085030302", "land_sqmi": 5.903, "population": 6268, "median_household_income": 226364.0, "poverty_count": 72, "poverty_universe": 6268, "snap_households": 31, "snap_universe": 1798, "pct_low_access_half_mile": 100.0}}, {"type": "Feature", "geometry": {"type": "Point", "coordinates": [-96.7791075, 33.2376601]}, "properties": {"tract_geoid": "48085030303", "land_sqmi": 3.84, "population": 11476, "median_household_income": 180441.0, "poverty_count": 453, "poverty_universe": 11369, "snap_households": 86, "snap_universe": 3482, "pct_low_access_half_mile": 92.15}}, {"type": "Feature", "geometry": {"type": "Point", "coordinates": [-96.8123883, 33.2413324]}, "properties": {"tract_geoid": "48085030304", "land_sqmi": 8.49, "population": 9740, "median_household_income": 185568.0, "poverty_count": 290, "poverty_universe": 9527, "snap_households": 0, "snap_universe": 2753, "pct_low_access_half_mile": 87.58}}, {"type": "Feature", "geometry": {"type": "Point", "coordinates": [-96.8056478, 33.3368843]}, "properties": {"tract_geoid": "48085030306", "land_sqmi": 34.597, "population": 16675, "median_household_income": 159219.0, "poverty_count": 1290, "poverty_universe": 16675, "snap_households": 30, "snap_universe": 5090, "pct_low_access_half_mile": 90.36}}, {"type": "Feature", "geometry": {"type": "Point", "coordinates": [-96.7225966, 33.3122569]}, "properties": {"tract_geoid": "48085030307", "land_sqmi": 49.188, "population": 19493, "median_household_income": 169881.0, "poverty_count": 24, "poverty_universe": 19388, "snap_households": 0, "snap_universe": 5988, "pct_low_access_half_mile": 99.16}}, {"type": "Feature", "geometry": {"type": "Point", "coordinates": [-96.8134852, 33.1641934]}, "properties": {"tract_geoid": "48085030403", "land_sqmi": 1.673, "population": 7522, "median_household_income": 141193.0, "poverty_count": 326, "poverty_universe": 7476, "snap_households": 38, "snap_universe": 2430, "pct_low_access_half_mile": 83.8}}, {"type": "Feature", "geometry": {"type": "Point", "coordinates": [-96.7952156, 33.1452546]}, "properties": {"tract_geoid": "48085030404", "land_sqmi": 1.152, "population": 5838, "median_household_income": 130169.0, "poverty_count": 311, "poverty_universe": 5756, "snap_households": 0, "snap_universe": 2023, "pct_low_access_half_mile": 67.99}}, {"type": "Feature", "geometry": {"type": "Point", "coordinates": [-96.7970183, 33.1310122]}, "properties": {"tract_geoid": "48085030405", "land_sqmi": 1.072, "population": 5589, "median_household_income": 71753.0, "poverty_count": 703, "poverty_universe": 5589, "snap_households": 102, "snap_universe": 2356, "pct_low_access_half_mile": 57.17}}, {"type": "Feature", "geometry": {"type": "Point", "coordinates": [-96.8090672, 33.1317872]}, "properties": {"tract_geoid": "48085030406", "land_sqmi": 1.167, "population": 5389, "median_household_income": 80256.0, "poverty_count": 239, "poverty_universe": 5368, "snap_households": 156, "snap_universe": 2395, "pct_low_access_half_mile": 80.54}}, {"type": "Feature", "geometry": {"type": "Point", "coordinates": [-96.8340617, 33.1275503]}, "properties": {"tract_geoid": "48085030407", "land_sqmi": 1.259, "population": 3555, "median_household_income": 148565.0, "poverty_count": 203, "poverty_universe": 3555, "snap_households": 0, "snap_universe": 1317, "pct_low_access_half_mile": 80.87}}, {"type": "Feature", "geometry": {"type": "Point", "coordinates": [-96.815522, 33.1421288]}, "properties": {"tract_geoid": "48085030409", "land_sqmi": 0.57, "population": 2806, "median_household_income": 75000.0, "poverty_count": 69, "poverty_universe": 2804, "snap_households": 97, "snap_universe": 1080, "pct_low_access_half_mile": 67.09}}, {"type": "Feature", "geometry": {"type": "Point", "coordinates": [-96.8283778, 33.1551698]}, "properties": {"tract_geoid": "48085030410", "land_sqmi": 3.208, "population": 4944, "median_household_income": 87953.0, "poverty_count": 252, "poverty_universe": 4944, "snap_households": 50, "snap_universe": 2257, "pct_low_access_half_mile": 39.94}}, {"type": "Feature", "geometry": {"type": "Point", "coordinates": [-96.8340073, 33.1002754]}, "properties": {"tract_geoid": "48085030504", "land_sqmi": 2.183, "population": 4631, "median_household_income": 86285.0, "poverty_count": 380, "poverty_universe": 4599, "snap_households": 36, "snap_universe": 2740, "pct_low_access_half_mile": 68.98}}, {"type": "Feature", "geometry": {"type": "Point", "coordinates": [-96.8126612, 33.1110792]}, "properties": {"tract_geoid": "48085030505", "land_sqmi": 2.119, "population": 6653, "median_household_income": 93942.0, "poverty_count": 670, "poverty_universe": 6653, "snap_households": 55, "snap_universe": 3924, "pct_low_access_half_mile": 21.21}}, {"type": "Feature", "geometry": {"type": "Point", "coordinates": [-96.7997965, 33.1098901]}, "properties": {"tract_geoid": "48085030506", "land_sqmi": 1.207, "population": 5311, "median_household_income": 136467.0, "poverty_count": 131, "poverty_universe": 5311, "snap_households": 35, "snap_universe": 2236, "pct_low_access_half_mile": 49.83}}, {"type": "Feature", "geometry": {"type": "Point", "coordinates": [-96.7760424, 33.1138495]}, "properties": {"tract_geoid": "48085030507", "land_sqmi": 0.613, "population": 1806, "median_household_income": 160313.0, "poverty_count": 41, "poverty_universe": 1780, "snap_households": 0, "snap_universe": 603, "pct_low_access_half_mile": 100.0}}, {"type": "Feature", "geometry": {"type": "Point", "coordinates": [-96.7920571, 33.1223681]}, "properties": {"tract_geoid": "48085030509", "land_sqmi": 0.407, "population": 2895, "median_household_income": 152917.0, "poverty_count": 45, "poverty_universe": 2863, "snap_households": 37, "snap_universe": 961, "pct_low_access_half_mile": 97.81}}, {"type": "Feature", "geometry": {"type": "Point", "coordinates": [-96.7771601, 33.1341636]}, "properties": {"tract_geoid": "48085030510", "land_sqmi": 0.537, "population": 2982, "median_household_income": 172788.0, "poverty_count": 82, "poverty_universe": 2982, "snap_households": 11, "snap_universe": 1045, "pct_low_access_half_mile": 65.18}}, {"type": "Feature", "geometry": {"type": "Point", "coordinates": [-96.7580551, 33.1388358]}, "properties": {"tract_geoid": "48085030511", "land_sqmi": 4.441, "population": 14529, "median_household_income": 213081.0, "poverty_count": 498, "poverty_universe": 14401, "snap_households": 153, "snap_universe": 4382, "pct_low_access_half_mile": 78.37}}, {"type": "Feature", "geometry": {"type": "Point", "coordinates": [-96.7431833, 33.1291228]}, "properties": {"tract_geoid": "48085030512", "land_sqmi": 1.075, "population": 5258, "median_household_income": 218333.0, "poverty_count": 0, "poverty_universe": 5258, "snap_households": 0, "snap_universe": 1478, "pct_low_access_half_mile": 76.26}}, {"type": "Feature", "geometry": {"type": "Point", "coordinates": [-96.6892086, 33.1667446]}, "properties": {"tract_geoid": "48085030515", "land_sqmi": 0.879, "population": 7736, "median_household_income": 139816.0, "poverty_count": 164, "poverty_universe": 7736, "snap_households": 36, "snap_universe": 2339, "pct_low_access_half_mile": 54.58}}, {"type": "Feature", "geometry": {"type": "Point", "coordinates": [-96.7068845, 33.1614934]}, "properties": {"tract_geoid": "48085030516", "land_sqmi": 1.391, "population": 7226, "median_household_income": 124554.0, "poverty_count": 311, "poverty_universe": 7201, "snap_households": 129, "snap_universe": 2274, "pct_low_access_half_mile": 86.31}}, {"type": "Feature", "geometry": {"type": "Point", "coordinates": [-96.7235583, 33.1629132]}, "properties": {"tract_geoid": "48085030517", "land_sqmi": 1.572, "population": 10914, "median_household_income": 138118.0, "poverty_count": 256, "poverty_universe": 10900, "snap_households": 46, "snap_universe": 3890, "pct_low_access_half_mile": 65.67}}, {"type": "Feature", "geometry": {"type": "Point", "coordinates": [-96.7656563, 33.1573743]}, "properties": {"tract_geoid": "48085030518", "land_sqmi": 6.124, "population": 10506, "median_household_income": 212344.0, "poverty_count": 787, "poverty_universe": 10497, "snap_households": 3, "snap_universe": 2981, "pct_low_access_half_mile": 82.93}}, {"type": "Feature", "geometry": {"type": "Point", "coordinates": [-96.8097093, 33.2011785]}, "properties": {"tract_geoid": "48085030519", "land_sqmi": 10.54, "population": 10094, "median_household_income": 169599.0, "poverty_count": 197, "poverty_universe": 10094, "snap_households": 65, "snap_universe": 3435, "pct_low_access_half_mile": 79.05}}, {"type": "Feature", "geometry": {"type": "Point", "coordinates": [-96.7938174, 33.1821312]}, "properties": {"tract_geoid": "48085030520", "land_sqmi": 1.075, "population": 6454, "median_household_income": 141108.0, "poverty_count": 129, "poverty_universe": 6454, "snap_households": 4, "snap_universe": 2141, "pct_low_access_half_mile": 81.92}}, {"type": "Feature", "geometry": {"type": "Point", "coordinates": [-96.7760676, 33.1815199]}, "properties": {"tract_geoid": "48085030521", "land_sqmi": 0.939, "population": 5436, "median_household_income": 147214.0, "poverty_count": 37, "poverty_universe": 5436, "snap_households": 45, "snap_universe": 1428, "pct_low_access_half_mile": 86.94}}, {"type": "Feature", "geometry": {"type": "Point", "coordinates": [-96.7497408, 33.2110611]}, "properties": {"tract_geoid": "48085030524", "land_sqmi": 2.079, "population": 9542, "median_household_income": 132500.0, "poverty_count": 677, "poverty_universe": 9519, "snap_households": 27, "snap_universe": 2914, "pct_low_access_half_mile": 83.53}}, {"type": "Feature", "geometry": {"type": "Point", "coordinates": [-96.7227269, 33.1929041]}, "properties": {"tract_geoid": "48085030525", "land_sqmi": 1.532, "population": 5524, "median_household_income": 150363.0, "poverty_count": 134, "poverty_universe": 5524, "snap_households": 15, "snap_universe": 1885, "pct_low_access_half_mile": 82.38}}, {"type": "Feature", "geometry": {"type": "Point", "coordinates": [-96.7254664, 33.1812807]}, "properties": {"tract_geoid": "48085030529", "land_sqmi": 0.657, "population": 3419, "median_household_income": 138882.0, "poverty_count": 127, "poverty_universe": 3322, "snap_households": 11, "snap_universe": 1137, "pct_low_access_half_mile": 62.53}}, {"type": "Feature", "geometry": {"type": "Point", "coordinates": [-96.7056186, 33.1850242]}, "properties": {"tract_geoid": "48085030531", "land_sqmi": 1.628, "population": 7453, "median_household_income": 165257.0, "poverty_count": 880, "poverty_universe": 7380, "snap_households": 87, "snap_universe": 2404, "pct_low_access_half_mile": 83.47}}, {"type": "Feature", "geometry": {"type": "Point", "coordinates": [-96.7731573, 33.1192511]}, "properties": {"tract_geoid": "48085030532", "land_sqmi": 0.558, "population": 2425, "median_household_income": 133963.0, "poverty_count": 60, "poverty_universe": 2425, "snap_households": 0, "snap_universe": 898, "pct_low_access_half_mile": 91.94}}, {"type": "Feature", "geometry": {"type": "Point", "coordinates": [-96.7771832, 33.125957]}, "properties": {"tract_geoid": "48085030533", "land_sqmi": 0.554, "population": 2977, "median_household_income": 155083.0, "poverty_count": 164, "poverty_universe": 2977, "snap_households": 0, "snap_universe": 1153, "pct_low_access_half_mile": 80.77}}, {"type": "Feature", "geometry": {"type": "Point", "coordinates": [-96.6911306, 33.183494]}, "properties": {"tract_geoid": "48085030534", "land_sqmi": 0.715, "population": 2965, "median_household_income": 143958.0, "poverty_count": 42, "poverty_universe": 2951, "snap_households": 0, "snap_universe": 1013, "pct_low_access_half_mile": 65.33}}, {"type": "Feature", "geometry": {"type": "Point", "coordinates": [-96.6879887, 33.1942248]}, "properties": {"tract_geoid": "48085030535", "land_sqmi": 0.533, "population": 2836, "median_household_income": 109063.0, "poverty_count": 143, "poverty_universe": 2799, "snap_households": 27, "snap_universe": 1116, "pct_low_access_half_mile": 90.78}}, {"type": "Feature", "geometry": {"type": "Point", "coordinates": [-96.7590514, 33.1817847]}, "properties": {"tract_geoid": "48085030536", "land_sqmi": 1.038, "population": 6714, "median_household_income": 178000.0, "poverty_count": 138, "poverty_universe": 6714, "snap_households": 61, "snap_universe": 1764, "pct_low_access_half_mile": 72.23}}, {"type": "Feature", "geometry": {"type": "Point", "coordinates": [-96.7591378, 33.1963267]}, "properties": {"tract_geoid": "48085030537", "land_sqmi": 1.0, "population": 8144, "median_household_income": 168274.0, "poverty_count": 373, "poverty_universe": 8144, "snap_households": 66, "snap_universe": 2531, "pct_low_access_half_mile": 71.47}}, {"type": "Feature", "geometry": {"type": "Point", "coordinates": [-96.7415229, 33.1816167]}, "properties": {"tract_geoid": "48085030538", "land_sqmi": 1.029, "population": 5454, "median_household_income": 145656.0, "poverty_count": 463, "poverty_universe": 5454, "snap_households": 71, "snap_universe": 1786, "pct_low_access_half_mile": 73.93}}, {"type": "Feature", "geometry": {"type": "Point", "coordinates": [-96.7417098, 33.1963656]}, "properties": {"tract_geoid": "48085030539", "land_sqmi": 1.02, "population": 6462, "median_household_income": 142337.0, "poverty_count": 314, "poverty_universe": 6339, "snap_households": 51, "snap_universe": 1995, "pct_low_access_half_mile": 77.88}}, {"type": "Feature", "geometry": {"type": "Point", "coordinates": [-96.7008258, 33.1554646]}, "properties": {"tract_geoid": "48085030540", "land_sqmi": 0.368, "population": 4180, "median_household_income": 68469.0, "poverty_count": 171, "poverty_universe": 4176, "snap_households": 51, "snap_universe": 1917, "pct_low_access_half_mile": 100.0}}, {"type": "Feature", "geometry": {"type": "Point", "coordinates": [-96.6890244, 33.1534535]}, "properties": {"tract_geoid": "48085030541", "land_sqmi": 0.658, "population": 3310, "median_household_income": 149850.0, "poverty_count": 161, "poverty_universe": 3301, "snap_households": 31, "snap_universe": 1401, "pct_low_access_half_mile": 67.17}}, {"type": "Feature", "geometry": {"type": "Point", "coordinates": [-96.72211, 33.1450035]}, "properties": {"tract_geoid": "48085030542", "land_sqmi": 2.126, "population": 8823, "median_household_income": 89919.0, "poverty_count": 479, "poverty_universe": 8823, "snap_households": 51, "snap_universe": 4338, "pct_low_access_half_mile": 62.98}}, {"type": "Feature", "geometry": {"type": "Point", "coordinates": [-96.6986506, 33.1448515]}, "properties": {"tract_geoid": "48085030543", "land_sqmi": 1.294, "population": 4358, "median_household_income": 121146.0, "poverty_count": 482, "poverty_universe": 4329, "snap_households": 78, "snap_universe": 1603, "pct_low_access_half_mile": 0.93}}, {"type": "Feature", "geometry": {"type": "Point", "coordinates": [-96.6684598, 33.1783692]}, "properties": {"tract_geoid": "48085030544", "land_sqmi": 0.999, "population": 5356, "median_household_income": 140140.0, "poverty_count": 127, "poverty_universe": 5356, "snap_households": 23, "snap_universe": 1934, "pct_low_access_half_mile": 86.53}}, {"type": "Feature", "geometry": {"type": "Point", "coordinates": [-96.6769805, 33.1878995]}, "properties": {"tract_geoid": "48085030545", "land_sqmi": 1.011, "population": 2657, "median_household_income": 165192.0, "poverty_count": 35, "poverty_universe": 2657, "snap_households": 0, "snap_universe": 944, "pct_low_access_half_mile": 88.23}}, {"type": "Feature", "geometry": {"type": "Point", "coordinates": [-96.7217991, 33.2102467]}, "properties": {"tract_geoid": "48085030546", "land_sqmi": 1.327, "population": 5669, "median_household_income": 202188.0, "poverty_count": 80, "poverty_universe": 5669, "snap_households": 22, "snap_universe": 1816, "pct_low_access_half_mile": 83.98}}, {"type": "Feature", "geometry": {"type": "Point", "coordinates": [-96.7068656, 33.2112423]}, "properties": {"tract_geoid": "48085030547", "land_sqmi": 0.931, "population": 5645, "median_household_income": 168462.0, "poverty_count": 46, "poverty_universe": 5645, "snap_households": 0, "snap_universe": 2016, "pct_low_access_half_mile": 82.96}}, {"type": "Feature", "geometry": {"type": "Point", "coordinates": [-96.6858571, 33.2082847]}, "properties": {"tract_geoid": "48085030548", "land_sqmi": 2.203, "population": 5858, "median_household_income": 159861.0, "poverty_count": 241, "poverty_universe": 5757, "snap_households": 16, "snap_universe": 1736, "pct_low_access_half_mile": 78.7}}, {"type": "Feature", "geometry": {"type": "Point", "coordinates": [-96.6776303, 33.168712]}, "properties": {"tract_geoid": "48085030549", "land_sqmi": 0.345, "population": 2607, "median_household_income": 123942.0, "poverty_count": 66, "poverty_universe": 2607, "snap_households": 39, "snap_universe": 945, "pct_low_access_half_mile": 67.42}}, {"type": "Feature", "geometry": {"type": "Point", "coordinates": [-96.6676721, 33.1550535]}, "properties": {"tract_geoid": "48085030550", "land_sqmi": 1.24, "population": 4181, "median_household_income": 120086.0, "poverty_count": 189, "poverty_universe": 4181, "snap_households": 61, "snap_universe": 1494, "pct_low_access_half_mile": 75.01}}, {"type": "Feature", "geometry": {"type": "Point", "coordinates": [-96.6431785, 33.2443529]}, "properties": {"tract_geoid": "48085030604", "land_sqmi": 1.808, "population": 4241, "median_household_income": 115613.0, "poverty_count": 134, "poverty_universe": 3296, "snap_households": 61, "snap_universe": 1019, "pct_low_access_half_mile": 100.0}}, {"type": "Feature", "geometry": {"type": "Point", "coordinates": [-96.6628814, 33.2263794]}, "properties": {"tract_geoid": "48085030605", "land_sqmi": 2.49, "population": 6882, "median_household_income": 72268.0, "poverty_count": 345, "poverty_universe": 6793, "snap_households": 23, "snap_universe": 2327, "pct_low_access_half_mile": 78.57}}, {"type": "Feature", "geometry": {"type": "Point", "coordinates": [-96.6525303, 33.1639465]}, "properties": {"tract_geoid": "48085030606", "land_sqmi": 1.258, "population": 5513, "median_household_income": 74028.0, "poverty_count": 225, "poverty_universe": 5513, "snap_households": 64, "snap_universe": 2233, "pct_low_access_half_mile": 81.9}}, {"type": "Feature", "geometry": {"type": "Point", "coordinates": [-96.6533418, 33.1814779]}, "properties": {"tract_geoid": "48085030607", "land_sqmi": 1.937, "population": 5218, "median_household_income": 195342.0, "poverty_count": 36, "poverty_universe": 5218, "snap_households": 0, "snap_universe": 1908, "pct_low_access_half_mile": 92.52}}, {"type": "Feature", "geometry": {"type": "Point", "coordinates": [-96.6468161, 33.1934254]}, "properties": {"tract_geoid": "48085030608", "land_sqmi": 0.726, "population": 2473, "median_household_income": 104479.0, "poverty_count": 82, "poverty_universe": 2460, "snap_households": 19, "snap_universe": 845, "pct_low_access_half_mile": 80.82}}, {"type": "Feature", "geometry": {"type": "Point", "coordinates": [-96.6559806, 33.2066656]}, "properties": {"tract_geoid": "48085030609", "land_sqmi": 2.652, "population": 7415, "median_household_income": 108825.0, "poverty_count": 425, "poverty_universe": 7375, "snap_households": 49, "snap_universe": 2701, "pct_low_access_half_mile": 62.66}}, {"type": "Feature", "geometry": {"type": "Point", "coordinates": [-96.6166393, 33.2263903]}, "properties": {"tract_geoid": "48085030701", "land_sqmi": 2.889, "population": 3357, "median_household_income": 87008.0, "poverty_count": 605, "poverty_universe": 3224, "snap_households": 88, "snap_universe": 1260, "pct_low_access_half_mile": 20.25}}, {"type": "Feature", "geometry": {"type": "Point", "coordinates": [-96.6248926, 33.2036183]}, "properties": {"tract_geoid": "48085030702", "land_sqmi": 1.291, "population": 5445, "median_household_income": 87475.0, "poverty_count": 939, "poverty_universe": 5445, "snap_households": 91, "snap_universe": 1961, "pct_low_access_half_mile": 66.68}}, {"type": "Feature", "geometry": {"type": "Point", "coordinates": [-96.6329136, 33.1753702]}, "properties": {"tract_geoid": "48085030801", "land_sqmi": 1.248, "population": 4132, "median_household_income": 80864.0, "poverty_count": 195, "poverty_universe": 4083, "snap_households": 37, "snap_universe": 1844, "pct_low_access_half_mile": 65.54}}, {"type": "Feature", "geometry": {"type": "Point", "coordinates": [-96.6255761, 33.1882683]}, "properties": {"tract_geoid": "48085030802", "land_sqmi": 1.682, "population": 6248, "median_household_income": 64611.0, "poverty_count": 928, "poverty_universe": 6248, "snap_households": 197, "snap_universe": 2607, "pct_low_access_half_mile": 51.29}}, {"type": "Feature", "geometry": {"type": "Point", "coordinates": [-96.6037314, 33.2150927]}, "properties": {"tract_geoid": "48085030901", "land_sqmi": 2.83, "population": 2627, "median_household_income": 57466.0, "poverty_count": 364, "poverty_universe": 2452, "snap_households": 23, "snap_universe": 643, "pct_low_access_half_mile": 71.86}}, {"type": "Feature", "geometry": {"type": "Point", "coordinates": [-96.5897141, 33.175218]}, "properties": {"tract_geoid": "48085030902", "land_sqmi": 2.071, "population": 0, "median_household_income": null, "poverty_count": 0, "poverty_universe": 0, "snap_households": 0, "snap_universe": 0, "pct_low_access_half_mile": 100.0}}, {"type": "Feature", "geometry": {"type": "Point", "coordinates": [-96.6082418, 33.1652822]}, "properties": {"tract_geoid": "48085030903", "land_sqmi": 5.172, "population": 7147, "median_household_income": 49227.0, "poverty_count": 1684, "poverty_universe": 6999, "snap_households": 246, "snap_universe": 2754, "pct_low_access_half_mile": 68.98}}, {"type": "Feature", "geometry": {"type": "Point", "coordinates": [-96.5312381, 33.2043208]}, "properties": {"tract_geoid": "48085031003", "land_sqmi": 10.839, "population": 12495, "median_household_income": 100905.0, "poverty_count": 485, "poverty_universe": 12495, "snap_households": 125, "snap_universe": 4233, "pct_low_access_half_mile": 70.51}}, {"type": "Feature", "geometry": {"type": "Point", "coordinates": [-96.4823296, 33.2072084]}, "properties": {"tract_geoid": "48085031005", "land_sqmi": 9.109, "population": 3403, "median_household_income": 70493.0, "poverty_count": 354, "poverty_universe": 3403, "snap_households": 13, "snap_universe": 1207, "pct_low_access_half_mile": 58.03}}, {"type": "Feature", "geometry": {"type": "Point", "coordinates": [-96.4726436, 33.1364911]}, "properties": {"tract_geoid": "48085031006", "land_sqmi": 8.697, "population": 4016, "median_household_income": 60286.0, "poverty_count": 230, "poverty_universe": 4016, "snap_households": 29, "snap_universe": 1509, "pct_low_access_half_mile": 81.27}}, {"type": "Feature", "geometry": {"type": "Point", "coordinates": [-96.5386462, 33.1582612]}, "properties": {"tract_geoid": "48085031007", "land_sqmi": 13.342, "population": 8637, "median_household_income": 98504.0, "poverty_count": 567, "poverty_universe": 8623, "snap_households": 141, "snap_universe": 2641, "pct_low_access_half_mile": 94.09}}, {"type": "Feature", "geometry": {"type": "Point", "coordinates": [-96.5015803, 33.0823489]}, "properties": {"tract_geoid": "48085031008", "land_sqmi": 8.78, "population": 3028, "median_household_income": 77667.0, "poverty_count": 300, "poverty_universe": 3005, "snap_households": 70, "snap_universe": 964, "pct_low_access_half_mile": 91.73}}, {"type": "Feature", "geometry": {"type": "Point", "coordinates": [-96.3848382, 33.1855456]}, "properties": {"tract_geoid": "48085031101", "land_sqmi": 29.297, "population": 5639, "median_household_income": 79307.0, "poverty_count": 541, "poverty_universe": 5517, "snap_households": 394, "snap_universe": 2030, "pct_low_access_half_mile": 70.14}}, {"type": "Feature", "geometry": {"type": "Point", "coordinates": [-96.3850512, 33.1096084]}, "properties": {"tract_geoid": "48085031102", "land_sqmi": 47.763, "population": 7016, "median_household_income": 97024.0, "poverty_count": 563, "poverty_universe": 6947, "snap_households": 433, "snap_universe": 2132, "pct_low_access_half_mile": 96.7}}, {"type": "Feature", "geometry": {"type": "Point", "coordinates": [-96.3785971, 33.0458186]}, "properties": {"tract_geoid": "48085031201", "land_sqmi": 31.922, "population": 10508, "median_household_income": 118135.0, "poverty_count": 369, "poverty_universe": 10498, "snap_households": 251, "snap_universe": 3415, "pct_low_access_half_mile": 71.2}}, {"type": "Feature", "geometry": {"type": "Point", "coordinates": [-96.399588, 33.001936]}, "properties": {"tract_geoid": "48085031202", "land_sqmi": 26.826, "population": 9053, "median_household_income": 118417.0, "poverty_count": 575, "poverty_universe": 9037, "snap_households": 125, "snap_universe": 3009, "pct_low_access_half_mile": 86.71}}, {"type": "Feature", "geometry": {"type": "Point", "coordinates": [-96.5200521, 33.0358166]}, "properties": {"tract_geoid": "48085031308", "land_sqmi": 6.513, "population": 7166, "median_household_income": 100568.0, "poverty_count": 743, "poverty_universe": 7119, "snap_households": 49, "snap_universe": 1925, "pct_low_access_half_mile": 99.57}}, {"type": "Feature", "geometry": {"type": "Point", "coordinates": [-96.5534843, 33.0656688]}, "properties": {"tract_geoid": "48085031314", "land_sqmi": 5.975, "population": 6299, "median_household_income": 156890.0, "poverty_count": 123, "poverty_universe": 6299, "snap_households": 21, "snap_universe": 1900, "pct_low_access_half_mile": 96.62}}, {"type": "Feature", "geometry": {"type": "Point", "coordinates": [-96.5556162, 33.0202512]}, "properties": {"tract_geoid": "48085031318", "land_sqmi": 1.263, "population": 5199, "median_household_income": 101648.0, "poverty_count": 451, "poverty_universe": 5184, "snap_households": 65, "snap_universe": 1627, "pct_low_access_half_mile": 100.0}}, {"type": "Feature", "geometry": {"type": "Point", "coordinates": [-96.5595631, 33.0097934]}, "properties": {"tract_geoid": "48085031319", "land_sqmi": 2.263, "population": 5748, "median_household_income": 72922.0, "poverty_count": 241, "poverty_universe": 5748, "snap_households": 103, "snap_universe": 1989, "pct_low_access_half_mile": 71.91}}, {"type": "Feature", "geometry": {"type": "Point", "coordinates": [-96.5235916, 33.0131272]}, "properties": {"tract_geoid": "48085031320", "land_sqmi": 1.735, "population": 6494, "median_household_income": 103344.0, "poverty_count": 77, "poverty_universe": 6494, "snap_households": 135, "snap_universe": 2292, "pct_low_access_half_mile": 67.85}}, {"type": "Feature", "geometry": {"type": "Point", "coordinates": [-96.4996863, 33.0007278]}, "properties": {"tract_geoid": "48085031321", "land_sqmi": 4.479, "population": 6732, "median_household_income": 160235.0, "poverty_count": 71, "poverty_universe": 6732, "snap_households": 9, "snap_universe": 1989, "pct_low_access_half_mile": 98.97}}, {"type": "Feature", "geometry": {"type": "Point", "coordinates": [-96.5558361, 32.9923789]}, "properties": {"tract_geoid": "48085031322", "land_sqmi": 2.139, "population": 8192, "median_household_income": 116667.0, "poverty_count": 693, "poverty_universe": 8160, "snap_households": 48, "snap_universe": 2916, "pct_low_access_half_mile": 75.31}}, {"type": "Feature", "geometry": {"type": "Point", "coordinates": [-96.530378, 32.995359]}, "properties": {"tract_geoid": "48085031323", "land_sqmi": 1.942, "population": 6294, "median_household_income": 144914.0, "poverty_count": 304, "poverty_universe": 6294, "snap_households": 106, "snap_universe": 1780, "pct_low_access_half_mile": 100.0}}, {"type": "Feature", "geometry": {"type": "Point", "coordinates": [-96.6524746, 33.0406683]}, "properties": {"tract_geoid": "48085031324", "land_sqmi": 2.286, "population": 4563, "median_household_income": 147684.0, "poverty_count": 246, "poverty_universe": 4563, "snap_households": 17, "snap_universe": 1605, "pct_low_access_half_mile": 76.77}}, {"type": "Feature", "geometry": {"type": "Point", "coordinates": [-96.6443761, 33.0234739]}, "properties": {"tract_geoid": "48085031325", "land_sqmi": 1.301, "population": 1650, "median_household_income": 96607.0, "poverty_count": 29, "poverty_universe": 1650, "snap_households": 2, "snap_universe": 675, "pct_low_access_half_mile": 51.33}}, {"type": "Feature", "geometry": {"type": "Point", "coordinates": [-96.6107262, 33.0600888]}, "properties": {"tract_geoid": "48085031326", "land_sqmi": 7.015, "population": 6889, "median_household_income": 221741.0, "poverty_count": 69, "poverty_universe": 6889, "snap_households": 31, "snap_universe": 1894, "pct_low_access_half_mile": 92.34}}, {"type": "Feature", "geometry": {"type": "Point", "coordinates": [-96.6286553, 33.0288803]}, "properties": {"tract_geoid": "48085031327", "land_sqmi": 1.703, "population": 4056, "median_household_income": 167894.0, "poverty_count": 45, "poverty_universe": 4026, "snap_households": 0, "snap_universe": 1083, "pct_low_access_half_mile": 95.95}}, {"type": "Feature", "geometry": {"type": "Point", "coordinates": [-96.6180126, 33.0262356]}, "properties": {"tract_geoid": "48085031328", "land_sqmi": 0.655, "population": 3545, "median_household_income": 159476.0, "poverty_count": 263, "poverty_universe": 3545, "snap_households": 0, "snap_universe": 1078, "pct_low_access_half_mile": 90.13}}, {"type": "Feature", "geometry": {"type": "Point", "coordinates": [-96.6016822, 33.0274142]}, "properties": {"tract_geoid": "48085031329", "land_sqmi": 1.726, "population": 7669, "median_household_income": 163125.0, "poverty_count": 0, "poverty_universe": 7669, "snap_households": 98, "snap_universe": 1943, "pct_low_access_half_mile": 81.54}}, {"type": "Feature", "geometry": {"type": "Point", "coordinates": [-96.5822188, 33.0437098]}, "properties": {"tract_geoid": "48085031330", "land_sqmi": 2.341, "population": 5957, "median_household_income": 147538.0, "poverty_count": 238, "poverty_universe": 5842, "snap_households": 283, "snap_universe": 1853, "pct_low_access_half_mile": 82.68}}, {"type": "Feature", "geometry": {"type": "Point", "coordinates": [-96.5911495, 33.0245645]}, "properties": {"tract_geoid": "48085031331", "land_sqmi": 0.597, "population": 4776, "median_household_income": 114119.0, "poverty_count": 178, "poverty_universe": 4776, "snap_households": 0, "snap_universe": 1499, "pct_low_access_half_mile": 62.06}}, {"type": "Feature", "geometry": {"type": "Point", "coordinates": [-96.5738753, 33.0237796]}, "properties": {"tract_geoid": "48085031332", "land_sqmi": 1.382, "population": 4677, "median_household_income": 104375.0, "poverty_count": 41, "poverty_universe": 4677, "snap_households": 95, "snap_universe": 1366, "pct_low_access_half_mile": 86.99}}, {"type": "Feature", "geometry": {"type": "Point", "coordinates": [-96.6227226, 33.0067865]}, "properties": {"tract_geoid": "48085031333", "land_sqmi": 0.868, "population": 4385, "median_household_income": 127600.0, "poverty_count": 348, "poverty_universe": 4358, "snap_households": 27, "snap_universe": 1268, "pct_low_access_half_mile": 52.35}}, {"type": "Feature", "geometry": {"type": "Point", "coordinates": [-96.6222653, 32.9932673]}, "properties": {"tract_geoid": "48085031334", "land_sqmi": 1.096, "population": 3582, "median_household_income": 125446.0, "poverty_count": 100, "poverty_universe": 3582, "snap_households": 26, "snap_universe": 1076, "pct_low_access_half_mile": 74.83}}, {"type": "Feature", "geometry": {"type": "Point", "coordinates": [-96.6048824, 32.9969523]}, "properties": {"tract_geoid": "48085031335", "land_sqmi": 1.767, "population": 5568, "median_household_income": 153054.0, "poverty_count": 321, "poverty_universe": 5554, "snap_households": 34, "snap_universe": 1775, "pct_low_access_half_mile": 70.71}}, {"type": "Feature", "geometry": {"type": "Point", "coordinates": [-96.586412, 32.9991835]}, "properties": {"tract_geoid": "48085031336", "land_sqmi": 2.428, "population": 6273, "median_household_income": 166020.0, "poverty_count": 284, "poverty_universe": 6273, "snap_households": 33, "snap_universe": 2173, "pct_low_access_half_mile": 76.63}}, {"type": "Feature", "geometry": {"type": "Point", "coordinates": [-96.6086003, 33.0898539]}, "properties": {"tract_geoid": "48085031408", "land_sqmi": 2.138, "population": 3742, "median_household_income": 173785.0, "poverty_count": 213, "poverty_universe": 3742, "snap_households": 24, "snap_universe": 1075, "pct_low_access_half_mile": 62.58}}, {"type": "Feature", "geometry": {"type": "Point", "coordinates": [-96.6360199, 33.0681947]}, "properties": {"tract_geoid": "48085031411", "land_sqmi": 3.975, "population": 6669, "median_household_income": 169643.0, "poverty_count": 543, "poverty_universe": 6597, "snap_households": 42, "snap_universe": 1868, "pct_low_access_half_mile": 83.87}}, {"type": "Feature", "geometry": {"type": "Point", "coordinates": [-96.626689, 33.1425132]}, "properties": {"tract_geoid": "48085031412", "land_sqmi": 4.682, "population": 7200, "median_household_income": 102392.0, "poverty_count": 1412, "poverty_universe": 7200, "snap_households": 68, "snap_universe": 2752, "pct_low_access_half_mile": 88.09}}, {"type": "Feature", "geometry": {"type": "Point", "coordinates": [-96.6391954, 33.1212322]}, "properties": {"tract_geoid": "48085031413", "land_sqmi": 1.184, "population": 8132, "median_household_income": 140714.0, "poverty_count": 144, "poverty_universe": 8132, "snap_households": 66, "snap_universe": 2002, "pct_low_access_half_mile": 58.12}}, {"type": "Feature", "geometry": {"type": "Point", "coordinates": [-96.627552, 33.1211936]}, "properties": {"tract_geoid": "48085031414", "land_sqmi": 1.763, "population": 7677, "median_household_income": 158750.0, "poverty_count": 188, "poverty_universe": 7677, "snap_households": 4, "snap_universe": 2070, "pct_low_access_half_mile": 79.13}}, {"type": "Feature", "geometry": {"type": "Point", "coordinates": [-96.7014858, 33.1084078]}, "properties": {"tract_geoid": "48085031415", "land_sqmi": 1.003, "population": 6757, "median_household_income": 180918.0, "poverty_count": 7, "poverty_universe": 6745, "snap_households": 0, "snap_universe": 2196, "pct_low_access_half_mile": 70.6}}, {"type": "Feature", "geometry": {"type": "Point", "coordinates": [-96.7172915, 33.1176768]}, "properties": {"tract_geoid": "48085031416", "land_sqmi": 2.899, "population": 10446, "median_household_income": 201208.0, "poverty_count": 297, "poverty_universe": 10446, "snap_households": 56, "snap_universe": 3359, "pct_low_access_half_mile": 86.26}}, {"type": "Feature", "geometry": {"type": "Point", "coordinates": [-96.6913512, 33.1261643]}, "properties": {"tract_geoid": "48085031417", "land_sqmi": 1.794, "population": 5165, "median_household_income": 178421.0, "poverty_count": 232, "poverty_universe": 5165, "snap_households": 0, "snap_universe": 1936, "pct_low_access_half_mile": 96.07}}, {"type": "Feature", "geometry": {"type": "Point", "coordinates": [-96.668273, 33.1374526]}, "properties": {"tract_geoid": "48085031418", "land_sqmi": 3.471, "population": 6207, "median_household_income": 226702.0, "poverty_count": 246, "poverty_universe": 6193, "snap_households": 17, "snap_universe": 2052, "pct_low_access_half_mile": 97.0}}, {"type": "Feature", "geometry": {"type": "Point", "coordinates": [-96.5883365, 33.1092426]}, "properties": {"tract_geoid": "48085031419", "land_sqmi": 6.85, "population": 5194, "median_household_income": 162451.0, "poverty_count": 15, "poverty_universe": 5193, "snap_households": 0, "snap_universe": 1730, "pct_low_access_half_mile": 100.0}}, {"type": "Feature", "geometry": {"type": "Point", "coordinates": [-96.5507472, 33.1379218]}, "properties": {"tract_geoid": "48085031420", "land_sqmi": 12.668, "population": 3149, "median_household_income": 107118.0, "poverty_count": 435, "poverty_universe": 3149, "snap_households": 0, "snap_universe": 1603, "pct_low_access_half_mile": 99.94}}, {"type": "Feature", "geometry": {"type": "Point", "coordinates": [-96.6648975, 33.0598896]}, "properties": {"tract_geoid": "48085031421", "land_sqmi": 1.912, "population": 3848, "median_household_income": 149191.0, "poverty_count": 45, "poverty_universe": 3835, "snap_households": 14, "snap_universe": 1229, "pct_low_access_half_mile": 100.0}}, {"type": "Feature", "geometry": {"type": "Point", "coordinates": [-96.6622829, 33.078579]}, "properties": {"tract_geoid": "48085031422", "land_sqmi": 0.654, "population": 4359, "median_household_income": 88604.0, "poverty_count": 562, "poverty_universe": 4345, "snap_households": 0, "snap_universe": 1553, "pct_low_access_half_mile": 99.65}}, {"type": "Feature", "geometry": {"type": "Point", "coordinates": [-96.651158, 33.0797543]}, "properties": {"tract_geoid": "48085031423", "land_sqmi": 0.473, "population": 3658, "median_household_income": 108403.0, "poverty_count": 14, "poverty_universe": 3583, "snap_households": 19, "snap_universe": 1121, "pct_low_access_half_mile": 84.41}}, {"type": "Feature", "geometry": {"type": "Point", "coordinates": [-96.6556887, 33.0896859]}, "properties": {"tract_geoid": "48085031424", "land_sqmi": 0.579, "population": 2705, "median_household_income": 126731.0, "poverty_count": 4, "poverty_universe": 2609, "snap_households": 0, "snap_universe": 936, "pct_low_access_half_mile": 89.98}}, {"type": "Feature", "geometry": {"type": "Point", "coordinates": [-96.6379244, 33.0929745]}, "properties": {"tract_geoid": "48085031425", "land_sqmi": 0.985, "population": 5492, "median_household_income": 112012.0, "poverty_count": 247, "poverty_universe": 5492, "snap_households": 0, "snap_universe": 1929, "pct_low_access_half_mile": 69.36}}, {"type": "Feature", "geometry": {"type": "Point", "coordinates": [-96.6391428, 33.1075554]}, "properties": {"tract_geoid": "48085031504", "land_sqmi": 1.216, "population": 6421, "median_household_income": 101546.0, "poverty_count": 174, "poverty_universe": 6421, "snap_households": 95, "snap_universe": 2279, "pct_low_access_half_mile": 66.12}}, {"type": "Feature", "geometry": {"type": "Point", "coordinates": [-96.6866494, 33.1105383]}, "properties": {"tract_geoid": "48085031507", "land_sqmi": 1.39, "population": 7514, "median_household_income": 86964.0, "poverty_count": 537, "poverty_universe": 7440, "snap_households": 94, "snap_universe": 3242, "pct_low_access_half_mile": 66.4}}, {"type": "Feature", "geometry": {"type": "Point", "coordinates": [-96.6613536, 33.1146264]}, "properties": {"tract_geoid": "48085031508", "land_sqmi": 2.47, "population": 5619, "median_household_income": 107857.0, "poverty_count": 356, "poverty_universe": 5619, "snap_households": 54, "snap_universe": 2190, "pct_low_access_half_mile": 32.54}}, {"type": "Feature", "geometry": {"type": "Point", "coordinates": [-96.7197264, 33.0950419]}, "properties": {"tract_geoid": "48085031509", "land_sqmi": 1.326, "population": 4059, "median_household_income": 122396.0, "poverty_count": 114, "poverty_universe": 4059, "snap_households": 62, "snap_universe": 1411, "pct_low_access_half_mile": 76.63}}, {"type": "Feature", "geometry": {"type": "Point", "coordinates": [-96.694594, 33.0918645]}, "properties": {"tract_geoid": "48085031510", "land_sqmi": 2.19, "population": 7371, "median_household_income": 143090.0, "poverty_count": 110, "poverty_universe": 7371, "snap_households": 10, "snap_universe": 2767, "pct_low_access_half_mile": 47.15}}, {"type": "Feature", "geometry": {"type": "Point", "coordinates": [-96.6751835, 33.0862799]}, "properties": {"tract_geoid": "48085031511", "land_sqmi": 1.943, "population": 5108, "median_household_income": 69813.0, "poverty_count": 441, "poverty_universe": 4954, "snap_households": 69, "snap_universe": 1859, "pct_low_access_half_mile": 62.38}}, {"type": "Feature", "geometry": {"type": "Point", "coordinates": [-96.6525256, 33.0967957]}, "properties": {"tract_geoid": "48085031512", "land_sqmi": 0.37, "population": 3518, "median_household_income": 56944.0, "poverty_count": 758, "poverty_universe": 3518, "snap_households": 174, "snap_universe": 1292, "pct_low_access_half_mile": 26.86}}, {"type": "Feature", "geometry": {"type": "Point", "coordinates": [-96.7050244, 33.0487307]}, "properties": {"tract_geoid": "48085031611", "land_sqmi": 0.961, "population": 3528, "median_household_income": 95523.0, "poverty_count": 208, "poverty_universe": 3465, "snap_households": 110, "snap_universe": 1256, "pct_low_access_half_mile": 47.59}}, {"type": "Feature", "geometry": {"type": "Point", "coordinates": [-96.7426892, 33.0491378]}, "properties": {"tract_geoid": "48085031613", "land_sqmi": 1.256, "population": 5746, "median_household_income": 158493.0, "poverty_count": 190, "poverty_universe": 5726, "snap_households": 8, "snap_universe": 1985, "pct_low_access_half_mile": 73.88}}, {"type": "Feature", "geometry": {"type": "Point", "coordinates": [-96.7813709, 33.0186833]}, "properties": {"tract_geoid": "48085031621", "land_sqmi": 1.771, "population": 6204, "median_household_income": 75353.0, "poverty_count": 831, "poverty_universe": 6065, "snap_households": 0, "snap_universe": 2645, "pct_low_access_half_mile": 32.54}}, {"type": "Feature", "geometry": {"type": "Point", "coordinates": [-96.7205137, 33.0339906]}, "properties": {"tract_geoid": "48085031622", "land_sqmi": 1.495, "population": 6688, "median_household_income": 109135.0, "poverty_count": 259, "poverty_universe": 6585, "snap_households": 71, "snap_universe": 2269, "pct_low_access_half_mile": 42.55}}, {"type": "Feature", "geometry": {"type": "Point", "coordinates": [-96.7211005, 33.0231135]}, "properties": {"tract_geoid": "48085031623", "land_sqmi": 0.716, "population": 2544, "median_household_income": 79521.0, "poverty_count": 244, "poverty_universe": 2544, "snap_households": 143, "snap_universe": 1175, "pct_low_access_half_mile": 35.62}}, {"type": "Feature", "geometry": {"type": "Point", "coordinates": [-96.7600085, 33.0229915]}, "properties": {"tract_geoid": "48085031624", "land_sqmi": 0.533, "population": 2690, "median_household_income": 62560.0, "poverty_count": 410, "poverty_universe": 2591, "snap_households": 154, "snap_universe": 1285, "pct_low_access_half_mile": 71.74}}, {"type": "Feature", "geometry": {"type": "Point", "coordinates": [-96.7617154, 33.033894]}, "properties": {"tract_geoid": "48085031625", "land_sqmi": 0.944, "population": 4693, "median_household_income": 138285.0, "poverty_count": 248, "poverty_universe": 4693, "snap_households": 50, "snap_universe": 1755, "pct_low_access_half_mile": 69.58}}, {"type": "Feature", "geometry": {"type": "Point", "coordinates": [-96.7423294, 33.0230938]}, "properties": {"tract_geoid": "48085031626", "land_sqmi": 0.503, "population": 2390, "median_household_income": 119173.0, "poverty_count": 126, "poverty_universe": 2385, "snap_households": 29, "snap_universe": 889, "pct_low_access_half_mile": 34.07}}, {"type": "Feature", "geometry": {"type": "Point", "coordinates": [-96.7422925, 33.034976]}, "properties": {"tract_geoid": "48085031627", "land_sqmi": 1.153, "population": 5214, "median_household_income": 92500.0, "poverty_count": 40, "poverty_universe": 5186, "snap_households": 36, "snap_universe": 1864, "pct_low_access_half_mile": 51.79}}, {"type": "Feature", "geometry": {"type": "Point", "coordinates": [-96.7220099, 33.0528626]}, "properties": {"tract_geoid": "48085031628", "land_sqmi": 0.735, "population": 4014, "median_household_income": 119722.0, "poverty_count": 260, "poverty_universe": 3963, "snap_households": 67, "snap_universe": 1478, "pct_low_access_half_mile": 63.22}}, {"type": "Feature", "geometry": {"type": "Point", "coordinates": [-96.7235058, 33.04726]}, "properties": {"tract_geoid": "48085031629", "land_sqmi": 0.607, "population": 3528, "median_household_income": 100560.0, "poverty_count": 196, "poverty_universe": 3505, "snap_households": 6, "snap_universe": 1208, "pct_low_access_half_mile": 45.2}}, {"type": "Feature", "geometry": {"type": "Point", "coordinates": [-96.7300442, 33.079246]}, "properties": {"tract_geoid": "48085031630", "land_sqmi": 0.751, "population": 4315, "median_household_income": 119656.0, "poverty_count": 251, "poverty_universe": 4311, "snap_households": 18, "snap_universe": 1522, "pct_low_access_half_mile": 92.68}}, {"type": "Feature", "geometry": {"type": "Point", "coordinates": [-96.7173912, 33.0775459]}, "properties": {"tract_geoid": "48085031631", "land_sqmi": 0.731, "population": 5368, "median_household_income": 88721.0, "poverty_count": 558, "poverty_universe": 5368, "snap_households": 237, "snap_universe": 1990, "pct_low_access_half_mile": 45.25}}, {"type": "Feature", "geometry": {"type": "Point", "coordinates": [-96.701825, 33.0763447]}, "properties": {"tract_geoid": "48085031632", "land_sqmi": 1.411, "population": 5606, "median_household_income": 76438.0, "poverty_count": 599, "poverty_universe": 5606, "snap_households": 238, "snap_universe": 2412, "pct_low_access_half_mile": 51.52}}, {"type": "Feature", "geometry": {"type": "Point", "coordinates": [-96.7257686, 33.0680837]}, "properties": {"tract_geoid": "48085031633", "land_sqmi": 0.595, "population": 3426, "median_household_income": 114286.0, "poverty_count": 90, "poverty_universe": 3426, "snap_households": 23, "snap_universe": 1376, "pct_low_access_half_mile": 97.94}}, {"type": "Feature", "geometry": {"type": "Point", "coordinates": [-96.7250802, 33.0610375]}, "properties": {"tract_geoid": "48085031634", "land_sqmi": 0.532, "population": 2892, "median_household_income": 94871.0, "poverty_count": 138, "poverty_universe": 2886, "snap_households": 69, "snap_universe": 1126, "pct_low_access_half_mile": 55.1}}, {"type": "Feature", "geometry": {"type": "Point", "coordinates": [-96.7047381, 33.0629773]}, "properties": {"tract_geoid": "48085031635", "land_sqmi": 1.164, "population": 4924, "median_household_income": 86186.0, "poverty_count": 820, "poverty_universe": 4924, "snap_households": 158, "snap_universe": 2032, "pct_low_access_half_mile": 23.59}}, {"type": "Feature", "geometry": {"type": "Point", "coordinates": [-96.7606924, 33.0641662]}, "properties": {"tract_geoid": "48085031636", "land_sqmi": 1.219, "population": 6750, "median_household_income": 117606.0, "poverty_count": 182, "poverty_universe": 6689, "snap_households": 11, "snap_universe": 2979, "pct_low_access_half_mile": 58.15}}, {"type": "Feature", "geometry": {"type": "Point", "coordinates": [-96.7593391, 33.1082603]}, "properties": {"tract_geoid": "48085031639", "land_sqmi": 1.092, "population": 7486, "median_household_income": 163333.0, "poverty_count": 306, "poverty_universe": 7486, "snap_households": 34, "snap_universe": 2422, "pct_low_access_half_mile": 50.39}}, {"type": "Feature", "geometry": {"type": "Point", "coordinates": [-96.7417841, 33.0936873]}, "properties": {"tract_geoid": "48085031641", "land_sqmi": 0.906, "population": 6429, "median_household_income": 144557.0, "poverty_count": 70, "poverty_universe": 6429, "snap_households": 18, "snap_universe": 2121, "pct_low_access_half_mile": 42.47}}, {"type": "Feature", "geometry": {"type": "Point", "coordinates": [-96.7434363, 33.0787597]}, "properties": {"tract_geoid": "48085031642", "land_sqmi": 0.785, "population": 4793, "median_household_income": 162143.0, "poverty_count": 334, "poverty_universe": 4787, "snap_households": 45, "snap_universe": 1674, "pct_low_access_half_mile": 55.43}}, {"type": "Feature", "geometry": {"type": "Point", "coordinates": [-96.7430308, 33.0642668]}, "properties": {"tract_geoid": "48085031643", "land_sqmi": 0.832, "population": 4423, "median_household_income": 102766.0, "poverty_count": 308, "poverty_universe": 4423, "snap_households": 84, "snap_universe": 1806, "pct_low_access_half_mile": 60.27}}, {"type": "Feature", "geometry": {"type": "Point", "coordinates": [-96.8364263, 33.05069]}, "properties": {"tract_geoid": "48085031645", "land_sqmi": 0.576, "population": 1778, "median_household_income": 220489.0, "poverty_count": 39, "poverty_universe": 1778, "snap_households": 0, "snap_universe": 597, "pct_low_access_half_mile": 45.46}}, {"type": "Feature", "geometry": {"type": "Point", "coordinates": [-96.8134817, 33.0531091]}, "properties": {"tract_geoid": "48085031646", "land_sqmi": 2.411, "population": 5358, "median_household_income": 126630.0, "poverty_count": 119, "poverty_universe": 5358, "snap_households": 14, "snap_universe": 2152, "pct_low_access_half_mile": 62.93}}, {"type": "Feature", "geometry": {"type": "Point", "coordinates": [-96.8367527, 33.0359512]}, "properties": {"tract_geoid": "48085031647", "land_sqmi": 0.955, "population": 3091, "median_household_income": 118065.0, "poverty_count": 56, "poverty_universe": 3046, "snap_households": 0, "snap_universe": 1386, "pct_low_access_half_mile": 85.24}}, {"type": "Feature", "geometry": {"type": "Point", "coordinates": [-96.8180137, 33.0207666]}, "properties": {"tract_geoid": "48085031649", "land_sqmi": 2.567, "population": 5231, "median_household_income": 126020.0, "poverty_count": 211, "poverty_universe": 5231, "snap_households": 0, "snap_universe": 2451, "pct_low_access_half_mile": 71.06}}, {"type": "Feature", "geometry": {"type": "Point", "coordinates": [-96.7817537, 33.0382754]}, "properties": {"tract_geoid": "48085031654", "land_sqmi": 0.7, "population": 4520, "median_household_income": 170323.0, "poverty_count": 131, "poverty_universe": 4520, "snap_households": 0, "snap_universe": 1416, "pct_low_access_half_mile": 96.42}}, {"type": "Feature", "geometry": {"type": "Point", "coordinates": [-96.7828722, 33.0308988]}, "properties": {"tract_geoid": "48085031655", "land_sqmi": 0.781, "population": 4216, "median_household_income": 74660.0, "poverty_count": 269, "poverty_universe": 4201, "snap_households": 0, "snap_universe": 2037, "pct_low_access_half_mile": 48.17}}, {"type": "Feature", "geometry": {"type": "Point", "coordinates": [-96.8062888, 33.0843661]}, "properties": {"tract_geoid": "48085031657", "land_sqmi": 1.551, "population": 3524, "median_household_income": 86176.0, "poverty_count": 338, "poverty_universe": 3464, "snap_households": 0, "snap_universe": 1656, "pct_low_access_half_mile": 100.0}}, {"type": "Feature", "geometry": {"type": "Point", "coordinates": [-96.7969235, 33.0808991]}, "properties": {"tract_geoid": "48085031659", "land_sqmi": 0.387, "population": 2570, "median_household_income": 95313.0, "poverty_count": 79, "poverty_universe": 2570, "snap_households": 0, "snap_universe": 1114, "pct_low_access_half_mile": 75.72}}, {"type": "Feature", "geometry": {"type": "Point", "coordinates": [-96.7955932, 33.0902372]}, "properties": {"tract_geoid": "48085031660", "land_sqmi": 0.535, "population": 5033, "median_household_income": 119049.0, "poverty_count": 500, "poverty_universe": 5033, "snap_households": 95, "snap_universe": 1907, "pct_low_access_half_mile": 9.62}}, {"type": "Feature", "geometry": {"type": "Point", "coordinates": [-96.7849134, 33.101428]}, "properties": {"tract_geoid": "48085031661", "land_sqmi": 1.165, "population": 3765, "median_household_income": 164966.0, "poverty_count": 134, "poverty_universe": 3765, "snap_households": 15, "snap_universe": 1233, "pct_low_access_half_mile": 55.78}}, {"type": "Feature", "geometry": {"type": "Point", "coordinates": [-96.7791585, 33.0921671]}, "properties": {"tract_geoid": "48085031662", "land_sqmi": 0.816, "population": 4054, "median_household_income": 160058.0, "poverty_count": 175, "poverty_universe": 4054, "snap_households": 107, "snap_universe": 1426, "pct_low_access_half_mile": 85.91}}, {"type": "Feature", "geometry": {"type": "Point", "coordinates": [-96.7829361, 33.0824251]}, "properties": {"tract_geoid": "48085031663", "land_sqmi": 0.571, "population": 3716, "median_household_income": 143047.0, "poverty_count": 211, "poverty_universe": 3716, "snap_households": 19, "snap_universe": 1283, "pct_low_access_half_mile": 72.02}}, {"type": "Feature", "geometry": {"type": "Point", "coordinates": [-96.781597, 33.0750742]}, "properties": {"tract_geoid": "48085031664", "land_sqmi": 0.674, "population": 3658, "median_household_income": 189141.0, "poverty_count": 282, "poverty_universe": 3640, "snap_households": 7, "snap_universe": 1258, "pct_low_access_half_mile": 82.89}}, {"type": "Feature", "geometry": {"type": "Point", "coordinates": [-96.7415829, 33.1178315]}, "properties": {"tract_geoid": "48085031665", "land_sqmi": 0.657, "population": 3104, "median_household_income": 103750.0, "poverty_count": 204, "poverty_universe": 3104, "snap_households": 17, "snap_universe": 1405, "pct_low_access_half_mile": 60.22}}, {"type": "Feature", "geometry": {"type": "Point", "coordinates": [-96.7415186, 33.107081]}, "properties": {"tract_geoid": "48085031666", "land_sqmi": 0.859, "population": 5616, "median_household_income": 105538.0, "poverty_count": 567, "poverty_universe": 5616, "snap_households": 126, "snap_universe": 2022, "pct_low_access_half_mile": 63.5}}, {"type": "Feature", "geometry": {"type": "Point", "coordinates": [-96.8067421, 33.0383884]}, "properties": {"tract_geoid": "48085031667", "land_sqmi": 1.05, "population": 3025, "median_household_income": 78631.0, "poverty_count": 287, "poverty_universe": 3025, "snap_households": 0, "snap_universe": 1247, "pct_low_access_half_mile": 83.38}}, {"type": "Feature", "geometry": {"type": "Point", "coordinates": [-96.8231319, 33.0367615]}, "properties": {"tract_geoid": "48085031668", "land_sqmi": 1.076, "population": 4143, "median_household_income": 250001.0, "poverty_count": 89, "poverty_universe": 4143, "snap_households": 38, "snap_universe": 1637, "pct_low_access_half_mile": 81.36}}, {"type": "Feature", "geometry": {"type": "Point", "coordinates": [-96.838555, 33.0628123]}, "properties": {"tract_geoid": "48085031669", "land_sqmi": 0.603, "population": 2257, "median_household_income": 128008.0, "poverty_count": 65, "poverty_universe": 2257, "snap_households": 16, "snap_universe": 965, "pct_low_access_half_mile": 64.63}}, {"type": "Feature", "geometry": {"type": "Point", "coordinates": [-96.8327151, 33.0757853]}, "properties": {"tract_geoid": "48085031670", "land_sqmi": 1.544, "population": 1557, "median_household_income": 112070.0, "poverty_count": 57, "poverty_universe": 1549, "snap_households": 0, "snap_universe": 1012, "pct_low_access_half_mile": 9.45}}, {"type": "Feature", "geometry": {"type": "Point", "coordinates": [-96.8216007, 33.0717678]}, "properties": {"tract_geoid": "48085031671", "land_sqmi": 0.285, "population": 2931, "median_household_income": 88750.0, "poverty_count": 233, "poverty_universe": 2931, "snap_households": 134, "snap_universe": 1807, "pct_low_access_half_mile": 100.0}}, {"type": "Feature", "geometry": {"type": "Point", "coordinates": [-96.807326, 33.0638038]}, "properties": {"tract_geoid": "48085031672", "land_sqmi": 1.369, "population": 2182, "median_household_income": 94441.0, "poverty_count": 99, "poverty_universe": 2182, "snap_households": 32, "snap_universe": 1267, "pct_low_access_half_mile": 80.47}}, {"type": "Feature", "geometry": {"type": "Point", "coordinates": [-96.7936306, 33.0629491]}, "properties": {"tract_geoid": "48085031673", "land_sqmi": 0.266, "population": 2751, "median_household_income": 123163.0, "poverty_count": 70, "poverty_universe": 2724, "snap_households": 62, "snap_universe": 1280, "pct_low_access_half_mile": 48.85}}, {"type": "Feature", "geometry": {"type": "Point", "coordinates": [-96.7811639, 33.063899]}, "properties": {"tract_geoid": "48085031674", "land_sqmi": 1.215, "population": 5200, "median_household_income": 117986.0, "poverty_count": 322, "poverty_universe": 5200, "snap_households": 65, "snap_universe": 1988, "pct_low_access_half_mile": 71.27}}, {"type": "Feature", "geometry": {"type": "Point", "coordinates": [-96.7828526, 33.0535693]}, "properties": {"tract_geoid": "48085031675", "land_sqmi": 0.521, "population": 2635, "median_household_income": 105652.0, "poverty_count": 0, "poverty_universe": 2635, "snap_households": 0, "snap_universe": 1182, "pct_low_access_half_mile": 79.05}}, {"type": "Feature", "geometry": {"type": "Point", "coordinates": [-96.7830015, 33.0461243]}, "properties": {"tract_geoid": "48085031676", "land_sqmi": 0.866, "population": 3303, "median_household_income": 145333.0, "poverty_count": 128, "poverty_universe": 3303, "snap_households": 0, "snap_universe": 1416, "pct_low_access_half_mile": 75.82}}, {"type": "Feature", "geometry": {"type": "Point", "coordinates": [-96.7609212, 33.0826019]}, "properties": {"tract_geoid": "48085031677", "land_sqmi": 0.556, "population": 3127, "median_household_income": 200625.0, "poverty_count": 187, "poverty_universe": 3127, "snap_households": 10, "snap_universe": 1013, "pct_low_access_half_mile": 82.49}}, {"type": "Feature", "geometry": {"type": "Point", "coordinates": [-96.7611034, 33.0755459]}, "properties": {"tract_geoid": "48085031678", "land_sqmi": 0.666, "population": 3179, "median_household_income": 170962.0, "poverty_count": 344, "poverty_universe": 3179, "snap_households": 55, "snap_universe": 1042, "pct_low_access_half_mile": 61.35}}, {"type": "Feature", "geometry": {"type": "Point", "coordinates": [-96.7555127, 33.0976971]}, "properties": {"tract_geoid": "48085031679", "land_sqmi": 0.716, "population": 2382, "median_household_income": 205139.0, "poverty_count": 13, "poverty_universe": 2382, "snap_households": 36, "snap_universe": 796, "pct_low_access_half_mile": 63.34}}, {"type": "Feature", "geometry": {"type": "Point", "coordinates": [-96.7664071, 33.0928158]}, "properties": {"tract_geoid": "48085031680", "land_sqmi": 0.607, "population": 4156, "median_household_income": 235909.0, "poverty_count": 174, "poverty_universe": 4153, "snap_households": 3, "snap_universe": 1282, "pct_low_access_half_mile": 82.39}}, {"type": "Feature", "geometry": {"type": "Point", "coordinates": [-96.7617364, 33.0451683]}, "properties": {"tract_geoid": "48085031681", "land_sqmi": 0.555, "population": 2632, "median_household_income": 158657.0, "poverty_count": 35, "poverty_universe": 2632, "snap_households": 9, "snap_universe": 923, "pct_low_access_half_mile": 81.41}}, {"type": "Feature", "geometry": {"type": "Point", "coordinates": [-96.7604567, 33.0529483]}, "properties": {"tract_geoid": "48085031682", "land_sqmi": 0.559, "population": 4806, "median_household_income": 96161.0, "poverty_count": 634, "poverty_universe": 4806, "snap_households": 121, "snap_universe": 1692, "pct_low_access_half_mile": 57.67}}, {"type": "Feature", "geometry": {"type": "Point", "coordinates": [-96.8365677, 32.9924011]}, "properties": {"tract_geoid": "48085031704", "land_sqmi": 0.608, "population": 3649, "median_household_income": 84970.0, "poverty_count": 132, "poverty_universe": 3643, "snap_households": 12, "snap_universe": 1679, "pct_low_access_half_mile": 4.17}}, {"type": "Feature", "geometry": {"type": "Point", "coordinates": [-96.8209776, 32.9930127]}, "properties": {"tract_geoid": "48085031706", "land_sqmi": 0.701, "population": 2276, "median_household_income": 250001.0, "poverty_count": 86, "poverty_universe": 2276, "snap_households": 0, "snap_universe": 789, "pct_low_access_half_mile": 63.47}}, {"type": "Feature", "geometry": {"type": "Point", "coordinates": [-96.8051254, 32.9928098]}, "properties": {"tract_geoid": "48085031708", "land_sqmi": 0.909, "population": 3908, "median_household_income": 93462.0, "poverty_count": 414, "poverty_universe": 3894, "snap_households": 49, "snap_universe": 2018, "pct_low_access_half_mile": 51.33}}, {"type": "Feature", "geometry": {"type": "Point", "coordinates": [-96.7824903, 33.0043451]}, "properties": {"tract_geoid": "48085031709", "land_sqmi": 1.47, "population": 6013, "median_household_income": 116625.0, "poverty_count": 1218, "poverty_universe": 6009, "snap_households": 177, "snap_universe": 2248, "pct_low_access_half_mile": 72.18}}, {"type": "Feature", "geometry": {"type": "Point", "coordinates": [-96.8357321, 33.0019565]}, "properties": {"tract_geoid": "48085031711", "land_sqmi": 0.477, "population": 3502, "median_household_income": 102326.0, "poverty_count": 213, "poverty_universe": 3502, "snap_households": 22, "snap_universe": 1587, "pct_low_access_half_mile": 43.37}}, {"type": "Feature", "geometry": {"type": "Point", "coordinates": [-96.8247472, 33.0022338]}, "properties": {"tract_geoid": "48085031713", "land_sqmi": 0.295, "population": 4501, "median_household_income": 43806.0, "poverty_count": 1204, "poverty_universe": 4461, "snap_households": 67, "snap_universe": 2629, "pct_low_access_half_mile": 15.31}}, {"type": "Feature", "geometry": {"type": "Point", "coordinates": [-96.807957, 33.0076501]}, "properties": {"tract_geoid": "48085031715", "land_sqmi": 0.701, "population": 2704, "median_household_income": 130040.0, "poverty_count": 267, "poverty_universe": 2677, "snap_households": 9, "snap_universe": 1149, "pct_low_access_half_mile": 84.39}}, {"type": "Feature", "geometry": {"type": "Point", "coordinates": [-96.8033975, 33.0003946]}, "properties": {"tract_geoid": "48085031716", "land_sqmi": 0.278, "population": 2962, "median_household_income": 86406.0, "poverty_count": 356, "poverty_universe": 2962, "snap_households": 46, "snap_universe": 1476, "pct_low_access_half_mile": 45.21}}, {"type": "Feature", "geometry": {"type": "Point", "coordinates": [-96.7986044, 33.0066102]}, "properties": {"tract_geoid": "48085031717", "land_sqmi": 0.181, "population": 2148, "median_household_income": 72553.0, "poverty_count": 432, "poverty_universe": 2148, "snap_households": 130, "snap_universe": 1116, "pct_low_access_half_mile": 18.61}}, {"type": "Feature", "geometry": {"type": "Point", "coordinates": [-96.7869705, 32.9920314]}, "properties": {"tract_geoid": "48085031718", "land_sqmi": 0.598, "population": 2405, "median_household_income": 135278.0, "poverty_count": 129, "poverty_universe": 2390, "snap_households": 6, "snap_universe": 974, "pct_low_access_half_mile": 91.73}}, {"type": "Feature", "geometry": {"type": "Point", "coordinates": [-96.7736033, 32.9942717]}, "properties": {"tract_geoid": "48085031719", "land_sqmi": 0.356, "population": 1661, "median_household_income": 88984.0, "poverty_count": 158, "poverty_universe": 1661, "snap_households": 45, "snap_universe": 738, "pct_low_access_half_mile": 54.22}}, {"type": "Feature", "geometry": {"type": "Point", "coordinates": [-96.7727661, 32.9889446]}, "properties": {"tract_geoid": "48085031720", "land_sqmi": 0.201, "population": 3067, "median_household_income": 38542.0, "poverty_count": 781, "poverty_universe": 3046, "snap_households": 153, "snap_universe": 1626, "pct_low_access_half_mile": 0.0}}, {"type": "Feature", "geometry": {"type": "Point", "coordinates": [-96.8366422, 33.0082866]}, "properties": {"tract_geoid": "48085031721", "land_sqmi": 0.295, "population": 1780, "median_household_income": 114632.0, "poverty_count": 22, "poverty_universe": 1780, "snap_households": 0, "snap_universe": 955, "pct_low_access_half_mile": 56.75}}, {"type": "Feature", "geometry": {"type": "Point", "coordinates": [-96.836037, 33.0137206]}, "properties": {"tract_geoid": "48085031722", "land_sqmi": 0.282, "population": 2803, "median_household_income": 52941.0, "poverty_count": 348, "poverty_universe": 2797, "snap_households": 0, "snap_universe": 1720, "pct_low_access_half_mile": 42.05}}, {"type": "Feature", "geometry": {"type": "Point", "coordinates": [-96.8218077, 33.0110872]}, "properties": {"tract_geoid": "48085031723", "land_sqmi": 0.292, "population": 3840, "median_household_income": 54676.0, "poverty_count": 303, "poverty_universe": 3840, "snap_households": 64, "snap_universe": 1826, "pct_low_access_half_mile": 38.79}}, {"type": "Feature", "geometry": {"type": "Point", "coordinates": [-96.8183694, 33.0048717]}, "properties": {"tract_geoid": "48085031724", "land_sqmi": 0.274, "population": 2762, "median_household_income": 75840.0, "poverty_count": 443, "poverty_universe": 2762, "snap_households": 146, "snap_universe": 1394, "pct_low_access_half_mile": 64.95}}, {"type": "Feature", "geometry": {"type": "Point", "coordinates": [-96.7397511, 33.0004879]}, "properties": {"tract_geoid": "48085031806", "land_sqmi": 0.485, "population": 3346, "median_household_income": 80664.0, "poverty_count": 548, "poverty_universe": 3346, "snap_households": 36, "snap_universe": 1644, "pct_low_access_half_mile": 64.71}}, {"type": "Feature", "geometry": {"type": "Point", "coordinates": [-96.7495874, 33.0116316]}, "properties": {"tract_geoid": "48085031807", "land_sqmi": 2.016, "population": 4755, "median_household_income": 83536.0, "poverty_count": 434, "poverty_universe": 4718, "snap_households": 81, "snap_universe": 2095, "pct_low_access_half_mile": 45.49}}, {"type": "Feature", "geometry": {"type": "Point", "coordinates": [-96.7224786, 33.0137716]}, "properties": {"tract_geoid": "48085031808", "land_sqmi": 1.148, "population": 3541, "median_household_income": 130875.0, "poverty_count": 210, "poverty_universe": 3529, "snap_households": 19, "snap_universe": 1322, "pct_low_access_half_mile": 78.28}}, {"type": "Feature", "geometry": {"type": "Point", "coordinates": [-96.726265, 33.0058457]}, "properties": {"tract_geoid": "48085031809", "land_sqmi": 0.435, "population": 2871, "median_household_income": 77012.0, "poverty_count": 244, "poverty_universe": 2871, "snap_households": 2, "snap_universe": 1174, "pct_low_access_half_mile": 91.98}}, {"type": "Feature", "geometry": {"type": "Point", "coordinates": [-96.7191347, 33.0006932]}, "properties": {"tract_geoid": "48085031810", "land_sqmi": 0.543, "population": 1595, "median_household_income": 82667.0, "poverty_count": 166, "poverty_universe": 1595, "snap_households": 0, "snap_universe": 812, "pct_low_access_half_mile": 83.5}}, {"type": "Feature", "geometry": {"type": "Point", "coordinates": [-96.761858, 33.0026559]}, "properties": {"tract_geoid": "48085031811", "land_sqmi": 0.332, "population": 2122, "median_household_income": 80702.0, "poverty_count": 494, "poverty_universe": 2122, "snap_households": 11, "snap_universe": 1173, "pct_low_access_half_mile": 0.0}}, {"type": "Feature", "geometry": {"type": "Point", "coordinates": [-96.762037, 32.9918254]}, "properties": {"tract_geoid": "48085031812", "land_sqmi": 0.595, "population": 2339, "median_household_income": 109662.0, "poverty_count": 64, "poverty_universe": 2322, "snap_households": 8, "snap_universe": 1148, "pct_low_access_half_mile": 100.0}}, {"type": "Feature", "geometry": {"type": "Point", "coordinates": [-96.7507897, 32.9927963]}, "properties": {"tract_geoid": "48085031813", "land_sqmi": 0.635, "population": 4633, "median_household_income": 8325.0, "poverty_count": 1265, "poverty_universe": 1571, "snap_households": 0, "snap_universe": 648, "pct_low_access_half_mile": 97.32}}, {"type": "Feature", "geometry": {"type": "Point", "coordinates": [-96.7364283, 32.9943097]}, "properties": {"tract_geoid": "48085031814", "land_sqmi": 0.776, "population": 1795, "median_household_income": 113906.0, "poverty_count": 82, "poverty_universe": 1795, "snap_households": 11, "snap_universe": 789, "pct_low_access_half_mile": 94.51}}, {"type": "Feature", "geometry": {"type": "Point", "coordinates": [-96.7178289, 32.9918207]}, "properties": {"tract_geoid": "48085031815", "land_sqmi": 0.826, "population": 4717, "median_household_income": 101761.0, "poverty_count": 310, "poverty_universe": 4717, "snap_households": 32, "snap_universe": 2091, "pct_low_access_half_mile": 94.25}}, {"type": "Feature", "geometry": {"type": "Point", "coordinates": [-96.6956466, 32.9904017]}, "properties": {"tract_geoid": "48085031816", "land_sqmi": 1.28, "population": 3223, "median_household_income": 109481.0, "poverty_count": 389, "poverty_universe": 3223, "snap_households": 0, "snap_universe": 1495, "pct_low_access_half_mile": 78.66}}, {"type": "Feature", "geometry": {"type": "Point", "coordinates": [-96.6735129, 33.0078352]}, "properties": {"tract_geoid": "48085031901", "land_sqmi": 1.199, "population": 2872, "median_household_income": 53152.0, "poverty_count": 564, "poverty_universe": 2786, "snap_households": 95, "snap_universe": 1456, "pct_low_access_half_mile": 14.38}}, {"type": "Feature", "geometry": {"type": "Point", "coordinates": [-96.6978442, 33.0159346]}, "properties": {"tract_geoid": "48085031902", "land_sqmi": 2.19, "population": 4260, "median_household_income": 62401.0, "poverty_count": 771, "poverty_universe": 4224, "snap_households": 113, "snap_universe": 1845, "pct_low_access_half_mile": 19.39}}, {"type": "Feature", "geometry": {"type": "Point", "coordinates": [-96.6874314, 32.999892]}, "properties": {"tract_geoid": "48085031903", "land_sqmi": 0.582, "population": 1507, "median_household_income": 108266.0, "poverty_count": 146, "poverty_universe": 1507, "snap_households": 30, "snap_universe": 895, "pct_low_access_half_mile": 15.39}}, {"type": "Feature", "geometry": {"type": "Point", "coordinates": [-96.7040134, 33.0005604]}, "properties": {"tract_geoid": "48085031904", "land_sqmi": 0.252, "population": 3582, "median_household_income": 65689.0, "poverty_count": 385, "poverty_universe": 3582, "snap_households": 82, "snap_universe": 2171, "pct_low_access_half_mile": 25.45}}, {"type": "Feature", "geometry": {"type": "Point", "coordinates": [-96.690672, 33.0247826]}, "properties": {"tract_geoid": "48085032003", "land_sqmi": 0.885, "population": 6594, "median_household_income": 65669.0, "poverty_count": 1179, "poverty_universe": 6594, "snap_households": 317, "snap_universe": 2315, "pct_low_access_half_mile": 8.34}}, {"type": "Feature", "geometry": {"type": "Point", "coordinates": [-96.6769287, 33.0413563]}, "properties": {"tract_geoid": "48085032008", "land_sqmi": 1.625, "population": 4278, "median_household_income": 98880.0, "poverty_count": 166, "poverty_universe": 4223, "snap_households": 27, "snap_universe": 1547, "pct_low_access_half_mile": 52.16}}, {"type": "Feature", "geometry": {"type": "Point", "coordinates": [-96.6455759, 33.0144628]}, "properties": {"tract_geoid": "48085032010", "land_sqmi": 1.58, "population": 6731, "median_household_income": 92842.0, "poverty_count": 767, "poverty_universe": 6731, "snap_households": 97, "snap_universe": 2081, "pct_low_access_half_mile": 33.96}}, {"type": "Feature", "geometry": {"type": "Point", "coordinates": [-96.6894852, 33.036075]}, "properties": {"tract_geoid": "48085032012", "land_sqmi": 0.628, "population": 3492, "median_household_income": 59743.0, "poverty_count": 527, "poverty_universe": 3492, "snap_households": 60, "snap_universe": 1172, "pct_low_access_half_mile": 27.69}}, {"type": "Feature", "geometry": {"type": "Point", "coordinates": [-96.6886424, 33.0540065]}, "properties": {"tract_geoid": "48085032013", "land_sqmi": 2.049, "population": 6757, "median_household_income": 84561.0, "poverty_count": 864, "poverty_universe": 6757, "snap_households": 177, "snap_universe": 2218, "pct_low_access_half_mile": 51.26}}, {"type": "Feature", "geometry": {"type": "Point", "coordinates": [-96.6724394, 33.020216]}, "properties": {"tract_geoid": "48085032014", "land_sqmi": 0.591, "population": 5143, "median_household_income": 71033.0, "poverty_count": 523, "poverty_universe": 5143, "snap_households": 137, "snap_universe": 1422, "pct_low_access_half_mile": 12.51}}, {"type": "Feature", "geometry": {"type": "Point", "coordinates": [-96.6733676, 33.0276498]}, "properties": {"tract_geoid": "48085032015", "land_sqmi": 0.455, "population": 2132, "median_household_income": 81736.0, "poverty_count": 59, "poverty_universe": 2132, "snap_households": 14, "snap_universe": 861, "pct_low_access_half_mile": 28.74}}, {"type": "Feature", "geometry": {"type": "Point", "coordinates": [-96.6511574, 33.0019403]}, "properties": {"tract_geoid": "48085032016", "land_sqmi": 1.082, "population": 2162, "median_household_income": 183364.0, "poverty_count": 107, "poverty_universe": 2162, "snap_households": 12, "snap_universe": 732, "pct_low_access_half_mile": 40.61}}, {"type": "Feature", "geometry": {"type": "Point", "coordinates": [-96.6376623, 32.993891]}, "properties": {"tract_geoid": "48085032017", "land_sqmi": 0.841, "population": 5186, "median_household_income": 105924.0, "poverty_count": 115, "poverty_universe": 5186, "snap_households": 26, "snap_universe": 2252, "pct_low_access_half_mile": 66.89}}, {"type": "Feature", "geometry": {"type": "Point", "coordinates": [-96.6752069, 32.9907929]}, "properties": {"tract_geoid": "48085032018", "land_sqmi": 0.676, "population": 3445, "median_household_income": 113750.0, "poverty_count": 263, "poverty_universe": 3438, "snap_households": 55, "snap_universe": 1471, "pct_low_access_half_mile": 98.19}}, {"type": "Feature", "geometry": {"type": "Point", "coordinates": [-96.6590126, 32.9896813]}, "properties": {"tract_geoid": "48085032019", "land_sqmi": 1.28, "population": 2718, "median_household_income": 213500.0, "poverty_count": 19, "poverty_universe": 2718, "snap_households": 8, "snap_universe": 920, "pct_low_access_half_mile": 79.68}}, {"type": "Feature", "geometry": {"type": "Point", "coordinates": [-96.7365761, 32.8166094]}, "properties": {"tract_geoid": "48113000100", "land_sqmi": 1.188, "population": 4450, "median_household_income": 178472.0, "poverty_count": 160, "poverty_universe": 4450, "snap_households": 0, "snap_universe": 1798, "pct_low_access_half_mile": 42.45}}, {"type": "Feature", "geometry": {"type": "Point", "coordinates": [-96.7571634, 32.8327403]}, "properties": {"tract_geoid": "48113000201", "land_sqmi": 0.681, "population": 3088, "median_household_income": 195000.0, "poverty_count": 113, "poverty_universe": 3088, "snap_households": 42, "snap_universe": 1254, "pct_low_access_half_mile": 46.55}}, {"type": "Feature", "geometry": {"type": "Point", "coordinates": [-96.7662373, 32.8318688]}, "properties": {"tract_geoid": "48113000202", "land_sqmi": 0.607, "population": 3829, "median_household_income": 147708.0, "poverty_count": 266, "poverty_universe": 3829, "snap_households": 43, "snap_universe": 1730, "pct_low_access_half_mile": 29.41}}, {"type": "Feature", "geometry": {"type": "Point", "coordinates": [-96.7761239, 32.8301654]}, "properties": {"tract_geoid": "48113000300", "land_sqmi": 0.699, "population": 4133, "median_household_income": 100409.0, "poverty_count": 387, "poverty_universe": 4133, "snap_households": 0, "snap_universe": 2115, "pct_low_access_half_mile": 28.42}}, {"type": "Feature", "geometry": {"type": "Point", "coordinates": [-96.8293742, 32.8113247]}, "properties": {"tract_geoid": "48113000401", "land_sqmi": 0.78, "population": 4666, "median_household_income": 58232.0, "poverty_count": 1041, "poverty_universe": 4547, "snap_households": 284, "snap_universe": 2101, "pct_low_access_half_mile": 0.08}}, {"type": "Feature", "geometry": {"type": "Point", "coordinates": [-96.8205414, 32.8134619]}, "properties": {"tract_geoid": "48113000405", "land_sqmi": 0.169, "population": 1897, "median_household_income": 45300.0, "poverty_count": 326, "poverty_universe": 1888, "snap_households": 192, "snap_universe": 1314, "pct_low_access_half_mile": 0.0}}, {"type": "Feature", "geometry": {"type": "Point", "coordinates": [-96.8311083, 32.8207569]}, "properties": {"tract_geoid": "48113000407", "land_sqmi": 0.199, "population": 2235, "median_household_income": 58934.0, "poverty_count": 97, "poverty_universe": 2235, "snap_households": 0, "snap_universe": 1067, "pct_low_access_half_mile": 0.0}}, {"type": "Feature", "geometry": {"type": "Point", "coordinates": [-96.8250701, 32.8181979]}, "properties": {"tract_geoid": "48113000408", "land_sqmi": 0.18, "population": 2408, "median_household_income": 71723.0, "poverty_count": 249, "poverty_universe": 2408, "snap_households": 59, "snap_universe": 1485, "pct_low_access_half_mile": 10.42}}, {"type": "Feature", "geometry": {"type": "Point", "coordinates": [-96.8402991, 32.8268937]}, "properties": {"tract_geoid": "48113000409", "land_sqmi": 1.145, "population": 4139, "median_household_income": 69398.0, "poverty_count": 635, "poverty_universe": 4139, "snap_households": 58, "snap_universe": 2842, "pct_low_access_half_mile": 0.59}}, {"type": "Feature", "geometry": {"type": "Point", "coordinates": [-96.8626501, 32.8430353]}, "properties": {"tract_geoid": "48113000410", "land_sqmi": 1.179, "population": 4011, "median_household_income": 44936.0, "poverty_count": 744, "poverty_universe": 4011, "snap_households": 179, "snap_universe": 1466, "pct_low_access_half_mile": 4.14}}, {"type": "Feature", "geometry": {"type": "Point", "coordinates": [-96.8138634, 32.8112361]}, "properties": {"tract_geoid": "48113000501", "land_sqmi": 0.125, "population": 2036, "median_household_income": 83842.0, "poverty_count": 65, "poverty_universe": 2036, "snap_households": 0, "snap_universe": 1478, "pct_low_access_half_mile": 0.0}}, {"type": "Feature", "geometry": {"type": "Point", "coordinates": [-96.8109309, 32.8034842]}, "properties": {"tract_geoid": "48113000502", "land_sqmi": 0.361, "population": 2233, "median_household_income": 119261.0, "poverty_count": 227, "poverty_universe": 2191, "snap_households": 0, "snap_universe": 1531, "pct_low_access_half_mile": 1.16}}, {"type": "Feature", "geometry": {"type": "Point", "coordinates": [-96.8155565, 32.8083478]}, "properties": {"tract_geoid": "48113000503", "land_sqmi": 0.091, "population": 2147, "median_household_income": 77750.0, "poverty_count": 150, "poverty_universe": 2147, "snap_households": 58, "snap_universe": 1526, "pct_low_access_half_mile": 0.0}}, {"type": "Feature", "geometry": {"type": "Point", "coordinates": [-96.8071671, 32.8104817]}, "properties": {"tract_geoid": "48113000605", "land_sqmi": 0.208, "population": 2217, "median_household_income": 109707.0, "poverty_count": 105, "poverty_universe": 2217, "snap_households": 12, "snap_universe": 1587, "pct_low_access_half_mile": 0.0}}, {"type": "Feature", "geometry": {"type": "Point", "coordinates": [-96.8010195, 32.8159774]}, "properties": {"tract_geoid": "48113000606", "land_sqmi": 0.409, "population": 2828, "median_household_income": 136250.0, "poverty_count": 144, "poverty_universe": 2816, "snap_households": 0, "snap_universe": 1757, "pct_low_access_half_mile": 4.16}}, {"type": "Feature", "geometry": {"type": "Point", "coordinates": [-96.8065796, 32.820492]}, "properties": {"tract_geoid": "48113000607", "land_sqmi": 0.183, "population": 1772, "median_household_income": 115972.0, "poverty_count": 180, "poverty_universe": 1772, "snap_households": 0, "snap_universe": 1231, "pct_low_access_half_mile": 19.26}}, {"type": "Feature", "geometry": {"type": "Point", "coordinates": [-96.813324, 32.8176729]}, "properties": {"tract_geoid": "48113000608", "land_sqmi": 0.209, "population": 2572, "median_household_income": 119044.0, "poverty_count": 275, "poverty_universe": 2572, "snap_households": 51, "snap_universe": 1668, "pct_low_access_half_mile": 0.0}}, {"type": "Feature", "geometry": {"type": "Point", "coordinates": [-96.8213683, 32.8302471]}, "properties": {"tract_geoid": "48113000609", "land_sqmi": 0.242, "population": 1628, "median_household_income": 91250.0, "poverty_count": 86, "poverty_universe": 1628, "snap_households": 16, "snap_universe": 1034, "pct_low_access_half_mile": 5.06}}, {"type": "Feature", "geometry": {"type": "Point", "coordinates": [-96.8264236, 32.8259514]}, "properties": {"tract_geoid": "48113000610", "land_sqmi": 0.151, "population": 2326, "median_household_income": 47210.0, "poverty_count": 515, "poverty_universe": 2326, "snap_households": 27, "snap_universe": 1030, "pct_low_access_half_mile": 0.0}}, {"type": "Feature", "geometry": {"type": "Point", "coordinates": [-96.8206552, 32.8214828]}, "properties": {"tract_geoid": "48113000611", "land_sqmi": 0.164, "population": 2257, "median_household_income": 71020.0, "poverty_count": 146, "poverty_universe": 2257, "snap_households": 75, "snap_universe": 1369, "pct_low_access_half_mile": 0.0}}, {"type": "Feature", "geometry": {"type": "Point", "coordinates": [-96.7943456, 32.8128029]}, "properties": {"tract_geoid": "48113000703", "land_sqmi": 0.208, "population": 3075, "median_household_income": 116250.0, "poverty_count": 71, "poverty_universe": 3075, "snap_households": 64, "snap_universe": 1999, "pct_low_access_half_mile": 0.0}}, {"type": "Feature", "geometry": {"type": "Point", "coordinates": [-96.7971362, 32.8074274]}, "properties": {"tract_geoid": "48113000704", "land_sqmi": 0.134, "population": 3332, "median_household_income": 134531.0, "poverty_count": 207, "poverty_universe": 3332, "snap_households": 0, "snap_universe": 2300, "pct_low_access_half_mile": 0.0}}, {"type": "Feature", "geometry": {"type": "Point", "coordinates": [-96.7907235, 32.8198475]}, "properties": {"tract_geoid": "48113000705", "land_sqmi": 0.183, "population": 2357, "median_household_income": 124250.0, "poverty_count": 207, "poverty_universe": 2357, "snap_households": 0, "snap_universe": 1482, "pct_low_access_half_mile": 0.0}}, {"type": "Feature", "geometry": {"type": "Point", "coordinates": [-96.7858152, 32.826547]}, "properties": {"tract_geoid": "48113000706", "land_sqmi": 0.138, "population": 2249, "median_household_income": 130206.0, "poverty_count": 185, "poverty_universe": 2249, "snap_households": 0, "snap_universe": 1598, "pct_low_access_half_mile": 10.08}}, {"type": "Feature", "geometry": {"type": "Point", "coordinates": [-96.7830172, 32.8055768]}, "properties": {"tract_geoid": "48113000801", "land_sqmi": 0.303, "population": 3674, "median_household_income": 74670.0, "poverty_count": 617, "poverty_universe": 3674, "snap_households": 391, "snap_universe": 1705, "pct_low_access_half_mile": 0.0}}, {"type": "Feature", "geometry": {"type": "Point", "coordinates": [-96.7882425, 32.8105383]}, "properties": {"tract_geoid": "48113000802", "land_sqmi": 0.255, "population": 3228, "median_household_income": 79415.0, "poverty_count": 193, "poverty_universe": 3228, "snap_households": 102, "snap_universe": 1771, "pct_low_access_half_mile": 0.0}}, {"type": "Feature", "geometry": {"type": "Point", "coordinates": [-96.7841207, 32.8162678]}, "properties": {"tract_geoid": "48113000901", "land_sqmi": 0.21, "population": 2285, "median_household_income": 114699.0, "poverty_count": 59, "poverty_universe": 2285, "snap_households": 0, "snap_universe": 1588, "pct_low_access_half_mile": 0.0}}, {"type": "Feature", "geometry": {"type": "Point", "coordinates": [-96.777282, 32.8104449]}, "properties": {"tract_geoid": "48113000902", "land_sqmi": 0.163, "population": 2703, "median_household_income": 82773.0, "poverty_count": 503, "poverty_universe": 2703, "snap_households": 86, "snap_universe": 1620, "pct_low_access_half_mile": 0.0}}, {"type": "Feature", "geometry": {"type": "Point", "coordinates": [-96.7765484, 32.8211827]}, "properties": {"tract_geoid": "48113001001", "land_sqmi": 0.25, "population": 1656, "median_household_income": 150688.0, "poverty_count": 222, "poverty_universe": 1656, "snap_households": 0, "snap_universe": 845, "pct_low_access_half_mile": 21.62}}, {"type": "Feature", "geometry": {"type": "Point", "coordinates": [-96.7754602, 32.8155628]}, "properties": {"tract_geoid": "48113001002", "land_sqmi": 0.312, "population": 2049, "median_household_income": 128000.0, "poverty_count": 94, "poverty_universe": 2049, "snap_households": 0, "snap_universe": 1006, "pct_low_access_half_mile": 0.0}}, {"type": "Feature", "geometry": {"type": "Point", "coordinates": [-96.7659906, 32.8156844]}, "properties": {"tract_geoid": "48113001101", "land_sqmi": 0.499, "population": 3866, "median_household_income": 156724.0, "poverty_count": 261, "poverty_universe": 3776, "snap_households": 32, "snap_universe": 1952, "pct_low_access_half_mile": 19.62}}, {"type": "Feature", "geometry": {"type": "Point", "coordinates": [-96.7573709, 32.8179521]}, "properties": {"tract_geoid": "48113001102", "land_sqmi": 0.339, "population": 2677, "median_household_income": 163813.0, "poverty_count": 89, "poverty_universe": 2677, "snap_households": 14, "snap_universe": 1249, "pct_low_access_half_mile": 37.75}}, {"type": "Feature", "geometry": {"type": "Point", "coordinates": [-96.735237, 32.8007816]}, "properties": {"tract_geoid": "48113001202", "land_sqmi": 1.215, "population": 3490, "median_household_income": 73462.0, "poverty_count": 171, "poverty_universe": 3490, "snap_households": 12, "snap_universe": 1932, "pct_low_access_half_mile": 70.44}}, {"type": "Feature", "geometry": {"type": "Point", "coordinates": [-96.7440785, 32.8026242]}, "properties": {"tract_geoid": "48113001203", "land_sqmi": 0.185, "population": 1313, "median_household_income": 144375.0, "poverty_count": 193, "poverty_universe": 1304, "snap_households": 29, "snap_universe": 472, "pct_low_access_half_mile": 83.58}}, {"type": "Feature", "geometry": {"type": "Point", "coordinates": [-96.7483978, 32.7987177]}, "properties": {"tract_geoid": "48113001204", "land_sqmi": 0.216, "population": 1770, "median_household_income": 62782.0, "poverty_count": 51, "poverty_universe": 1751, "snap_households": 32, "snap_universe": 662, "pct_low_access_half_mile": 4.6}}, {"type": "Feature", "geometry": {"type": "Point", "coordinates": [-96.7527786, 32.8061287]}, "properties": {"tract_geoid": "48113001301", "land_sqmi": 0.406, "population": 2696, "median_household_income": 93398.0, "poverty_count": 134, "poverty_universe": 2660, "snap_households": 50, "snap_universe": 1471, "pct_low_access_half_mile": 30.9}}, {"type": "Feature", "geometry": {"type": "Point", "coordinates": [-96.7628513, 32.8003416]}, "properties": {"tract_geoid": "48113001302", "land_sqmi": 0.26, "population": 2824, "median_household_income": 72031.0, "poverty_count": 891, "poverty_universe": 2824, "snap_households": 155, "snap_universe": 1190, "pct_low_access_half_mile": 0.0}}, {"type": "Feature", "geometry": {"type": "Point", "coordinates": [-96.7617429, 32.8076818]}, "properties": {"tract_geoid": "48113001400", "land_sqmi": 0.397, "population": 2891, "median_household_income": 67500.0, "poverty_count": 310, "poverty_universe": 2891, "snap_households": 103, "snap_universe": 1534, "pct_low_access_half_mile": 20.64}}, {"type": "Feature", "geometry": {"type": "Point", "coordinates": [-96.769168, 32.7935724]}, "properties": {"tract_geoid": "48113001502", "land_sqmi": 0.406, "population": 2621, "median_household_income": 49663.0, "poverty_count": 685, "poverty_universe": 2621, "snap_households": 138, "snap_universe": 1238, "pct_low_access_half_mile": 0.0}}, {"type": "Feature", "geometry": {"type": "Point", "coordinates": [-96.7769554, 32.802911]}, "properties": {"tract_geoid": "48113001503", "land_sqmi": 0.241, "population": 1855, "median_household_income": 50662.0, "poverty_count": 294, "poverty_universe": 1855, "snap_households": 146, "snap_universe": 1281, "pct_low_access_half_mile": 0.0}}, {"type": "Feature", "geometry": {"type": "Point", "coordinates": [-96.7737126, 32.8003475]}, "properties": {"tract_geoid": "48113001504", "land_sqmi": 0.237, "population": 2605, "median_household_income": 71302.0, "poverty_count": 334, "poverty_universe": 2569, "snap_households": 140, "snap_universe": 1513, "pct_low_access_half_mile": 0.0}}, {"type": "Feature", "geometry": {"type": "Point", "coordinates": [-96.7896928, 32.8010361]}, "properties": {"tract_geoid": "48113001601", "land_sqmi": 0.247, "population": 2680, "median_household_income": 49750.0, "poverty_count": 645, "poverty_universe": 2680, "snap_households": 316, "snap_universe": 1508, "pct_low_access_half_mile": 0.0}}, {"type": "Feature", "geometry": {"type": "Point", "coordinates": [-96.7883796, 32.7946955]}, "properties": {"tract_geoid": "48113001602", "land_sqmi": 0.237, "population": 2896, "median_household_income": 130070.0, "poverty_count": 224, "poverty_universe": 2896, "snap_households": 0, "snap_universe": 1752, "pct_low_access_half_mile": 0.0}}, {"type": "Feature", "geometry": {"type": "Point", "coordinates": [-96.7968844, 32.7995361]}, "properties": {"tract_geoid": "48113001703", "land_sqmi": 0.262, "population": 3758, "median_household_income": 117740.0, "poverty_count": 380, "poverty_universe": 3735, "snap_households": 0, "snap_universe": 2437, "pct_low_access_half_mile": 0.0}}, {"type": "Feature", "geometry": {"type": "Point", "coordinates": [-96.797201, 32.7913244]}, "properties": {"tract_geoid": "48113001705", "land_sqmi": 0.363, "population": 2923, "median_household_income": 119342.0, "poverty_count": 312, "poverty_universe": 2923, "snap_households": 20, "snap_universe": 2132, "pct_low_access_half_mile": 0.0}}, {"type": "Feature", "geometry": {"type": "Point", "coordinates": [-96.8013101, 32.8041504]}, "properties": {"tract_geoid": "48113001801", "land_sqmi": 0.094, "population": 2568, "median_household_income": 83555.0, "poverty_count": 167, "poverty_universe": 2568, "snap_households": 0, "snap_universe": 1796, "pct_low_access_half_mile": 0.0}}, {"type": "Feature", "geometry": {"type": "Point", "coordinates": [-96.8045564, 32.7984827]}, "properties": {"tract_geoid": "48113001802", "land_sqmi": 0.182, "population": 3078, "median_household_income": 112782.0, "poverty_count": 205, "poverty_universe": 3078, "snap_households": 0, "snap_universe": 2121, "pct_low_access_half_mile": 0.0}}, {"type": "Feature", "geometry": {"type": "Point", "coordinates": [-96.8075154, 32.794128]}, "properties": {"tract_geoid": "48113001901", "land_sqmi": 0.214, "population": 3817, "median_household_income": 120022.0, "poverty_count": 619, "poverty_universe": 3817, "snap_households": 0, "snap_universe": 2589, "pct_low_access_half_mile": 11.22}}, {"type": "Feature", "geometry": {"type": "Point", "coordinates": [-96.8102265, 32.790097]}, "properties": {"tract_geoid": "48113001902", "land_sqmi": 0.259, "population": 5323, "median_household_income": 103958.0, "poverty_count": 486, "poverty_universe": 5323, "snap_households": 8, "snap_universe": 3507, "pct_low_access_half_mile": 4.33}}, {"type": "Feature", "geometry": {"type": "Point", "coordinates": [-96.816742, 32.7617771]}, "properties": {"tract_geoid": "48113002001", "land_sqmi": 0.636, "population": 2469, "median_household_income": 58884.0, "poverty_count": 249, "poverty_universe": 2469, "snap_households": 121, "snap_universe": 1522, "pct_low_access_half_mile": 23.55}}, {"type": "Feature", "geometry": {"type": "Point", "coordinates": [-96.8153069, 32.7534359]}, "properties": {"tract_geoid": "48113002002", "land_sqmi": 0.288, "population": 2915, "median_household_income": 46291.0, "poverty_count": 681, "poverty_universe": 2915, "snap_households": 237, "snap_universe": 1026, "pct_low_access_half_mile": 34.74}}, {"type": "Feature", "geometry": {"type": "Point", "coordinates": [-96.8029283, 32.7842286]}, "properties": {"tract_geoid": "48113002100", "land_sqmi": 0.383, "population": 3035, "median_household_income": 94451.0, "poverty_count": 303, "poverty_universe": 3035, "snap_households": 149, "snap_universe": 2220, "pct_low_access_half_mile": 0.0}}, {"type": "Feature", "geometry": {"type": "Point", "coordinates": [-96.7800762, 32.7898054]}, "properties": {"tract_geoid": "48113002200", "land_sqmi": 0.638, "population": 2918, "median_household_income": 77813.0, "poverty_count": 326, "poverty_universe": 2817, "snap_households": 67, "snap_universe": 1654, "pct_low_access_half_mile": 0.0}}, {"type": "Feature", "geometry": {"type": "Point", "coordinates": [-96.7571768, 32.7941203]}, "properties": {"tract_geoid": "48113002400", "land_sqmi": 0.466, "population": 3028, "median_household_income": 49821.0, "poverty_count": 223, "poverty_universe": 3028, "snap_households": 181, "snap_universe": 1084, "pct_low_access_half_mile": 0.0}}, {"type": "Feature", "geometry": {"type": "Point", "coordinates": [-96.7453407, 32.7854771]}, "properties": {"tract_geoid": "48113002500", "land_sqmi": 1.663, "population": 4869, "median_household_income": 45167.0, "poverty_count": 1148, "poverty_universe": 4869, "snap_households": 417, "snap_universe": 1776, "pct_low_access_half_mile": 11.1}}, {"type": "Feature", "geometry": {"type": "Point", "coordinates": [-96.7435708, 32.772568]}, "properties": {"tract_geoid": "48113002703", "land_sqmi": 1.154, "population": 5226, "median_household_income": 29124.0, "poverty_count": 864, "poverty_universe": 5226, "snap_households": 977, "snap_universe": 2038, "pct_low_access_half_mile": 1.65}}, {"type": "Feature", "geometry": {"type": "Point", "coordinates": [-96.8038887, 32.7787201]}, "properties": {"tract_geoid": "48113003102", "land_sqmi": 0.18, "population": 1723, "median_household_income": 104844.0, "poverty_count": 98, "poverty_universe": 1699, "snap_households": 0, "snap_universe": 1126, "pct_low_access_half_mile": 0.0}}, {"type": "Feature", "geometry": {"type": "Point", "coordinates": [-96.7941811, 32.7809629]}, "properties": {"tract_geoid": "48113003103", "land_sqmi": 0.198, "population": 2460, "median_household_income": 76103.0, "poverty_count": 516, "poverty_universe": 2460, "snap_households": 184, "snap_universe": 1953, "pct_low_access_half_mile": 0.0}}, {"type": "Feature", "geometry": {"type": "Point", "coordinates": [-96.7615135, 32.7630521]}, "properties": {"tract_geoid": "48113003700", "land_sqmi": 0.631, "population": 3456, "median_household_income": 78490.0, "poverty_count": 319, "poverty_universe": 3389, "snap_households": 233, "snap_universe": 1220, "pct_low_access_half_mile": 1.55}}, {"type": "Feature", "geometry": {"type": "Point", "coordinates": [-96.8299088, 32.7584519]}, "properties": {"tract_geoid": "48113004201", "land_sqmi": 0.992, "population": 4000, "median_household_income": 73234.0, "poverty_count": 468, "poverty_universe": 4000, "snap_households": 76, "snap_universe": 1900, "pct_low_access_half_mile": 32.95}}, {"type": "Feature", "geometry": {"type": "Point", "coordinates": [-96.8505195, 32.755381]}, "properties": {"tract_geoid": "48113004202", "land_sqmi": 0.492, "population": 1968, "median_household_income": 120208.0, "poverty_count": 255, "poverty_universe": 1961, "snap_households": 174, "snap_universe": 965, "pct_low_access_half_mile": 18.69}}, {"type": "Feature", "geometry": {"type": "Point", "coordinates": [-96.8394435, 32.7724928]}, "properties": {"tract_geoid": "48113004300", "land_sqmi": 1.77, "population": 5481, "median_household_income": 74557.0, "poverty_count": 355, "poverty_universe": 5481, "snap_households": 149, "snap_universe": 3242, "pct_low_access_half_mile": 17.46}}, {"type": "Feature", "geometry": {"type": "Point", "coordinates": [-96.8446574, 32.7603009]}, "properties": {"tract_geoid": "48113004400", "land_sqmi": 0.814, "population": 3715, "median_household_income": 124440.0, "poverty_count": 266, "poverty_universe": 3679, "snap_households": 92, "snap_universe": 1679, "pct_low_access_half_mile": 53.36}}, {"type": "Feature", "geometry": {"type": "Point", "coordinates": [-96.8661076, 32.7439348]}, "properties": {"tract_geoid": "48113004500", "land_sqmi": 0.762, "population": 4954, "median_household_income": 63500.0, "poverty_count": 1003, "poverty_universe": 4954, "snap_households": 158, "snap_universe": 1878, "pct_low_access_half_mile": 12.0}}, {"type": "Feature", "geometry": {"type": "Point", "coordinates": [-96.8434614, 32.7472866]}, "properties": {"tract_geoid": "48113004600", "land_sqmi": 0.275, "population": 1743, "median_household_income": 82727.0, "poverty_count": 118, "poverty_universe": 1725, "snap_households": 69, "snap_universe": 792, "pct_low_access_half_mile": 0.0}}, {"type": "Feature", "geometry": {"type": "Point", "coordinates": [-96.83023, 32.7462987]}, "properties": {"tract_geoid": "48113004700", "land_sqmi": 0.373, "population": 2560, "median_household_income": 82917.0, "poverty_count": 333, "poverty_universe": 2552, "snap_households": 78, "snap_universe": 970, "pct_low_access_half_mile": 0.0}}, {"type": "Feature", "geometry": {"type": "Point", "coordinates": [-96.8175422, 32.7436867]}, "properties": {"tract_geoid": "48113004800", "land_sqmi": 0.653, "population": 2486, "median_household_income": 51406.0, "poverty_count": 445, "poverty_universe": 2486, "snap_households": 93, "snap_universe": 822, "pct_low_access_half_mile": 3.7}}, {"type": "Feature", "geometry": {"type": "Point", "coordinates": [-96.8303481, 32.738427]}, "properties": {"tract_geoid": "48113005000", "land_sqmi": 0.547, "population": 3018, "median_household_income": 51330.0, "poverty_count": 519, "poverty_universe": 2994, "snap_households": 238, "snap_universe": 1120, "pct_low_access_half_mile": 13.17}}, {"type": "Feature", "geometry": {"type": "Point", "coordinates": [-96.8424449, 32.7367385]}, "properties": {"tract_geoid": "48113005100", "land_sqmi": 0.381, "population": 2620, "median_household_income": 64421.0, "poverty_count": 559, "poverty_universe": 2610, "snap_households": 104, "snap_universe": 763, "pct_low_access_half_mile": 31.36}}, {"type": "Feature", "geometry": {"type": "Point", "coordinates": [-96.8508796, 32.7406185]}, "properties": {"tract_geoid": "48113005200", "land_sqmi": 0.575, "population": 4159, "median_household_income": 86853.0, "poverty_count": 627, "poverty_universe": 4159, "snap_households": 126, "snap_universe": 1515, "pct_low_access_half_mile": 0.12}}, {"type": "Feature", "geometry": {"type": "Point", "coordinates": [-96.8602528, 32.7340858]}, "properties": {"tract_geoid": "48113005300", "land_sqmi": 0.811, "population": 5919, "median_household_income": 68424.0, "poverty_count": 930, "poverty_universe": 5911, "snap_households": 186, "snap_universe": 2020, "pct_low_access_half_mile": 13.7}}, {"type": "Feature", "geometry": {"type": "Point", "coordinates": [-96.8174351, 32.7273108]}, "properties": {"tract_geoid": "48113005400", "land_sqmi": 1.021, "population": 4652, "median_household_income": 47047.0, "poverty_count": 1306, "poverty_universe": 4652, "snap_households": 227, "snap_universe": 1656, "pct_low_access_half_mile": 22.57}}, {"type": "Feature", "geometry": {"type": "Point", "coordinates": [-96.7995404, 32.7251819]}, "properties": {"tract_geoid": "48113005500", "land_sqmi": 1.047, "population": 3456, "median_household_income": 64893.0, "poverty_count": 327, "poverty_universe": 3456, "snap_households": 453, "snap_universe": 1283, "pct_low_access_half_mile": 41.9}}, {"type": "Feature", "geometry": {"type": "Point", "coordinates": [-96.8207853, 32.7124731]}, "properties": {"tract_geoid": "48113005600", "land_sqmi": 0.944, "population": 7309, "median_household_income": 58058.0, "poverty_count": 1874, "poverty_universe": 7309, "snap_households": 532, "snap_universe": 1890, "pct_low_access_half_mile": 5.53}}, {"type": "Feature", "geometry": {"type": "Point", "coordinates": [-96.7999685, 32.6992857]}, "properties": {"tract_geoid": "48113005700", "land_sqmi": 1.097, "population": 5403, "median_household_income": 36724.0, "poverty_count": 1645, "poverty_universe": 5403, "snap_households": 496, "snap_universe": 1921, "pct_low_access_half_mile": 0.51}}, {"type": "Feature", "geometry": {"type": "Point", "coordinates": [-96.8082488, 32.6931263]}, "properties": {"tract_geoid": "48113005901", "land_sqmi": 1.106, "population": 5361, "median_household_income": 50917.0, "poverty_count": 991, "poverty_universe": 5214, "snap_households": 353, "snap_universe": 1855, "pct_low_access_half_mile": 30.84}}, {"type": "Feature", "geometry": {"type": "Point", "coordinates": [-96.8187608, 32.6963101]}, "properties": {"tract_geoid": "48113005902", "land_sqmi": 0.766, "population": 4992, "median_household_income": 37226.0, "poverty_count": 1712, "poverty_universe": 4845, "snap_households": 271, "snap_universe": 1547, "pct_low_access_half_mile": 19.85}}, {"type": "Feature", "geometry": {"type": "Point", "coordinates": [-96.8357047, 32.7073314]}, "properties": {"tract_geoid": "48113006001", "land_sqmi": 0.459, "population": 3824, "median_household_income": 56585.0, "poverty_count": 1063, "poverty_universe": 3824, "snap_households": 148, "snap_universe": 1140, "pct_low_access_half_mile": 10.32}}, {"type": "Feature", "geometry": {"type": "Point", "coordinates": [-96.8287265, 32.6940456]}, "properties": {"tract_geoid": "48113006002", "land_sqmi": 0.902, "population": 6997, "median_household_income": 43573.0, "poverty_count": 1773, "poverty_universe": 6367, "snap_households": 721, "snap_universe": 2145, "pct_low_access_half_mile": 30.25}}, {"type": "Feature", "geometry": {"type": "Point", "coordinates": [-96.8486364, 32.6985465]}, "properties": {"tract_geoid": "48113006100", "land_sqmi": 0.995, "population": 4703, "median_household_income": 56962.0, "poverty_count": 871, "poverty_universe": 4703, "snap_households": 261, "snap_universe": 1567, "pct_low_access_half_mile": 28.13}}, {"type": "Feature", "geometry": {"type": "Point", "coordinates": [-96.8330548, 32.7239994]}, "properties": {"tract_geoid": "48113006200", "land_sqmi": 1.085, "population": 5514, "median_household_income": 44949.0, "poverty_count": 879, "poverty_universe": 5514, "snap_households": 428, "snap_universe": 2110, "pct_low_access_half_mile": 38.23}}, {"type": "Feature", "geometry": {"type": "Point", "coordinates": [-96.848615, 32.7130682]}, "properties": {"tract_geoid": "48113006301", "land_sqmi": 0.985, "population": 6308, "median_household_income": 69562.0, "poverty_count": 767, "poverty_universe": 6308, "snap_households": 71, "snap_universe": 1810, "pct_low_access_half_mile": 56.93}}, {"type": "Feature", "geometry": {"type": "Point", "coordinates": [-96.8474226, 32.7251814]}, "properties": {"tract_geoid": "48113006302", "land_sqmi": 0.636, "population": 3947, "median_household_income": 83827.0, "poverty_count": 179, "poverty_universe": 3947, "snap_households": 90, "snap_universe": 1526, "pct_low_access_half_mile": 72.26}}, {"type": "Feature", "geometry": {"type": "Point", "coordinates": [-96.8636146, 32.7258657]}, "properties": {"tract_geoid": "48113006401", "land_sqmi": 0.301, "population": 2854, "median_household_income": 69620.0, "poverty_count": 649, "poverty_universe": 2854, "snap_households": 168, "snap_universe": 886, "pct_low_access_half_mile": 59.99}}, {"type": "Feature", "geometry": {"type": "Point", "coordinates": [-96.8734271, 32.7275108]}, "properties": {"tract_geoid": "48113006402", "land_sqmi": 0.514, "population": 4830, "median_household_income": 52782.0, "poverty_count": 447, "poverty_universe": 4830, "snap_households": 195, "snap_universe": 1397, "pct_low_access_half_mile": 0.0}}, {"type": "Feature", "geometry": {"type": "Point", "coordinates": [-96.8884126, 32.7300696]}, "properties": {"tract_geoid": "48113006501", "land_sqmi": 0.53, "population": 5972, "median_household_income": 76477.0, "poverty_count": 918, "poverty_universe": 5972, "snap_households": 175, "snap_universe": 1500, "pct_low_access_half_mile": 47.93}}, {"type": "Feature", "geometry": {"type": "Point", "coordinates": [-96.8837208, 32.7225437]}, "properties": {"tract_geoid": "48113006502", "land_sqmi": 0.652, "population": 3729, "median_household_income": 74450.0, "poverty_count": 307, "poverty_universe": 3729, "snap_households": 102, "snap_universe": 1023, "pct_low_access_half_mile": 38.13}}, {"type": "Feature", "geometry": {"type": "Point", "coordinates": [-96.8863173, 32.7459525]}, "properties": {"tract_geoid": "48113006701", "land_sqmi": 0.666, "population": 4622, "median_household_income": 54505.0, "poverty_count": 1312, "poverty_universe": 4622, "snap_households": 444, "snap_universe": 1289, "pct_low_access_half_mile": 36.68}}, {"type": "Feature", "geometry": {"type": "Point", "coordinates": [-96.8772099, 32.7425658]}, "properties": {"tract_geoid": "48113006702", "land_sqmi": 0.365, "population": 2445, "median_household_income": 46667.0, "poverty_count": 593, "poverty_universe": 2445, "snap_households": 160, "snap_universe": 806, "pct_low_access_half_mile": 0.04}}, {"type": "Feature", "geometry": {"type": "Point", "coordinates": [-96.8647981, 32.7538496]}, "properties": {"tract_geoid": "48113006800", "land_sqmi": 0.627, "population": 5480, "median_household_income": 62134.0, "poverty_count": 826, "poverty_universe": 5374, "snap_households": 357, "snap_universe": 2094, "pct_low_access_half_mile": 25.54}}, {"type": "Feature", "geometry": {"type": "Point", "coordinates": [-96.8664184, 32.7622594]}, "properties": {"tract_geoid": "48113006900", "land_sqmi": 0.611, "population": 3567, "median_household_income": 56616.0, "poverty_count": 396, "poverty_universe": 3567, "snap_households": 141, "snap_universe": 1280, "pct_low_access_half_mile": 5.17}}, {"type": "Feature", "geometry": {"type": "Point", "coordinates": [-96.8175231, 32.8443188]}, "properties": {"tract_geoid": "48113007101", "land_sqmi": 0.457, "population": 2313, "median_household_income": 181944.0, "poverty_count": 77, "poverty_universe": 2313, "snap_households": 0, "snap_universe": 1006, "pct_low_access_half_mile": 27.59}}, {"type": "Feature", "geometry": {"type": "Point", "coordinates": [-96.8284897, 32.8431578]}, "properties": {"tract_geoid": "48113007102", "land_sqmi": 0.966, "population": 4486, "median_household_income": 71068.0, "poverty_count": 426, "poverty_universe": 4344, "snap_households": 209, "snap_universe": 2401, "pct_low_access_half_mile": 46.3}}, {"type": "Feature", "geometry": {"type": "Point", "coordinates": [-96.8764076, 32.8555021]}, "properties": {"tract_geoid": "48113007203", "land_sqmi": 0.159, "population": 3347, "median_household_income": 43527.0, "poverty_count": 947, "poverty_universe": 3347, "snap_households": 379, "snap_universe": 1177, "pct_low_access_half_mile": 0.0}}, {"type": "Feature", "geometry": {"type": "Point", "coordinates": [-96.8730542, 32.8610482]}, "properties": {"tract_geoid": "48113007204", "land_sqmi": 0.349, "population": 4879, "median_household_income": 53708.0, "poverty_count": 1140, "poverty_universe": 4766, "snap_households": 322, "snap_universe": 1471, "pct_low_access_half_mile": 0.0}}, {"type": "Feature", "geometry": {"type": "Point", "coordinates": [-96.8681086, 32.8632784]}, "properties": {"tract_geoid": "48113007205", "land_sqmi": 0.15, "population": 4479, "median_household_income": 42985.0, "poverty_count": 1267, "poverty_universe": 4290, "snap_households": 147, "snap_universe": 1614, "pct_low_access_half_mile": 0.0}}, {"type": "Feature", "geometry": {"type": "Point", "coordinates": [-96.8630437, 32.8608044]}, "properties": {"tract_geoid": "48113007206", "land_sqmi": 0.193, "population": 3236, "median_household_income": 43720.0, "poverty_count": 1316, "poverty_universe": 3236, "snap_households": 96, "snap_universe": 1099, "pct_low_access_half_mile": 0.0}}, {"type": "Feature", "geometry": {"type": "Point", "coordinates": [-96.813724, 32.8595008]}, "properties": {"tract_geoid": "48113007301", "land_sqmi": 0.727, "population": 1928, "median_household_income": 250001.0, "poverty_count": 8, "poverty_universe": 1928, "snap_households": 0, "snap_universe": 794, "pct_low_access_half_mile": 58.68}}, {"type": "Feature", "geometry": {"type": "Point", "coordinates": [-96.8345017, 32.8593389]}, "properties": {"tract_geoid": "48113007302", "land_sqmi": 1.417, "population": 4220, "median_household_income": 242870.0, "poverty_count": 196, "poverty_universe": 4220, "snap_households": 43, "snap_universe": 1703, "pct_low_access_half_mile": 65.54}}, {"type": "Feature", "geometry": {"type": "Point", "coordinates": [-96.8294983, 32.8877347]}, "properties": {"tract_geoid": "48113007601", "land_sqmi": 1.058, "population": 1976, "median_household_income": 200583.0, "poverty_count": 77, "poverty_universe": 1976, "snap_households": 0, "snap_universe": 750, "pct_low_access_half_mile": 100.0}}, {"type": "Feature", "geometry": {"type": "Point", "coordinates": [-96.7953524, 32.8873858]}, "properties": {"tract_geoid": "48113007604", "land_sqmi": 1.012, "population": 2882, "median_household_income": 250001.0, "poverty_count": 12, "poverty_universe": 2882, "snap_households": 0, "snap_universe": 1022, "pct_low_access_half_mile": 88.99}}, {"type": "Feature", "geometry": {"type": "Point", "coordinates": [-96.8106441, 32.8879061]}, "properties": {"tract_geoid": "48113007605", "land_sqmi": 0.984, "population": 1614, "median_household_income": 211023.0, "poverty_count": 96, "poverty_universe": 1614, "snap_households": 14, "snap_universe": 753, "pct_low_access_half_mile": 79.35}}, {"type": "Feature", "geometry": {"type": "Point", "coordinates": [-96.7910553, 32.8694249]}, "properties": {"tract_geoid": "48113007701", "land_sqmi": 0.283, "population": 2042, "median_household_income": 135069.0, "poverty_count": 186, "poverty_universe": 1922, "snap_households": 16, "snap_universe": 1183, "pct_low_access_half_mile": 24.78}}, {"type": "Feature", "geometry": {"type": "Point", "coordinates": [-96.7970945, 32.8739768]}, "properties": {"tract_geoid": "48113007702", "land_sqmi": 0.737, "population": 3314, "median_household_income": 146267.0, "poverty_count": 234, "poverty_universe": 3314, "snap_households": 0, "snap_universe": 1725, "pct_low_access_half_mile": 69.23}}, {"type": "Feature", "geometry": {"type": "Point", "coordinates": [-96.7776351, 32.8731554]}, "properties": {"tract_geoid": "48113007801", "land_sqmi": 0.943, "population": 2517, "median_household_income": 93972.0, "poverty_count": 98, "poverty_universe": 2503, "snap_households": 0, "snap_universe": 1361, "pct_low_access_half_mile": 78.48}}, {"type": "Feature", "geometry": {"type": "Point", "coordinates": [-96.7577754, 32.9020123]}, "properties": {"tract_geoid": "48113007805", "land_sqmi": 1.04, "population": 2484, "median_household_income": 70270.0, "poverty_count": 245, "poverty_universe": 2425, "snap_households": 232, "snap_universe": 1346, "pct_low_access_half_mile": 84.25}}, {"type": "Feature", "geometry": {"type": "Point", "coordinates": [-96.7400862, 32.8599361]}, "properties": {"tract_geoid": "48113007809", "land_sqmi": 0.805, "population": 3024, "median_household_income": 92727.0, "poverty_count": 303, "poverty_universe": 3024, "snap_households": 165, "snap_universe": 1488, "pct_low_access_half_mile": 33.97}}, {"type": "Feature", "geometry": {"type": "Point", "coordinates": [-96.7391282, 32.9067294]}, "properties": {"tract_geoid": "48113007810", "land_sqmi": 0.889, "population": 4520, "median_household_income": 76250.0, "poverty_count": 761, "poverty_universe": 4520, "snap_households": 145, "snap_universe": 1861, "pct_low_access_half_mile": 34.0}}, {"type": "Feature", "geometry": {"type": "Point", "coordinates": [-96.7495638, 32.8883641]}, "properties": {"tract_geoid": "48113007812", "land_sqmi": 1.098, "population": 2782, "median_household_income": 200750.0, "poverty_count": 117, "poverty_universe": 2782, "snap_households": 8, "snap_universe": 1074, "pct_low_access_half_mile": 59.0}}, {"type": "Feature", "geometry": {"type": "Point", "coordinates": [-96.7567462, 32.8799479]}, "properties": {"tract_geoid": "48113007815", "land_sqmi": 0.492, "population": 4924, "median_household_income": 40316.0, "poverty_count": 935, "poverty_universe": 4918, "snap_households": 345, "snap_universe": 1890, "pct_low_access_half_mile": 28.8}}, {"type": "Feature", "geometry": {"type": "Point", "coordinates": [-96.7594159, 32.8655737]}, "properties": {"tract_geoid": "48113007819", "land_sqmi": 0.266, "population": 2375, "median_household_income": 46418.0, "poverty_count": 436, "poverty_universe": 2375, "snap_households": 276, "snap_universe": 1256, "pct_low_access_half_mile": 0.0}}, {"type": "Feature", "geometry": {"type": "Point", "coordinates": [-96.7475548, 32.8734943]}, "properties": {"tract_geoid": "48113007821", "land_sqmi": 0.503, "population": 3291, "median_household_income": 44592.0, "poverty_count": 387, "poverty_universe": 3291, "snap_households": 133, "snap_universe": 1507, "pct_low_access_half_mile": 8.03}}, {"type": "Feature", "geometry": {"type": "Point", "coordinates": [-96.7663931, 32.8768842]}, "properties": {"tract_geoid": "48113007822", "land_sqmi": 0.593, "population": 1933, "median_household_income": 83288.0, "poverty_count": 243, "poverty_universe": 1870, "snap_households": 76, "snap_universe": 1175, "pct_low_access_half_mile": 0.0}}, {"type": "Feature", "geometry": {"type": "Point", "coordinates": [-96.7644301, 32.8924649]}, "properties": {"tract_geoid": "48113007823", "land_sqmi": 0.621, "population": 3163, "median_household_income": 75386.0, "poverty_count": 175, "poverty_universe": 2872, "snap_households": 41, "snap_universe": 1632, "pct_low_access_half_mile": 8.67}}, {"type": "Feature", "geometry": {"type": "Point", "coordinates": [-96.7381193, 32.8778369]}, "properties": {"tract_geoid": "48113007824", "land_sqmi": 0.452, "population": 1939, "median_household_income": 202188.0, "poverty_count": 122, "poverty_universe": 1931, "snap_households": 0, "snap_universe": 708, "pct_low_access_half_mile": 19.1}}, {"type": "Feature", "geometry": {"type": "Point", "coordinates": [-96.7346404, 32.8936893]}, "properties": {"tract_geoid": "48113007825", "land_sqmi": 0.688, "population": 5059, "median_household_income": 77539.0, "poverty_count": 525, "poverty_universe": 5059, "snap_households": 245, "snap_universe": 2379, "pct_low_access_half_mile": 52.36}}, {"type": "Feature", "geometry": {"type": "Point", "coordinates": [-96.734187, 32.8712501]}, "properties": {"tract_geoid": "48113007826", "land_sqmi": 0.228, "population": 1565, "median_household_income": 66676.0, "poverty_count": 120, "poverty_universe": 1565, "snap_households": 41, "snap_universe": 941, "pct_low_access_half_mile": 3.53}}, {"type": "Feature", "geometry": {"type": "Point", "coordinates": [-96.7317495, 32.882557]}, "properties": {"tract_geoid": "48113007827", "land_sqmi": 0.2, "population": 2484, "median_household_income": 54681.0, "poverty_count": 700, "poverty_universe": 2484, "snap_households": 132, "snap_universe": 1305, "pct_low_access_half_mile": 40.73}}, {"type": "Feature", "geometry": {"type": "Point", "coordinates": [-96.7509388, 32.9137737]}, "properties": {"tract_geoid": "48113007828", "land_sqmi": 0.431, "population": 4733, "median_household_income": 60000.0, "poverty_count": 590, "poverty_universe": 4584, "snap_households": 136, "snap_universe": 2086, "pct_low_access_half_mile": 3.41}}, {"type": "Feature", "geometry": {"type": "Point", "coordinates": [-96.7607787, 32.9168187]}, "properties": {"tract_geoid": "48113007829", "land_sqmi": 0.7, "population": 2892, "median_household_income": 54302.0, "poverty_count": 488, "poverty_universe": 2892, "snap_households": 199, "snap_universe": 1050, "pct_low_access_half_mile": 76.52}}, {"type": "Feature", "geometry": {"type": "Point", "coordinates": [-96.7597919, 32.8690806]}, "properties": {"tract_geoid": "48113007830", "land_sqmi": 0.059, "population": 2749, "median_household_income": 40859.0, "poverty_count": 1034, "poverty_universe": 2749, "snap_households": 144, "snap_universe": 1187, "pct_low_access_half_mile": 0.0}}, {"type": "Feature", "geometry": {"type": "Point", "coordinates": [-96.7539982, 32.8656922]}, "properties": {"tract_geoid": "48113007831", "land_sqmi": 0.078, "population": 2055, "median_household_income": 43424.0, "poverty_count": 285, "poverty_universe": 2055, "snap_households": 49, "snap_universe": 1063, "pct_low_access_half_mile": 0.0}}, {"type": "Feature", "geometry": {"type": "Point", "coordinates": [-96.7544109, 32.8686215]}, "properties": {"tract_geoid": "48113007832", "land_sqmi": 0.091, "population": 2360, "median_household_income": 47500.0, "poverty_count": 539, "poverty_universe": 2360, "snap_households": 152, "snap_universe": 980, "pct_low_access_half_mile": 0.0}}, {"type": "Feature", "geometry": {"type": "Point", "coordinates": [-96.7472676, 32.8665755]}, "properties": {"tract_geoid": "48113007833", "land_sqmi": 0.142, "population": 2818, "median_household_income": 29559.0, "poverty_count": 1272, "poverty_universe": 2815, "snap_households": 167, "snap_universe": 968, "pct_low_access_half_mile": 0.0}}, {"type": "Feature", "geometry": {"type": "Point", "coordinates": [-96.7218793, 32.9010773]}, "properties": {"tract_geoid": "48113007834", "land_sqmi": 0.19, "population": 2261, "median_household_income": 37500.0, "poverty_count": 318, "poverty_universe": 2261, "snap_households": 292, "snap_universe": 1420, "pct_low_access_half_mile": 44.38}}, {"type": "Feature", "geometry": {"type": "Point", "coordinates": [-96.7242067, 32.8973448]}, "properties": {"tract_geoid": "48113007835", "land_sqmi": 0.22, "population": 2712, "median_household_income": 54622.0, "poverty_count": 704, "poverty_universe": 2712, "snap_households": 175, "snap_universe": 1476, "pct_low_access_half_mile": 22.49}}, {"type": "Feature", "geometry": {"type": "Point", "coordinates": [-96.7442767, 32.8480441]}, "properties": {"tract_geoid": "48113007902", "land_sqmi": 1.16, "population": 4788, "median_household_income": 102257.0, "poverty_count": 272, "poverty_universe": 4719, "snap_households": 34, "snap_universe": 2379, "pct_low_access_half_mile": 76.29}}, {"type": "Feature", "geometry": {"type": "Point", "coordinates": [-96.7563889, 32.850053]}, "properties": {"tract_geoid": "48113007903", "land_sqmi": 0.474, "population": 2265, "median_household_income": 144088.0, "poverty_count": 46, "poverty_universe": 2259, "snap_households": 17, "snap_universe": 985, "pct_low_access_half_mile": 50.99}}, {"type": "Feature", "geometry": {"type": "Point", "coordinates": [-96.775682, 32.8602949]}, "properties": {"tract_geoid": "48113007906", "land_sqmi": 0.482, "population": 2280, "median_household_income": 147738.0, "poverty_count": 235, "poverty_universe": 2280, "snap_households": 0, "snap_universe": 1046, "pct_low_access_half_mile": 14.94}}, {"type": "Feature", "geometry": {"type": "Point", "coordinates": [-96.7665661, 32.8534662]}, "properties": {"tract_geoid": "48113007909", "land_sqmi": 0.193, "population": 2166, "median_household_income": 72631.0, "poverty_count": 273, "poverty_universe": 2166, "snap_households": 91, "snap_universe": 1415, "pct_low_access_half_mile": 0.0}}, {"type": "Feature", "geometry": {"type": "Point", "coordinates": [-96.7630851, 32.8585687]}, "properties": {"tract_geoid": "48113007910", "land_sqmi": 0.192, "population": 3225, "median_household_income": 61704.0, "poverty_count": 450, "poverty_universe": 3225, "snap_households": 30, "snap_universe": 2158, "pct_low_access_half_mile": 0.3}}, {"type": "Feature", "geometry": {"type": "Point", "coordinates": [-96.7674491, 32.8615855]}, "properties": {"tract_geoid": "48113007912", "land_sqmi": 0.197, "population": 2314, "median_household_income": 80982.0, "poverty_count": 77, "poverty_universe": 2314, "snap_households": 24, "snap_universe": 1242, "pct_low_access_half_mile": 28.65}}, {"type": "Feature", "geometry": {"type": "Point", "coordinates": [-96.7671175, 32.8483155]}, "properties": {"tract_geoid": "48113007913", "land_sqmi": 0.234, "population": 2806, "median_household_income": 76095.0, "poverty_count": 282, "poverty_universe": 2766, "snap_households": 34, "snap_universe": 1962, "pct_low_access_half_mile": 4.69}}, {"type": "Feature", "geometry": {"type": "Point", "coordinates": [-96.7694872, 32.8421573]}, "properties": {"tract_geoid": "48113007914", "land_sqmi": 0.33, "population": 3338, "median_household_income": 70730.0, "poverty_count": 957, "poverty_universe": 3328, "snap_households": 24, "snap_universe": 2197, "pct_low_access_half_mile": 22.09}}, {"type": "Feature", "geometry": {"type": "Point", "coordinates": [-96.7615974, 32.862854]}, "properties": {"tract_geoid": "48113007915", "land_sqmi": 0.079, "population": 1944, "median_household_income": 73739.0, "poverty_count": 78, "poverty_universe": 1944, "snap_households": 44, "snap_universe": 1196, "pct_low_access_half_mile": 0.0}}, {"type": "Feature", "geometry": {"type": "Point", "coordinates": [-96.7573272, 32.8600626]}, "properties": {"tract_geoid": "48113007916", "land_sqmi": 0.083, "population": 1366, "median_household_income": 96976.0, "poverty_count": 42, "poverty_universe": 1366, "snap_households": 0, "snap_universe": 846, "pct_low_access_half_mile": 0.0}}, {"type": "Feature", "geometry": {"type": "Point", "coordinates": [-96.7344154, 32.8363823]}, "properties": {"tract_geoid": "48113008000", "land_sqmi": 2.261, "population": 7522, "median_household_income": 250001.0, "poverty_count": 33, "poverty_universe": 7522, "snap_households": 0, "snap_universe": 2650, "pct_low_access_half_mile": 86.58}}, {"type": "Feature", "geometry": {"type": "Point", "coordinates": [-96.7155818, 32.8249779]}, "properties": {"tract_geoid": "48113008101", "land_sqmi": 0.506, "population": 1834, "median_household_income": 66352.0, "poverty_count": 238, "poverty_universe": 1768, "snap_households": 41, "snap_universe": 1217, "pct_low_access_half_mile": 30.69}}, {"type": "Feature", "geometry": {"type": "Point", "coordinates": [-96.7107458, 32.818183]}, "properties": {"tract_geoid": "48113008102", "land_sqmi": 1.556, "population": 4042, "median_household_income": 188125.0, "poverty_count": 186, "poverty_universe": 4033, "snap_households": 72, "snap_universe": 1833, "pct_low_access_half_mile": 68.09}}, {"type": "Feature", "geometry": {"type": "Point", "coordinates": [-96.6971135, 32.8387834]}, "properties": {"tract_geoid": "48113008200", "land_sqmi": 1.078, "population": 4186, "median_household_income": 80556.0, "poverty_count": 32, "poverty_universe": 4186, "snap_households": 40, "snap_universe": 1664, "pct_low_access_half_mile": 31.74}}, {"type": "Feature", "geometry": {"type": "Point", "coordinates": [-96.7096965, 32.7692619]}, "properties": {"tract_geoid": "48113008401", "land_sqmi": 0.786, "population": 5142, "median_household_income": 56420.0, "poverty_count": 729, "poverty_universe": 5142, "snap_households": 246, "snap_universe": 1666, "pct_low_access_half_mile": 62.69}}, {"type": "Feature", "geometry": {"type": "Point", "coordinates": [-96.7209541, 32.7807943]}, "properties": {"tract_geoid": "48113008402", "land_sqmi": 1.642, "population": 3707, "median_household_income": 64333.0, "poverty_count": 610, "poverty_universe": 3707, "snap_households": 199, "snap_universe": 1112, "pct_low_access_half_mile": 49.58}}, {"type": "Feature", "geometry": {"type": "Point", "coordinates": [-96.691452, 32.7706206]}, "properties": {"tract_geoid": "48113008500", "land_sqmi": 1.041, "population": 3637, "median_household_income": 52423.0, "poverty_count": 364, "poverty_universe": 3263, "snap_households": 193, "snap_universe": 1032, "pct_low_access_half_mile": 15.45}}, {"type": "Feature", "geometry": {"type": "Point", "coordinates": [-96.7700742, 32.7174152]}, "properties": {"tract_geoid": "48113008604", "land_sqmi": 0.487, "population": 2573, "median_household_income": 22619.0, "poverty_count": 1139, "poverty_universe": 2547, "snap_households": 421, "snap_universe": 1132, "pct_low_access_half_mile": 20.45}}, {"type": "Feature", "geometry": {"type": "Point", "coordinates": [-96.7629708, 32.6981594]}, "properties": {"tract_geoid": "48113008701", "land_sqmi": 2.012, "population": 5320, "median_household_income": 23938.0, "poverty_count": 2669, "poverty_universe": 5320, "snap_households": 710, "snap_universe": 1925, "pct_low_access_half_mile": 27.16}}, {"type": "Feature", "geometry": {"type": "Point", "coordinates": [-96.7825885, 32.7030426]}, "properties": {"tract_geoid": "48113008703", "land_sqmi": 0.551, "population": 3426, "median_household_income": 36506.0, "poverty_count": 1023, "poverty_universe": 3418, "snap_households": 355, "snap_universe": 1009, "pct_low_access_half_mile": 27.54}}, {"type": "Feature", "geometry": {"type": "Point", "coordinates": [-96.7815104, 32.6952241]}, "properties": {"tract_geoid": "48113008704", "land_sqmi": 0.884, "population": 4649, "median_household_income": 17442.0, "poverty_count": 2077, "poverty_universe": 4649, "snap_households": 569, "snap_universe": 1667, "pct_low_access_half_mile": 4.71}}, {"type": "Feature", "geometry": {"type": "Point", "coordinates": [-96.7780189, 32.6857886]}, "properties": {"tract_geoid": "48113008705", "land_sqmi": 0.778, "population": 1657, "median_household_income": 36786.0, "poverty_count": 644, "poverty_universe": 1657, "snap_households": 93, "snap_universe": 546, "pct_low_access_half_mile": 64.37}}, {"type": "Feature", "geometry": {"type": "Point", "coordinates": [-96.7927288, 32.7189171]}, "properties": {"tract_geoid": "48113008801", "land_sqmi": 0.894, "population": 2721, "median_household_income": 41476.0, "poverty_count": 615, "poverty_universe": 2721, "snap_households": 169, "snap_universe": 1148, "pct_low_access_half_mile": 50.24}}, {"type": "Feature", "geometry": {"type": "Point", "coordinates": [-96.7874422, 32.7103239]}, "properties": {"tract_geoid": "48113008802", "land_sqmi": 0.963, "population": 5494, "median_household_income": 32480.0, "poverty_count": 1395, "poverty_universe": 5243, "snap_households": 671, "snap_universe": 1821, "pct_low_access_half_mile": 22.35}}, {"type": "Feature", "geometry": {"type": "Point", "coordinates": [-96.6770919, 32.7664397]}, "properties": {"tract_geoid": "48113009001", "land_sqmi": 1.006, "population": 5422, "median_household_income": 59757.0, "poverty_count": 717, "poverty_universe": 5422, "snap_households": 311, "snap_universe": 1742, "pct_low_access_half_mile": 69.69}}, {"type": "Feature", "geometry": {"type": "Point", "coordinates": [-96.6722114, 32.7535816]}, "properties": {"tract_geoid": "48113009002", "land_sqmi": 0.655, "population": 4389, "median_household_income": 48538.0, "poverty_count": 792, "poverty_universe": 4389, "snap_households": 292, "snap_universe": 1403, "pct_low_access_half_mile": 48.3}}, {"type": "Feature", "geometry": {"type": "Point", "coordinates": [-96.6943549, 32.7565634]}, "properties": {"tract_geoid": "48113009101", "land_sqmi": 1.31, "population": 5503, "median_household_income": 61011.0, "poverty_count": 672, "poverty_universe": 5503, "snap_households": 320, "snap_universe": 1963, "pct_low_access_half_mile": 53.91}}, {"type": "Feature", "geometry": {"type": "Point", "coordinates": [-96.704405, 32.7406777]}, "properties": {"tract_geoid": "48113009103", "land_sqmi": 0.476, "population": 3895, "median_household_income": 50927.0, "poverty_count": 1516, "poverty_universe": 3895, "snap_households": 326, "snap_universe": 961, "pct_low_access_half_mile": 22.27}}, {"type": "Feature", "geometry": {"type": "Point", "coordinates": [-96.6918377, 32.7455406]}, "properties": {"tract_geoid": "48113009104", "land_sqmi": 0.469, "population": 3477, "median_household_income": 71298.0, "poverty_count": 698, "poverty_universe": 3458, "snap_households": 132, "snap_universe": 1061, "pct_low_access_half_mile": 32.73}}, {"type": "Feature", "geometry": {"type": "Point", "coordinates": [-96.6911076, 32.7383023]}, "properties": {"tract_geoid": "48113009105", "land_sqmi": 0.539, "population": 3480, "median_household_income": 61804.0, "poverty_count": 1068, "poverty_universe": 3480, "snap_households": 121, "snap_universe": 1036, "pct_low_access_half_mile": 26.65}}, {"type": "Feature", "geometry": {"type": "Point", "coordinates": [-96.6736676, 32.7273351]}, "properties": {"tract_geoid": "48113009202", "land_sqmi": 1.073, "population": 5453, "median_household_income": 48497.0, "poverty_count": 1503, "poverty_universe": 5453, "snap_households": 328, "snap_universe": 1501, "pct_low_access_half_mile": 61.72}}, {"type": "Feature", "geometry": {"type": "Point", "coordinates": [-96.6737472, 32.738722]}, "properties": {"tract_geoid": "48113009203", "land_sqmi": 0.559, "population": 4318, "median_household_income": 59052.0, "poverty_count": 614, "poverty_universe": 4318, "snap_households": 147, "snap_universe": 1126, "pct_low_access_half_mile": 41.51}}, {"type": "Feature", "geometry": {"type": "Point", "coordinates": [-96.671806, 32.7455971]}, "properties": {"tract_geoid": "48113009204", "land_sqmi": 0.616, "population": 2365, "median_household_income": 50773.0, "poverty_count": 415, "poverty_universe": 2365, "snap_households": 144, "snap_universe": 778, "pct_low_access_half_mile": 55.2}}, {"type": "Feature", "geometry": {"type": "Point", "coordinates": [-96.6930624, 32.7286814]}, "properties": {"tract_geoid": "48113009301", "land_sqmi": 1.051, "population": 5267, "median_household_income": 64255.0, "poverty_count": 874, "poverty_universe": 5229, "snap_households": 133, "snap_universe": 1292, "pct_low_access_half_mile": 33.18}}, {"type": "Feature", "geometry": {"type": "Point", "coordinates": [-96.7242418, 32.7209387]}, "properties": {"tract_geoid": "48113009303", "land_sqmi": 1.973, "population": 3536, "median_household_income": 57092.0, "poverty_count": 523, "poverty_universe": 3528, "snap_households": 121, "snap_universe": 956, "pct_low_access_half_mile": 33.23}}, {"type": "Feature", "geometry": {"type": "Point", "coordinates": [-96.6996414, 32.7172325]}, "properties": {"tract_geoid": "48113009304", "land_sqmi": 1.132, "population": 9059, "median_household_income": 33786.0, "poverty_count": 4112, "poverty_universe": 9059, "snap_households": 1252, "snap_universe": 2694, "pct_low_access_half_mile": 39.64}}, {"type": "Feature", "geometry": {"type": "Point", "coordinates": [-96.8520324, 32.8718277]}, "properties": {"tract_geoid": "48113009401", "land_sqmi": 0.613, "population": 3251, "median_household_income": 100806.0, "poverty_count": 516, "poverty_universe": 3251, "snap_households": 81, "snap_universe": 1266, "pct_low_access_half_mile": 56.72}}, {"type": "Feature", "geometry": {"type": "Point", "coordinates": [-96.843165, 32.8712584]}, "properties": {"tract_geoid": "48113009402", "land_sqmi": 0.638, "population": 2420, "median_household_income": 210795.0, "poverty_count": 65, "poverty_universe": 2420, "snap_households": 5, "snap_universe": 1145, "pct_low_access_half_mile": 88.46}}, {"type": "Feature", "geometry": {"type": "Point", "coordinates": [-96.8473631, 32.8877385]}, "properties": {"tract_geoid": "48113009500", "land_sqmi": 1.052, "population": 2215, "median_household_income": 202857.0, "poverty_count": 144, "poverty_universe": 2215, "snap_households": 8, "snap_universe": 824, "pct_low_access_half_mile": 92.34}}, {"type": "Feature", "geometry": {"type": "Point", "coordinates": [-96.8278434, 32.9174231]}, "properties": {"tract_geoid": "48113009603", "land_sqmi": 1.361, "population": 5041, "median_household_income": 152188.0, "poverty_count": 273, "poverty_universe": 5041, "snap_households": 80, "snap_universe": 2010, "pct_low_access_half_mile": 92.68}}, {"type": "Feature", "geometry": {"type": "Point", "coordinates": [-96.8092909, 32.9195766]}, "properties": {"tract_geoid": "48113009604", "land_sqmi": 0.917, "population": 3781, "median_household_income": 47083.0, "poverty_count": 681, "poverty_universe": 3680, "snap_households": 121, "snap_universe": 2194, "pct_low_access_half_mile": 70.6}}, {"type": "Feature", "geometry": {"type": "Point", "coordinates": [-96.8674949, 32.9122419]}, "properties": {"tract_geoid": "48113009605", "land_sqmi": 0.526, "population": 3247, "median_household_income": 77585.0, "poverty_count": 106, "poverty_universe": 3247, "snap_households": 39, "snap_universe": 1032, "pct_low_access_half_mile": 10.98}}, {"type": "Feature", "geometry": {"type": "Point", "coordinates": [-96.8640984, 32.9026083]}, "properties": {"tract_geoid": "48113009607", "land_sqmi": 0.91, "population": 3727, "median_household_income": 135000.0, "poverty_count": 36, "poverty_universe": 3677, "snap_households": 0, "snap_universe": 1328, "pct_low_access_half_mile": 39.14}}, {"type": "Feature", "geometry": {"type": "Point", "coordinates": [-96.8462663, 32.9159703]}, "properties": {"tract_geoid": "48113009608", "land_sqmi": 0.873, "population": 2907, "median_household_income": 123958.0, "poverty_count": 47, "poverty_universe": 2901, "snap_households": 42, "snap_universe": 1119, "pct_low_access_half_mile": 71.5}}, {"type": "Feature", "geometry": {"type": "Point", "coordinates": [-96.847291, 32.9023839]}, "properties": {"tract_geoid": "48113009609", "land_sqmi": 1.043, "population": 3183, "median_household_income": 190670.0, "poverty_count": 43, "poverty_universe": 3179, "snap_households": 10, "snap_universe": 1183, "pct_low_access_half_mile": 75.75}}, {"type": "Feature", "geometry": {"type": "Point", "coordinates": [-96.885631, 32.9027823]}, "properties": {"tract_geoid": "48113009610", "land_sqmi": 0.49, "population": 5055, "median_household_income": 52348.0, "poverty_count": 847, "poverty_universe": 5055, "snap_households": 286, "snap_universe": 1291, "pct_low_access_half_mile": 41.27}}, {"type": "Feature", "geometry": {"type": "Point", "coordinates": [-96.8765214, 32.9021569]}, "properties": {"tract_geoid": "48113009611", "land_sqmi": 0.537, "population": 3538, "median_household_income": 83270.0, "poverty_count": 359, "poverty_universe": 3514, "snap_households": 88, "snap_universe": 1299, "pct_low_access_half_mile": 12.01}}, {"type": "Feature", "geometry": {"type": "Point", "coordinates": [-96.8771563, 32.8879437]}, "properties": {"tract_geoid": "48113009701", "land_sqmi": 0.983, "population": 4959, "median_household_income": 78365.0, "poverty_count": 1101, "poverty_universe": 4929, "snap_households": 119, "snap_universe": 1497, "pct_low_access_half_mile": 47.1}}, {"type": "Feature", "geometry": {"type": "Point", "coordinates": [-96.8626297, 32.8885622]}, "properties": {"tract_geoid": "48113009702", "land_sqmi": 0.726, "population": 3219, "median_household_income": 164547.0, "poverty_count": 89, "poverty_universe": 3219, "snap_households": 6, "snap_universe": 1177, "pct_low_access_half_mile": 76.76}}, {"type": "Feature", "geometry": {"type": "Point", "coordinates": [-96.8601742, 32.8717552]}, "properties": {"tract_geoid": "48113009802", "land_sqmi": 0.597, "population": 5776, "median_household_income": 56923.0, "poverty_count": 798, "poverty_universe": 5760, "snap_households": 232, "snap_universe": 1763, "pct_low_access_half_mile": 12.88}}, {"type": "Feature", "geometry": {"type": "Point", "coordinates": [-96.8751947, 32.87597]}, "properties": {"tract_geoid": "48113009803", "land_sqmi": 0.561, "population": 2180, "median_household_income": 93100.0, "poverty_count": 114, "poverty_universe": 2180, "snap_households": 73, "snap_universe": 696, "pct_low_access_half_mile": 66.85}}, {"type": "Feature", "geometry": {"type": "Point", "coordinates": [-96.8716044, 32.8701843]}, "properties": {"tract_geoid": "48113009804", "land_sqmi": 0.4, "population": 6705, "median_household_income": 42756.0, "poverty_count": 1746, "poverty_universe": 6683, "snap_households": 342, "snap_universe": 1947, "pct_low_access_half_mile": 27.89}}, {"type": "Feature", "geometry": {"type": "Point", "coordinates": [-96.9082259, 32.8844801]}, "properties": {"tract_geoid": "48113009900", "land_sqmi": 9.021, "population": 6347, "median_household_income": 83482.0, "poverty_count": 352, "poverty_universe": 6276, "snap_households": 47, "snap_universe": 3266, "pct_low_access_half_mile": 54.47}}, {"type": "Feature", "geometry": {"type": "Point", "coordinates": [-96.8557869, 32.8239951]}, "properties": {"tract_geoid": "48113010001", "land_sqmi": 2.823, "population": 2386, "median_household_income": 40299.0, "poverty_count": 522, "poverty_universe": 2243, "snap_households": 333, "snap_universe": 971, "pct_low_access_half_mile": 43.23}}, {"type": "Feature", "geometry": {"type": "Point", "coordinates": [-96.8133108, 32.7727791]}, "properties": {"tract_geoid": "48113010002", "land_sqmi": 0.686, "population": 4960, "median_household_income": null, "poverty_count": 0, "poverty_universe": 0, "snap_households": 0, "snap_universe": 0, "pct_low_access_half_mile": 81.98}}, {"type": "Feature", "geometry": {"type": "Point", "coordinates": [-96.8679172, 32.8100866]}, "properties": {"tract_geoid": "48113010003", "land_sqmi": 8.613, "population": 3437, "median_household_income": 83995.0, "poverty_count": 757, "poverty_universe": 3399, "snap_households": 72, "snap_universe": 2354, "pct_low_access_half_mile": 46.71}}, {"type": "Feature", "geometry": {"type": "Point", "coordinates": [-96.8488061, 32.7878308]}, "properties": {"tract_geoid": "48113010101", "land_sqmi": 1.047, "population": 4370, "median_household_income": 45051.0, "poverty_count": 640, "poverty_universe": 4370, "snap_households": 352, "snap_universe": 1351, "pct_low_access_half_mile": 22.19}}, {"type": "Feature", "geometry": {"type": "Point", "coordinates": [-96.8345385, 32.7830388]}, "properties": {"tract_geoid": "48113010102", "land_sqmi": 0.694, "population": 3425, "median_household_income": 58953.0, "poverty_count": 547, "poverty_universe": 3425, "snap_households": 314, "snap_universe": 881, "pct_low_access_half_mile": 14.71}}, {"type": "Feature", "geometry": {"type": "Point", "coordinates": [-96.8875949, 32.7768468]}, "properties": {"tract_geoid": "48113010500", "land_sqmi": 1.911, "population": 3147, "median_household_income": 56904.0, "poverty_count": 1204, "poverty_universe": 3147, "snap_households": 74, "snap_universe": 901, "pct_low_access_half_mile": 35.46}}, {"type": "Feature", "geometry": {"type": "Point", "coordinates": [-96.8979923, 32.7874552]}, "properties": {"tract_geoid": "48113010601", "land_sqmi": 2.649, "population": 5765, "median_household_income": 65769.0, "poverty_count": 510, "poverty_universe": 5718, "snap_households": 79, "snap_universe": 1502, "pct_low_access_half_mile": 40.22}}, {"type": "Feature", "geometry": {"type": "Point", "coordinates": [-96.9156261, 32.7740423]}, "properties": {"tract_geoid": "48113010602", "land_sqmi": 1.074, "population": 3015, "median_household_income": 36910.0, "poverty_count": 942, "poverty_universe": 3015, "snap_households": 317, "snap_universe": 881, "pct_low_access_half_mile": 32.63}}, {"type": "Feature", "geometry": {"type": "Point", "coordinates": [-96.9001936, 32.760449]}, "properties": {"tract_geoid": "48113010701", "land_sqmi": 3.913, "population": 6615, "median_household_income": 48225.0, "poverty_count": 2072, "poverty_universe": 6615, "snap_households": 379, "snap_universe": 1948, "pct_low_access_half_mile": 56.2}}, {"type": "Feature", "geometry": {"type": "Point", "coordinates": [-96.9075062, 32.7368272]}, "properties": {"tract_geoid": "48113010704", "land_sqmi": 2.1, "population": 6716, "median_household_income": 42530.0, "poverty_count": 2787, "poverty_universe": 6716, "snap_households": 530, "snap_universe": 1885, "pct_low_access_half_mile": 48.49}}, {"type": "Feature", "geometry": {"type": "Point", "coordinates": [-96.8627603, 32.7132352]}, "properties": {"tract_geoid": "48113010804", "land_sqmi": 0.762, "population": 5281, "median_household_income": 37841.0, "poverty_count": 2048, "poverty_universe": 5281, "snap_households": 765, "snap_universe": 1700, "pct_low_access_half_mile": 58.69}}, {"type": "Feature", "geometry": {"type": "Point", "coordinates": [-96.8793984, 32.7115251]}, "properties": {"tract_geoid": "48113010805", "land_sqmi": 1.18, "population": 5241, "median_household_income": 52143.0, "poverty_count": 1350, "poverty_universe": 5004, "snap_households": 333, "snap_universe": 1472, "pct_low_access_half_mile": 39.48}}, {"type": "Feature", "geometry": {"type": "Point", "coordinates": [-96.8677107, 32.6979437]}, "properties": {"tract_geoid": "48113010806", "land_sqmi": 1.174, "population": 3684, "median_household_income": 119342.0, "poverty_count": 584, "poverty_universe": 3676, "snap_households": 88, "snap_universe": 1292, "pct_low_access_half_mile": 52.99}}, {"type": "Feature", "geometry": {"type": "Point", "coordinates": [-96.8859012, 32.696268]}, "properties": {"tract_geoid": "48113010807", "land_sqmi": 1.138, "population": 4975, "median_household_income": 53683.0, "poverty_count": 1768, "poverty_universe": 4975, "snap_households": 214, "snap_universe": 1367, "pct_low_access_half_mile": 30.76}}, {"type": "Feature", "geometry": {"type": "Point", "coordinates": [-96.9069772, 32.7171961]}, "properties": {"tract_geoid": "48113010808", "land_sqmi": 0.377, "population": 3267, "median_household_income": 47393.0, "poverty_count": 125, "poverty_universe": 3267, "snap_households": 313, "snap_universe": 1309, "pct_low_access_half_mile": 56.03}}, {"type": "Feature", "geometry": {"type": "Point", "coordinates": [-96.8965208, 32.7138424]}, "properties": {"tract_geoid": "48113010809", "land_sqmi": 0.753, "population": 5323, "median_household_income": 41053.0, "poverty_count": 1041, "poverty_universe": 5236, "snap_households": 284, "snap_universe": 1864, "pct_low_access_half_mile": 52.88}}, {"type": "Feature", "geometry": {"type": "Point", "coordinates": [-96.8868369, 32.6764345]}, "properties": {"tract_geoid": "48113010903", "land_sqmi": 1.094, "population": 4418, "median_household_income": 37090.0, "poverty_count": 999, "poverty_universe": 4418, "snap_households": 517, "snap_universe": 1947, "pct_low_access_half_mile": 22.21}}, {"type": "Feature", "geometry": {"type": "Point", "coordinates": [-96.8721507, 32.6757414]}, "properties": {"tract_geoid": "48113010904", "land_sqmi": 2.943, "population": 4006, "median_household_income": 48216.0, "poverty_count": 570, "poverty_universe": 4006, "snap_households": 421, "snap_universe": 1895, "pct_low_access_half_mile": 30.53}}, {"type": "Feature", "geometry": {"type": "Point", "coordinates": [-96.8721986, 32.6560945]}, "properties": {"tract_geoid": "48113010905", "land_sqmi": 0.193, "population": 3212, "median_household_income": 38353.0, "poverty_count": 1389, "poverty_universe": 3212, "snap_households": 551, "snap_universe": 1413, "pct_low_access_half_mile": 44.3}}, {"type": "Feature", "geometry": {"type": "Point", "coordinates": [-96.8624635, 32.6591538]}, "properties": {"tract_geoid": "48113010906", "land_sqmi": 1.071, "population": 3479, "median_household_income": 58680.0, "poverty_count": 343, "poverty_universe": 3479, "snap_households": 275, "snap_universe": 1405, "pct_low_access_half_mile": 18.71}}, {"type": "Feature", "geometry": {"type": "Point", "coordinates": [-96.8322342, 32.6819562]}, "properties": {"tract_geoid": "48113011002", "land_sqmi": 1.074, "population": 3666, "median_household_income": 65789.0, "poverty_count": 285, "poverty_universe": 3657, "snap_households": 319, "snap_universe": 1444, "pct_low_access_half_mile": 77.51}}, {"type": "Feature", "geometry": {"type": "Point", "coordinates": [-96.8470357, 32.6800036]}, "properties": {"tract_geoid": "48113011003", "land_sqmi": 0.939, "population": 4022, "median_household_income": 59677.0, "poverty_count": 845, "poverty_universe": 4022, "snap_households": 83, "snap_universe": 1698, "pct_low_access_half_mile": 87.16}}, {"type": "Feature", "geometry": {"type": "Point", "coordinates": [-96.853189, 32.6861446]}, "properties": {"tract_geoid": "48113011004", "land_sqmi": 0.36, "population": 2503, "median_household_income": 57949.0, "poverty_count": 492, "poverty_universe": 2503, "snap_households": 238, "snap_universe": 994, "pct_low_access_half_mile": 72.02}}, {"type": "Feature", "geometry": {"type": "Point", "coordinates": [-96.8479962, 32.6581693]}, "properties": {"tract_geoid": "48113011101", "land_sqmi": 1.901, "population": 4552, "median_household_income": 67964.0, "poverty_count": 924, "poverty_universe": 4552, "snap_households": 139, "snap_universe": 1625, "pct_low_access_half_mile": 64.96}}, {"type": "Feature", "geometry": {"type": "Point", "coordinates": [-96.8311433, 32.6682905]}, "properties": {"tract_geoid": "48113011103", "land_sqmi": 0.823, "population": 3317, "median_household_income": 39186.0, "poverty_count": 897, "poverty_universe": 3317, "snap_households": 340, "snap_universe": 1152, "pct_low_access_half_mile": 64.18}}, {"type": "Feature", "geometry": {"type": "Point", "coordinates": [-96.8352696, 32.6520222]}, "properties": {"tract_geoid": "48113011104", "land_sqmi": 0.754, "population": 5353, "median_household_income": 42344.0, "poverty_count": 1159, "poverty_universe": 5353, "snap_households": 343, "snap_universe": 1564, "pct_low_access_half_mile": 46.75}}, {"type": "Feature", "geometry": {"type": "Point", "coordinates": [-96.8269671, 32.6527317]}, "properties": {"tract_geoid": "48113011105", "land_sqmi": 0.589, "population": 5349, "median_household_income": 43807.0, "poverty_count": 2216, "poverty_universe": 5349, "snap_households": 550, "snap_universe": 1675, "pct_low_access_half_mile": 85.84}}, {"type": "Feature", "geometry": {"type": "Point", "coordinates": [-96.8144928, 32.6523255]}, "properties": {"tract_geoid": "48113011201", "land_sqmi": 1.411, "population": 4319, "median_household_income": 62705.0, "poverty_count": 606, "poverty_universe": 4319, "snap_households": 283, "snap_universe": 1411, "pct_low_access_half_mile": 91.0}}, {"type": "Feature", "geometry": {"type": "Point", "coordinates": [-96.8146368, 32.6733797]}, "properties": {"tract_geoid": "48113011202", "land_sqmi": 1.498, "population": 2569, "median_household_income": 63661.0, "poverty_count": 254, "poverty_universe": 2569, "snap_households": 187, "snap_universe": 885, "pct_low_access_half_mile": 37.02}}, {"type": "Feature", "geometry": {"type": "Point", "coordinates": [-96.7955642, 32.6663398]}, "properties": {"tract_geoid": "48113011300", "land_sqmi": 2.971, "population": 5173, "median_household_income": 49643.0, "poverty_count": 1057, "poverty_universe": 5108, "snap_households": 301, "snap_universe": 1926, "pct_low_access_half_mile": 73.99}}, {"type": "Feature", "geometry": {"type": "Point", "coordinates": [-96.7666327, 32.6745231]}, "properties": {"tract_geoid": "48113011401", "land_sqmi": 1.645, "population": 6111, "median_household_income": 36888.0, "poverty_count": 2406, "poverty_universe": 5925, "snap_households": 770, "snap_universe": 1932, "pct_low_access_half_mile": 68.34}}, {"type": "Feature", "geometry": {"type": "Point", "coordinates": [-96.7268403, 32.7347662]}, "properties": {"tract_geoid": "48113011500", "land_sqmi": 5.836, "population": 4641, "median_household_income": 28040.0, "poverty_count": 2054, "poverty_universe": 4641, "snap_households": 468, "snap_universe": 1513, "pct_low_access_half_mile": 5.88}}, {"type": "Feature", "geometry": {"type": "Point", "coordinates": [-96.7163225, 32.7048154]}, "properties": {"tract_geoid": "48113011601", "land_sqmi": 3.862, "population": 3841, "median_household_income": 48358.0, "poverty_count": 734, "poverty_universe": 3841, "snap_households": 344, "snap_universe": 1151, "pct_low_access_half_mile": 47.84}}, {"type": "Feature", "geometry": {"type": "Point", "coordinates": [-96.6731385, 32.6958251]}, "properties": {"tract_geoid": "48113011603", "land_sqmi": 1.912, "population": 3506, "median_household_income": 60404.0, "poverty_count": 972, "poverty_universe": 3506, "snap_households": 241, "snap_universe": 863, "pct_low_access_half_mile": 58.26}}, {"type": "Feature", "geometry": {"type": "Point", "coordinates": [-96.6518761, 32.6885825]}, "properties": {"tract_geoid": "48113011604", "land_sqmi": 1.949, "population": 3381, "median_household_income": 62392.0, "poverty_count": 847, "poverty_universe": 3381, "snap_households": 166, "snap_universe": 1001, "pct_low_access_half_mile": 75.25}}, {"type": "Feature", "geometry": {"type": "Point", "coordinates": [-96.6620633, 32.7119955]}, "properties": {"tract_geoid": "48113011701", "land_sqmi": 1.842, "population": 6259, "median_household_income": 58506.0, "poverty_count": 703, "poverty_universe": 6259, "snap_households": 250, "snap_universe": 1876, "pct_low_access_half_mile": 43.38}}, {"type": "Feature", "geometry": {"type": "Point", "coordinates": [-96.6408821, 32.7052049]}, "properties": {"tract_geoid": "48113011702", "land_sqmi": 2.121, "population": 5639, "median_household_income": 57607.0, "poverty_count": 546, "poverty_universe": 5639, "snap_households": 414, "snap_universe": 1607, "pct_low_access_half_mile": 68.41}}, {"type": "Feature", "geometry": {"type": "Point", "coordinates": [-96.6404799, 32.72675]}, "properties": {"tract_geoid": "48113011801", "land_sqmi": 1.01, "population": 4873, "median_household_income": 56995.0, "poverty_count": 743, "poverty_universe": 4873, "snap_households": 298, "snap_universe": 1524, "pct_low_access_half_mile": 38.03}}, {"type": "Feature", "geometry": {"type": "Point", "coordinates": [-96.6552588, 32.7270532]}, "properties": {"tract_geoid": "48113011802", "land_sqmi": 0.935, "population": 4068, "median_household_income": 44976.0, "poverty_count": 1095, "poverty_universe": 4068, "snap_households": 147, "snap_universe": 957, "pct_low_access_half_mile": 46.86}}, {"type": "Feature", "geometry": {"type": "Point", "coordinates": [-96.6557005, 32.7410615]}, "properties": {"tract_geoid": "48113011901", "land_sqmi": 0.806, "population": 3581, "median_household_income": 54906.0, "poverty_count": 591, "poverty_universe": 3581, "snap_households": 247, "snap_universe": 1085, "pct_low_access_half_mile": 46.53}}, {"type": "Feature", "geometry": {"type": "Point", "coordinates": [-96.639815, 32.7414579]}, "properties": {"tract_geoid": "48113011902", "land_sqmi": 1.003, "population": 4432, "median_household_income": 64167.0, "poverty_count": 665, "poverty_universe": 4405, "snap_households": 122, "snap_universe": 1166, "pct_low_access_half_mile": 41.76}}, {"type": "Feature", "geometry": {"type": "Point", "coordinates": [-96.6583533, 32.7558865]}, "properties": {"tract_geoid": "48113012000", "land_sqmi": 0.985, "population": 10690, "median_household_income": 36948.0, "poverty_count": 3514, "poverty_universe": 10690, "snap_households": 758, "snap_universe": 3349, "pct_low_access_half_mile": 36.95}}, {"type": "Feature", "geometry": {"type": "Point", "coordinates": [-96.6522299, 32.7661976]}, "properties": {"tract_geoid": "48113012101", "land_sqmi": 0.322, "population": 3236, "median_household_income": 46483.0, "poverty_count": 1027, "poverty_universe": 3236, "snap_households": 320, "snap_universe": 1056, "pct_low_access_half_mile": 21.71}}, {"type": "Feature", "geometry": {"type": "Point", "coordinates": [-96.6643072, 32.7708901]}, "properties": {"tract_geoid": "48113012102", "land_sqmi": 0.801, "population": 3160, "median_household_income": 62237.0, "poverty_count": 693, "poverty_universe": 3160, "snap_households": 107, "snap_universe": 862, "pct_low_access_half_mile": 50.15}}, {"type": "Feature", "geometry": {"type": "Point", "coordinates": [-96.7083156, 32.7868448]}, "properties": {"tract_geoid": "48113012206", "land_sqmi": 1.016, "population": 5125, "median_household_income": 103036.0, "poverty_count": 234, "poverty_universe": 5059, "snap_households": 46, "snap_universe": 1838, "pct_low_access_half_mile": 79.34}}, {"type": "Feature", "geometry": {"type": "Point", "coordinates": [-96.6845008, 32.7859855]}, "properties": {"tract_geoid": "48113012207", "land_sqmi": 2.092, "population": 7094, "median_household_income": 55520.0, "poverty_count": 1323, "poverty_universe": 6888, "snap_households": 255, "snap_universe": 2553, "pct_low_access_half_mile": 19.84}}, {"type": "Feature", "geometry": {"type": "Point", "coordinates": [-96.7221332, 32.7998019]}, "properties": {"tract_geoid": "48113012208", "land_sqmi": 0.4, "population": 2587, "median_household_income": 32721.0, "poverty_count": 898, "poverty_universe": 2587, "snap_households": 344, "snap_universe": 994, "pct_low_access_half_mile": 1.15}}, {"type": "Feature", "geometry": {"type": "Point", "coordinates": [-96.7039329, 32.8127017]}, "properties": {"tract_geoid": "48113012209", "land_sqmi": 0.682, "population": 2208, "median_household_income": 115300.0, "poverty_count": 281, "poverty_universe": 2208, "snap_households": 0, "snap_universe": 1004, "pct_low_access_half_mile": 28.88}}, {"type": "Feature", "geometry": {"type": "Point", "coordinates": [-96.6915985, 32.811057]}, "properties": {"tract_geoid": "48113012210", "land_sqmi": 0.453, "population": 4166, "median_household_income": 46376.0, "poverty_count": 1075, "poverty_universe": 4166, "snap_households": 409, "snap_universe": 1926, "pct_low_access_half_mile": 32.01}}, {"type": "Feature", "geometry": {"type": "Point", "coordinates": [-96.6890352, 32.8022212]}, "properties": {"tract_geoid": "48113012211", "land_sqmi": 0.509, "population": 4753, "median_household_income": 39439.0, "poverty_count": 1291, "poverty_universe": 4753, "snap_households": 360, "snap_universe": 1921, "pct_low_access_half_mile": 11.9}}, {"type": "Feature", "geometry": {"type": "Point", "coordinates": [-96.7052038, 32.797569]}, "properties": {"tract_geoid": "48113012212", "land_sqmi": 0.646, "population": 4748, "median_household_income": 71895.0, "poverty_count": 324, "poverty_universe": 4705, "snap_households": 141, "snap_universe": 1371, "pct_low_access_half_mile": 29.23}}, {"type": "Feature", "geometry": {"type": "Point", "coordinates": [-96.7044537, 32.8043774]}, "properties": {"tract_geoid": "48113012213", "land_sqmi": 0.52, "population": 2054, "median_household_income": 87417.0, "poverty_count": 8, "poverty_universe": 2054, "snap_households": 41, "snap_universe": 963, "pct_low_access_half_mile": 47.17}}, {"type": "Feature", "geometry": {"type": "Point", "coordinates": [-96.6747376, 32.8174542]}, "properties": {"tract_geoid": "48113012301", "land_sqmi": 0.669, "population": 4783, "median_household_income": 60317.0, "poverty_count": 688, "poverty_universe": 4783, "snap_households": 216, "snap_universe": 1477, "pct_low_access_half_mile": 53.62}}, {"type": "Feature", "geometry": {"type": "Point", "coordinates": [-96.6755001, 32.8078631]}, "properties": {"tract_geoid": "48113012302", "land_sqmi": 0.922, "population": 8885, "median_household_income": 44176.0, "poverty_count": 3877, "poverty_universe": 8885, "snap_households": 780, "snap_universe": 2609, "pct_low_access_half_mile": 31.64}}, {"type": "Feature", "geometry": {"type": "Point", "coordinates": [-96.6848089, 32.8282285]}, "properties": {"tract_geoid": "48113012400", "land_sqmi": 1.179, "population": 4933, "median_household_income": 77606.0, "poverty_count": 554, "poverty_universe": 4924, "snap_households": 82, "snap_universe": 2155, "pct_low_access_half_mile": 57.84}}, {"type": "Feature", "geometry": {"type": "Point", "coordinates": [-96.6629202, 32.828286]}, "properties": {"tract_geoid": "48113012501", "land_sqmi": 0.544, "population": 3151, "median_household_income": 91189.0, "poverty_count": 324, "poverty_universe": 3151, "snap_households": 22, "snap_universe": 1006, "pct_low_access_half_mile": 75.2}}, {"type": "Feature", "geometry": {"type": "Point", "coordinates": [-96.6699461, 32.8309472]}, "properties": {"tract_geoid": "48113012502", "land_sqmi": 0.664, "population": 3507, "median_household_income": 58068.0, "poverty_count": 830, "poverty_universe": 3507, "snap_households": 134, "snap_universe": 1104, "pct_low_access_half_mile": 13.67}}, {"type": "Feature", "geometry": {"type": "Point", "coordinates": [-96.6601709, 32.8547596]}, "properties": {"tract_geoid": "48113012601", "land_sqmi": 0.855, "population": 6339, "median_household_income": 54651.0, "poverty_count": 316, "poverty_universe": 6339, "snap_households": 116, "snap_universe": 1728, "pct_low_access_half_mile": 31.89}}, {"type": "Feature", "geometry": {"type": "Point", "coordinates": [-96.6576767, 32.8408732]}, "properties": {"tract_geoid": "48113012603", "land_sqmi": 0.356, "population": 1947, "median_household_income": 102155.0, "poverty_count": 50, "poverty_universe": 1947, "snap_households": 50, "snap_universe": 588, "pct_low_access_half_mile": 47.48}}, {"type": "Feature", "geometry": {"type": "Point", "coordinates": [-96.6460224, 32.8428141]}, "properties": {"tract_geoid": "48113012604", "land_sqmi": 0.969, "population": 6798, "median_household_income": 49922.0, "poverty_count": 2237, "poverty_universe": 6772, "snap_households": 591, "snap_universe": 2492, "pct_low_access_half_mile": 62.41}}, {"type": "Feature", "geometry": {"type": "Point", "coordinates": [-96.6723974, 32.8521905]}, "properties": {"tract_geoid": "48113012701", "land_sqmi": 1.083, "population": 5634, "median_household_income": 60776.0, "poverty_count": 1070, "poverty_universe": 5419, "snap_households": 364, "snap_universe": 1995, "pct_low_access_half_mile": 28.07}}, {"type": "Feature", "geometry": {"type": "Point", "coordinates": [-96.6761459, 32.8397973]}, "properties": {"tract_geoid": "48113012702", "land_sqmi": 0.464, "population": 3054, "median_household_income": 60855.0, "poverty_count": 380, "poverty_universe": 3054, "snap_households": 147, "snap_universe": 991, "pct_low_access_half_mile": 10.46}}, {"type": "Feature", "geometry": {"type": "Point", "coordinates": [-96.6878402, 32.8613365]}, "properties": {"tract_geoid": "48113012801", "land_sqmi": 0.609, "population": 2447, "median_household_income": 80420.0, "poverty_count": 240, "poverty_universe": 2447, "snap_households": 65, "snap_universe": 971, "pct_low_access_half_mile": 60.95}}, {"type": "Feature", "geometry": {"type": "Point", "coordinates": [-96.6883096, 32.8520503]}, "properties": {"tract_geoid": "48113012802", "land_sqmi": 1.171, "population": 5012, "median_household_income": 130000.0, "poverty_count": 361, "poverty_universe": 5012, "snap_households": 98, "snap_universe": 2146, "pct_low_access_half_mile": 56.02}}, {"type": "Feature", "geometry": {"type": "Point", "coordinates": [-96.7118285, 32.8498924]}, "properties": {"tract_geoid": "48113012900", "land_sqmi": 1.833, "population": 4507, "median_household_income": 144375.0, "poverty_count": 144, "poverty_universe": 4507, "snap_households": 18, "snap_universe": 1959, "pct_low_access_half_mile": 65.91}}, {"type": "Feature", "geometry": {"type": "Point", "coordinates": [-96.7049852, 32.8745867]}, "properties": {"tract_geoid": "48113013005", "land_sqmi": 0.772, "population": 4690, "median_household_income": 134519.0, "poverty_count": 183, "poverty_universe": 4593, "snap_households": 27, "snap_universe": 1777, "pct_low_access_half_mile": 23.82}}, {"type": "Feature", "geometry": {"type": "Point", "coordinates": [-96.6939289, 32.8696362]}, "properties": {"tract_geoid": "48113013007", "land_sqmi": 0.61, "population": 3126, "median_household_income": 89537.0, "poverty_count": 573, "poverty_universe": 3126, "snap_households": 168, "snap_universe": 1302, "pct_low_access_half_mile": 50.4}}, {"type": "Feature", "geometry": {"type": "Point", "coordinates": [-96.7236148, 32.8859477]}, "properties": {"tract_geoid": "48113013008", "land_sqmi": 0.698, "population": 3095, "median_household_income": 127841.0, "poverty_count": 107, "poverty_universe": 3095, "snap_households": 0, "snap_universe": 1127, "pct_low_access_half_mile": 45.69}}, {"type": "Feature", "geometry": {"type": "Point", "coordinates": [-96.7127429, 32.8872819]}, "properties": {"tract_geoid": "48113013009", "land_sqmi": 0.673, "population": 4759, "median_household_income": 100345.0, "poverty_count": 543, "poverty_universe": 4759, "snap_households": 76, "snap_universe": 1623, "pct_low_access_half_mile": 30.63}}, {"type": "Feature", "geometry": {"type": "Point", "coordinates": [-96.6802329, 32.8688147]}, "properties": {"tract_geoid": "48113013010", "land_sqmi": 0.542, "population": 5189, "median_household_income": 40125.0, "poverty_count": 1005, "poverty_universe": 5189, "snap_households": 436, "snap_universe": 2558, "pct_low_access_half_mile": 6.48}}, {"type": "Feature", "geometry": {"type": "Point", "coordinates": [-96.6924424, 32.8781907]}, "properties": {"tract_geoid": "48113013011", "land_sqmi": 0.383, "population": 4681, "median_household_income": 51406.0, "poverty_count": 975, "poverty_universe": 4681, "snap_households": 426, "snap_universe": 1836, "pct_low_access_half_mile": 9.03}}, {"type": "Feature", "geometry": {"type": "Point", "coordinates": [-96.7137967, 32.8715665]}, "properties": {"tract_geoid": "48113013012", "land_sqmi": 0.526, "population": 2765, "median_household_income": 180293.0, "poverty_count": 69, "poverty_universe": 2765, "snap_households": 48, "snap_universe": 1097, "pct_low_access_half_mile": 37.24}}, {"type": "Feature", "geometry": {"type": "Point", "coordinates": [-96.7251465, 32.8690914]}, "properties": {"tract_geoid": "48113013013", "land_sqmi": 1.068, "population": 4571, "median_household_income": 179330.0, "poverty_count": 85, "poverty_universe": 4374, "snap_households": 0, "snap_universe": 1559, "pct_low_access_half_mile": 73.72}}, {"type": "Feature", "geometry": {"type": "Point", "coordinates": [-96.7790238, 32.9027113]}, "properties": {"tract_geoid": "48113013101", "land_sqmi": 1.012, "population": 2889, "median_household_income": 233068.0, "poverty_count": 10, "poverty_universe": 2829, "snap_households": 19, "snap_universe": 1172, "pct_low_access_half_mile": 76.31}}, {"type": "Feature", "geometry": {"type": "Point", "coordinates": [-96.7818016, 32.8876704]}, "properties": {"tract_geoid": "48113013102", "land_sqmi": 0.525, "population": 2019, "median_household_income": 163214.0, "poverty_count": 21, "poverty_universe": 2003, "snap_households": 0, "snap_universe": 866, "pct_low_access_half_mile": 97.82}}, {"type": "Feature", "geometry": {"type": "Point", "coordinates": [-96.7738781, 32.8834997]}, "properties": {"tract_geoid": "48113013104", "land_sqmi": 0.208, "population": 1903, "median_household_income": 150208.0, "poverty_count": 46, "poverty_universe": 1895, "snap_households": 0, "snap_universe": 1129, "pct_low_access_half_mile": 27.06}}, {"type": "Feature", "geometry": {"type": "Point", "coordinates": [-96.7751311, 32.893653]}, "properties": {"tract_geoid": "48113013106", "land_sqmi": 0.165, "population": 1543, "median_household_income": 65952.0, "poverty_count": 53, "poverty_universe": 1539, "snap_households": 32, "snap_universe": 964, "pct_low_access_half_mile": 75.15}}, {"type": "Feature", "geometry": {"type": "Point", "coordinates": [-96.7722324, 32.8916421]}, "properties": {"tract_geoid": "48113013107", "land_sqmi": 0.188, "population": 4435, "median_household_income": 50823.0, "poverty_count": 561, "poverty_universe": 4435, "snap_households": 230, "snap_universe": 2974, "pct_low_access_half_mile": 15.82}}, {"type": "Feature", "geometry": {"type": "Point", "coordinates": [-96.7959771, 32.9176801]}, "properties": {"tract_geoid": "48113013201", "land_sqmi": 1.057, "population": 2244, "median_household_income": 168837.0, "poverty_count": 151, "poverty_universe": 2226, "snap_households": 0, "snap_universe": 974, "pct_low_access_half_mile": 85.8}}, {"type": "Feature", "geometry": {"type": "Point", "coordinates": [-96.7776367, 32.9176103]}, "properties": {"tract_geoid": "48113013202", "land_sqmi": 1.127, "population": 4971, "median_household_income": 88073.0, "poverty_count": 188, "poverty_universe": 4971, "snap_households": 117, "snap_universe": 3032, "pct_low_access_half_mile": 59.66}}, {"type": "Feature", "geometry": {"type": "Point", "coordinates": [-96.7933933, 32.902679]}, "properties": {"tract_geoid": "48113013300", "land_sqmi": 0.96, "population": 1855, "median_household_income": 250001.0, "poverty_count": 37, "poverty_universe": 1855, "snap_households": 0, "snap_universe": 690, "pct_low_access_half_mile": 72.53}}, {"type": "Feature", "geometry": {"type": "Point", "coordinates": [-96.8113847, 32.902116]}, "properties": {"tract_geoid": "48113013400", "land_sqmi": 0.864, "population": 1788, "median_household_income": 250001.0, "poverty_count": 29, "poverty_universe": 1788, "snap_households": 0, "snap_universe": 617, "pct_low_access_half_mile": 64.26}}, {"type": "Feature", "geometry": {"type": "Point", "coordinates": [-96.828527, 32.9023925]}, "properties": {"tract_geoid": "48113013500", "land_sqmi": 1.147, "population": 2600, "median_household_income": 250001.0, "poverty_count": 146, "poverty_universe": 2600, "snap_households": 11, "snap_universe": 863, "pct_low_access_half_mile": 100.0}}, {"type": "Feature", "geometry": {"type": "Point", "coordinates": [-96.7749458, 32.9699569]}, "properties": {"tract_geoid": "48113013605", "land_sqmi": 1.086, "population": 5060, "median_household_income": 178558.0, "poverty_count": 208, "poverty_universe": 5009, "snap_households": 14, "snap_universe": 1746, "pct_low_access_half_mile": 66.02}}, {"type": "Feature", "geometry": {"type": "Point", "coordinates": [-96.7953513, 32.9561423]}, "properties": {"tract_geoid": "48113013606", "land_sqmi": 0.901, "population": 5559, "median_household_income": 86871.0, "poverty_count": 189, "poverty_universe": 5534, "snap_households": 55, "snap_universe": 2352, "pct_low_access_half_mile": 71.37}}, {"type": "Feature", "geometry": {"type": "Point", "coordinates": [-96.7778012, 32.9563121]}, "properties": {"tract_geoid": "48113013607", "land_sqmi": 0.817, "population": 3436, "median_household_income": 144313.0, "poverty_count": 165, "poverty_universe": 3427, "snap_households": 13, "snap_universe": 1369, "pct_low_access_half_mile": 58.39}}, {"type": "Feature", "geometry": {"type": "Point", "coordinates": [-96.7951918, 32.9387313]}, "properties": {"tract_geoid": "48113013608", "land_sqmi": 1.734, "population": 2563, "median_household_income": 144681.0, "poverty_count": 118, "poverty_universe": 2563, "snap_households": 0, "snap_universe": 1100, "pct_low_access_half_mile": 86.15}}, {"type": "Feature", "geometry": {"type": "Point", "coordinates": [-96.7772237, 32.9451758]}, "properties": {"tract_geoid": "48113013609", "land_sqmi": 0.693, "population": 3486, "median_household_income": 89375.0, "poverty_count": 460, "poverty_universe": 3486, "snap_households": 92, "snap_universe": 1096, "pct_low_access_half_mile": 50.06}}, {"type": "Feature", "geometry": {"type": "Point", "coordinates": [-96.7777134, 32.9322928]}, "properties": {"tract_geoid": "48113013610", "land_sqmi": 1.08, "population": 3705, "median_household_income": 80053.0, "poverty_count": 351, "poverty_universe": 3694, "snap_households": 5, "snap_universe": 1480, "pct_low_access_half_mile": 69.98}}, {"type": "Feature", "geometry": {"type": "Point", "coordinates": [-96.8140173, 32.9779621]}, "properties": {"tract_geoid": "48113013611", "land_sqmi": 1.515, "population": 2693, "median_household_income": 137327.0, "poverty_count": 24, "poverty_universe": 2693, "snap_households": 0, "snap_universe": 1319, "pct_low_access_half_mile": 92.21}}, {"type": "Feature", "geometry": {"type": "Point", "coordinates": [-96.8082826, 32.9328197]}, "properties": {"tract_geoid": "48113013615", "land_sqmi": 0.462, "population": 5335, "median_household_income": 60929.0, "poverty_count": 1140, "poverty_universe": 5245, "snap_households": 147, "snap_universe": 2448, "pct_low_access_half_mile": 0.0}}, {"type": "Feature", "geometry": {"type": "Point", "coordinates": [-96.7960964, 32.9818502]}, "properties": {"tract_geoid": "48113013617", "land_sqmi": 0.703, "population": 2736, "median_household_income": 153484.0, "poverty_count": 148, "poverty_universe": 2716, "snap_households": 25, "snap_universe": 1139, "pct_low_access_half_mile": 64.61}}, {"type": "Feature", "geometry": {"type": "Point", "coordinates": [-96.7764651, 32.9825622]}, "properties": {"tract_geoid": "48113013618", "land_sqmi": 0.548, "population": 3080, "median_household_income": 71797.0, "poverty_count": 412, "poverty_universe": 3057, "snap_households": 44, "snap_universe": 1291, "pct_low_access_half_mile": 40.54}}, {"type": "Feature", "geometry": {"type": "Point", "coordinates": [-96.7951314, 32.9706285]}, "properties": {"tract_geoid": "48113013619", "land_sqmi": 1.152, "population": 4996, "median_household_income": 153654.0, "poverty_count": 307, "poverty_universe": 4996, "snap_households": 13, "snap_universe": 1916, "pct_low_access_half_mile": 93.07}}, {"type": "Feature", "geometry": {"type": "Point", "coordinates": [-96.8173231, 32.961721]}, "properties": {"tract_geoid": "48113013620", "land_sqmi": 0.669, "population": 6736, "median_household_income": 84672.0, "poverty_count": 456, "poverty_universe": 6736, "snap_households": 85, "snap_universe": 4149, "pct_low_access_half_mile": 42.0}}, {"type": "Feature", "geometry": {"type": "Point", "coordinates": [-96.8087578, 32.9605446]}, "properties": {"tract_geoid": "48113013621", "land_sqmi": 0.352, "population": 4518, "median_household_income": 70376.0, "poverty_count": 300, "poverty_universe": 4518, "snap_households": 144, "snap_universe": 2376, "pct_low_access_half_mile": 53.33}}, {"type": "Feature", "geometry": {"type": "Point", "coordinates": [-96.8110809, 32.9496147]}, "properties": {"tract_geoid": "48113013622", "land_sqmi": 0.482, "population": 3113, "median_household_income": 66371.0, "poverty_count": 323, "poverty_universe": 2958, "snap_households": 51, "snap_universe": 1766, "pct_low_access_half_mile": 27.81}}, {"type": "Feature", "geometry": {"type": "Point", "coordinates": [-96.8188065, 32.9470837]}, "properties": {"tract_geoid": "48113013624", "land_sqmi": 0.254, "population": 4004, "median_household_income": 80536.0, "poverty_count": 157, "poverty_universe": 3941, "snap_households": 44, "snap_universe": 2498, "pct_low_access_half_mile": 10.35}}, {"type": "Feature", "geometry": {"type": "Point", "coordinates": [-96.8203727, 32.9432154]}, "properties": {"tract_geoid": "48113013625", "land_sqmi": 0.128, "population": 3014, "median_household_income": 62250.0, "poverty_count": 242, "poverty_universe": 3014, "snap_households": 109, "snap_universe": 1427, "pct_low_access_half_mile": 26.89}}, {"type": "Feature", "geometry": {"type": "Point", "coordinates": [-96.8173761, 32.9352665]}, "properties": {"tract_geoid": "48113013626", "land_sqmi": 0.271, "population": 2833, "median_household_income": 73971.0, "poverty_count": 447, "poverty_universe": 2833, "snap_households": 100, "snap_universe": 1472, "pct_low_access_half_mile": 0.0}}, {"type": "Feature", "geometry": {"type": "Point", "coordinates": [-96.8269049, 32.9744784]}, "properties": {"tract_geoid": "48113013627", "land_sqmi": 0.346, "population": 1653, "median_household_income": 72375.0, "poverty_count": 214, "poverty_universe": 1616, "snap_households": 18, "snap_universe": 799, "pct_low_access_half_mile": 73.25}}, {"type": "Feature", "geometry": {"type": "Point", "coordinates": [-96.8237394, 32.9492694]}, "properties": {"tract_geoid": "48113013628", "land_sqmi": 1.072, "population": 6562, "median_household_income": 81794.0, "poverty_count": 1123, "poverty_universe": 6562, "snap_households": 99, "snap_universe": 4234, "pct_low_access_half_mile": 81.27}}, {"type": "Feature", "geometry": {"type": "Point", "coordinates": [-96.8109604, 32.9411517]}, "properties": {"tract_geoid": "48113013629", "land_sqmi": 0.102, "population": 3166, "median_household_income": 59201.0, "poverty_count": 1319, "poverty_universe": 3166, "snap_households": 163, "snap_universe": 1180, "pct_low_access_half_mile": 0.0}}, {"type": "Feature", "geometry": {"type": "Point", "coordinates": [-96.8067075, 32.9444788]}, "properties": {"tract_geoid": "48113013630", "land_sqmi": 0.113, "population": 2396, "median_household_income": 60769.0, "poverty_count": 417, "poverty_universe": 2396, "snap_households": 92, "snap_universe": 1510, "pct_low_access_half_mile": 60.72}}, {"type": "Feature", "geometry": {"type": "Point", "coordinates": [-96.8057467, 32.940218]}, "properties": {"tract_geoid": "48113013631", "land_sqmi": 0.056, "population": 1958, "median_household_income": 53887.0, "poverty_count": 500, "poverty_universe": 1958, "snap_households": 50, "snap_universe": 725, "pct_low_access_half_mile": 52.93}}, {"type": "Feature", "geometry": {"type": "Point", "coordinates": [-96.8763847, 32.9499752]}, "properties": {"tract_geoid": "48113013715", "land_sqmi": 0.31, "population": 2206, "median_household_income": 100984.0, "poverty_count": 70, "poverty_universe": 2206, "snap_households": 8, "snap_universe": 697, "pct_low_access_half_mile": 98.55}}, {"type": "Feature", "geometry": {"type": "Point", "coordinates": [-96.905794, 32.9695313]}, "properties": {"tract_geoid": "48113013716", "land_sqmi": 1.513, "population": 5317, "median_household_income": 94667.0, "poverty_count": 228, "poverty_universe": 5239, "snap_households": 45, "snap_universe": 1864, "pct_low_access_half_mile": 62.17}}, {"type": "Feature", "geometry": {"type": "Point", "coordinates": [-96.9017557, 32.9590524]}, "properties": {"tract_geoid": "48113013717", "land_sqmi": 0.532, "population": 2834, "median_household_income": 65848.0, "poverty_count": 733, "poverty_universe": 2812, "snap_households": 59, "snap_universe": 928, "pct_low_access_half_mile": 82.1}}, {"type": "Feature", "geometry": {"type": "Point", "coordinates": [-96.8917345, 32.9601862]}, "properties": {"tract_geoid": "48113013718", "land_sqmi": 0.434, "population": 4295, "median_household_income": 63694.0, "poverty_count": 394, "poverty_universe": 4295, "snap_households": 112, "snap_universe": 1187, "pct_low_access_half_mile": 42.35}}, {"type": "Feature", "geometry": {"type": "Point", "coordinates": [-96.9173439, 32.9828926]}, "properties": {"tract_geoid": "48113013719", "land_sqmi": 1.787, "population": 4491, "median_household_income": 60227.0, "poverty_count": 738, "poverty_universe": 4491, "snap_households": 102, "snap_universe": 1884, "pct_low_access_half_mile": 65.63}}, {"type": "Feature", "geometry": {"type": "Point", "coordinates": [-96.8867773, 32.9809456]}, "properties": {"tract_geoid": "48113013720", "land_sqmi": 0.971, "population": 5130, "median_household_income": 74508.0, "poverty_count": 458, "poverty_universe": 5130, "snap_households": 149, "snap_universe": 1996, "pct_low_access_half_mile": 72.33}}, {"type": "Feature", "geometry": {"type": "Point", "coordinates": [-96.8715328, 32.9763628]}, "properties": {"tract_geoid": "48113013721", "land_sqmi": 1.296, "population": 5206, "median_household_income": 117951.0, "poverty_count": 348, "poverty_universe": 5100, "snap_households": 107, "snap_universe": 2172, "pct_low_access_half_mile": 86.09}}, {"type": "Feature", "geometry": {"type": "Point", "coordinates": [-96.8535275, 32.9799682]}, "properties": {"tract_geoid": "48113013722", "land_sqmi": 1.283, "population": 4593, "median_household_income": 63993.0, "poverty_count": 323, "poverty_universe": 4553, "snap_households": 30, "snap_universe": 2228, "pct_low_access_half_mile": 35.47}}, {"type": "Feature", "geometry": {"type": "Point", "coordinates": [-96.8463692, 32.962635]}, "properties": {"tract_geoid": "48113013725", "land_sqmi": 0.71, "population": 4233, "median_household_income": 55723.0, "poverty_count": 420, "poverty_universe": 4233, "snap_households": 53, "snap_universe": 2027, "pct_low_access_half_mile": 45.6}}, {"type": "Feature", "geometry": {"type": "Point", "coordinates": [-96.848552, 32.9449052]}, "properties": {"tract_geoid": "48113013726", "land_sqmi": 0.612, "population": 2599, "median_household_income": 87898.0, "poverty_count": 194, "poverty_universe": 2599, "snap_households": 60, "snap_universe": 1404, "pct_low_access_half_mile": 55.12}}, {"type": "Feature", "geometry": {"type": "Point", "coordinates": [-96.8383203, 32.9667888]}, "properties": {"tract_geoid": "48113013727", "land_sqmi": 1.99, "population": 4133, "median_household_income": 89831.0, "poverty_count": 131, "poverty_universe": 4133, "snap_households": 32, "snap_universe": 2113, "pct_low_access_half_mile": 47.99}}, {"type": "Feature", "geometry": {"type": "Point", "coordinates": [-96.8819165, 32.9425435]}, "properties": {"tract_geoid": "48113013728", "land_sqmi": 0.536, "population": 5031, "median_household_income": 73556.0, "poverty_count": 949, "poverty_universe": 4977, "snap_households": 107, "snap_universe": 1388, "pct_low_access_half_mile": 47.2}}, {"type": "Feature", "geometry": {"type": "Point", "coordinates": [-96.8958139, 32.9475715]}, "properties": {"tract_geoid": "48113013729", "land_sqmi": 1.189, "population": 7018, "median_household_income": 76974.0, "poverty_count": 514, "poverty_universe": 6935, "snap_households": 65, "snap_universe": 2699, "pct_low_access_half_mile": 29.42}}, {"type": "Feature", "geometry": {"type": "Point", "coordinates": [-96.8612613, 32.9206409]}, "properties": {"tract_geoid": "48113013804", "land_sqmi": 0.838, "population": 2674, "median_household_income": 92361.0, "poverty_count": 229, "poverty_universe": 2674, "snap_households": 9, "snap_universe": 1007, "pct_low_access_half_mile": 83.05}}, {"type": "Feature", "geometry": {"type": "Point", "coordinates": [-96.8517265, 32.9366961]}, "properties": {"tract_geoid": "48113013805", "land_sqmi": 0.22, "population": 3991, "median_household_income": 61829.0, "poverty_count": 376, "poverty_universe": 3991, "snap_households": 71, "snap_universe": 2461, "pct_low_access_half_mile": 59.79}}, {"type": "Feature", "geometry": {"type": "Point", "coordinates": [-96.8377949, 32.934965]}, "properties": {"tract_geoid": "48113013806", "land_sqmi": 2.279, "population": 4089, "median_household_income": 78200.0, "poverty_count": 649, "poverty_universe": 3986, "snap_households": 0, "snap_universe": 2114, "pct_low_access_half_mile": 77.37}}, {"type": "Feature", "geometry": {"type": "Point", "coordinates": [-96.8661372, 32.9299436]}, "properties": {"tract_geoid": "48113013807", "land_sqmi": 0.702, "population": 2759, "median_household_income": 117527.0, "poverty_count": 182, "poverty_universe": 2759, "snap_households": 36, "snap_universe": 948, "pct_low_access_half_mile": 97.77}}, {"type": "Feature", "geometry": {"type": "Point", "coordinates": [-96.8644563, 32.944017]}, "properties": {"tract_geoid": "48113013808", "land_sqmi": 1.213, "population": 2389, "median_household_income": 102778.0, "poverty_count": 90, "poverty_universe": 2389, "snap_households": 12, "snap_universe": 1214, "pct_low_access_half_mile": 66.46}}, {"type": "Feature", "geometry": {"type": "Point", "coordinates": [-96.8960363, 32.9315311]}, "properties": {"tract_geoid": "48113013901", "land_sqmi": 0.682, "population": 3674, "median_household_income": 69079.0, "poverty_count": 683, "poverty_universe": 3674, "snap_households": 92, "snap_universe": 1064, "pct_low_access_half_mile": 34.02}}, {"type": "Feature", "geometry": {"type": "Point", "coordinates": [-96.8817015, 32.9315145]}, "properties": {"tract_geoid": "48113013902", "land_sqmi": 0.972, "population": 3705, "median_household_income": 90795.0, "poverty_count": 661, "poverty_universe": 3705, "snap_households": 35, "snap_universe": 1329, "pct_low_access_half_mile": 74.4}}, {"type": "Feature", "geometry": {"type": "Point", "coordinates": [-96.8866073, 32.9173239]}, "properties": {"tract_geoid": "48113014001", "land_sqmi": 1.412, "population": 4620, "median_household_income": 95772.0, "poverty_count": 182, "poverty_universe": 4504, "snap_households": 250, "snap_universe": 1663, "pct_low_access_half_mile": 28.12}}, {"type": "Feature", "geometry": {"type": "Point", "coordinates": [-96.9200945, 32.9439955]}, "properties": {"tract_geoid": "48113014002", "land_sqmi": 8.459, "population": 2382, "median_household_income": 103672.0, "poverty_count": 54, "poverty_universe": 2382, "snap_households": 15, "snap_universe": 1395, "pct_low_access_half_mile": 92.29}}, {"type": "Feature", "geometry": {"type": "Point", "coordinates": [-96.9846196, 32.9585722]}, "properties": {"tract_geoid": "48113014119", "land_sqmi": 1.279, "population": 4231, "median_household_income": 130114.0, "poverty_count": 164, "poverty_universe": 4205, "snap_households": 44, "snap_universe": 1655, "pct_low_access_half_mile": 73.47}}, {"type": "Feature", "geometry": {"type": "Point", "coordinates": [-96.9669677, 32.9607963]}, "properties": {"tract_geoid": "48113014120", "land_sqmi": 1.192, "population": 5377, "median_household_income": 154643.0, "poverty_count": 94, "poverty_universe": 5377, "snap_households": 0, "snap_universe": 1860, "pct_low_access_half_mile": 88.2}}, {"type": "Feature", "geometry": {"type": "Point", "coordinates": [-96.9448755, 32.958913]}, "properties": {"tract_geoid": "48113014121", "land_sqmi": 1.466, "population": 5365, "median_household_income": 95758.0, "poverty_count": 453, "poverty_universe": 5365, "snap_households": 21, "snap_universe": 2658, "pct_low_access_half_mile": 72.72}}, {"type": "Feature", "geometry": {"type": "Point", "coordinates": [-96.960804, 32.9821055]}, "properties": {"tract_geoid": "48113014123", "land_sqmi": 2.494, "population": 6106, "median_household_income": 183333.0, "poverty_count": 44, "poverty_universe": 6042, "snap_households": 0, "snap_universe": 2082, "pct_low_access_half_mile": 84.44}}, {"type": "Feature", "geometry": {"type": "Point", "coordinates": [-96.9906614, 32.9177986]}, "properties": {"tract_geoid": "48113014124", "land_sqmi": 4.331, "population": 4213, "median_household_income": 203269.0, "poverty_count": 207, "poverty_universe": 4213, "snap_households": 0, "snap_universe": 1550, "pct_low_access_half_mile": 94.29}}, {"type": "Feature", "geometry": {"type": "Point", "coordinates": [-97.009458, 32.9527459]}, "properties": {"tract_geoid": "48113014126", "land_sqmi": 4.782, "population": 7080, "median_household_income": 140735.0, "poverty_count": 295, "poverty_universe": 7080, "snap_households": 10, "snap_universe": 2492, "pct_low_access_half_mile": 73.83}}, {"type": "Feature", "geometry": {"type": "Point", "coordinates": [-96.9594948, 32.9342794]}, "properties": {"tract_geoid": "48113014128", "land_sqmi": 0.434, "population": 4057, "median_household_income": 124202.0, "poverty_count": 113, "poverty_universe": 3994, "snap_households": 12, "snap_universe": 1496, "pct_low_access_half_mile": 23.61}}, {"type": "Feature", "geometry": {"type": "Point", "coordinates": [-96.9448806, 32.9222447]}, "properties": {"tract_geoid": "48113014130", "land_sqmi": 1.402, "population": 4217, "median_household_income": 118869.0, "poverty_count": 125, "poverty_universe": 4217, "snap_households": 30, "snap_universe": 1775, "pct_low_access_half_mile": 49.22}}, {"type": "Feature", "geometry": {"type": "Point", "coordinates": [-96.9467545, 32.9430347]}, "properties": {"tract_geoid": "48113014132", "land_sqmi": 0.445, "population": 2906, "median_household_income": 78536.0, "poverty_count": 614, "poverty_universe": 2906, "snap_households": 202, "snap_universe": 1093, "pct_low_access_half_mile": 62.63}}, {"type": "Feature", "geometry": {"type": "Point", "coordinates": [-96.982954, 32.98231]}, "properties": {"tract_geoid": "48113014134", "land_sqmi": 0.916, "population": 4088, "median_household_income": 161042.0, "poverty_count": 187, "poverty_universe": 4088, "snap_households": 0, "snap_universe": 1425, "pct_low_access_half_mile": 78.37}}, {"type": "Feature", "geometry": {"type": "Point", "coordinates": [-96.9825126, 32.9736434]}, "properties": {"tract_geoid": "48113014135", "land_sqmi": 0.655, "population": 4546, "median_household_income": 121157.0, "poverty_count": 253, "poverty_universe": 4546, "snap_households": 0, "snap_universe": 1653, "pct_low_access_half_mile": 87.4}}, {"type": "Feature", "geometry": {"type": "Point", "coordinates": [-96.9341133, 32.89948]}, "properties": {"tract_geoid": "48113014138", "land_sqmi": 1.051, "population": 4190, "median_household_income": 110857.0, "poverty_count": 162, "poverty_universe": 4190, "snap_households": 0, "snap_universe": 1928, "pct_low_access_half_mile": 60.57}}, {"type": "Feature", "geometry": {"type": "Point", "coordinates": [-97.0021333, 32.85859]}, "properties": {"tract_geoid": "48113014139", "land_sqmi": 0.15, "population": 2709, "median_household_income": 59836.0, "poverty_count": 336, "poverty_universe": 2709, "snap_households": 63, "snap_universe": 1267, "pct_low_access_half_mile": 0.0}}, {"type": "Feature", "geometry": {"type": "Point", "coordinates": [-97.0001817, 32.8621617]}, "properties": {"tract_geoid": "48113014140", "land_sqmi": 0.137, "population": 2649, "median_household_income": 59688.0, "poverty_count": 306, "poverty_universe": 2649, "snap_households": 62, "snap_universe": 1391, "pct_low_access_half_mile": 24.04}}, {"type": "Feature", "geometry": {"type": "Point", "coordinates": [-96.9487746, 32.9368454]}, "properties": {"tract_geoid": "48113014141", "land_sqmi": 0.143, "population": 2381, "median_household_income": 86996.0, "poverty_count": 199, "poverty_universe": 2381, "snap_households": 10, "snap_universe": 1031, "pct_low_access_half_mile": 32.0}}, {"type": "Feature", "geometry": {"type": "Point", "coordinates": [-96.9486071, 32.9310638]}, "properties": {"tract_geoid": "48113014142", "land_sqmi": 0.209, "population": 2336, "median_household_income": 84048.0, "poverty_count": 367, "poverty_universe": 2336, "snap_households": 74, "snap_universe": 1073, "pct_low_access_half_mile": 32.03}}, {"type": "Feature", "geometry": {"type": "Point", "coordinates": [-96.9490852, 32.9000616]}, "properties": {"tract_geoid": "48113014143", "land_sqmi": 0.92, "population": 4205, "median_household_income": 122011.0, "poverty_count": 300, "poverty_universe": 4205, "snap_households": 51, "snap_universe": 1848, "pct_low_access_half_mile": 34.41}}, {"type": "Feature", "geometry": {"type": "Point", "coordinates": [-96.9500705, 32.889849]}, "properties": {"tract_geoid": "48113014144", "land_sqmi": 1.357, "population": 5784, "median_household_income": 95542.0, "poverty_count": 632, "poverty_universe": 5784, "snap_households": 11, "snap_universe": 2688, "pct_low_access_half_mile": 78.61}}, {"type": "Feature", "geometry": {"type": "Point", "coordinates": [-96.9941487, 32.8587513]}, "properties": {"tract_geoid": "48113014145", "land_sqmi": 0.066, "population": 1230, "median_household_income": 57400.0, "poverty_count": 77, "poverty_universe": 1230, "snap_households": 24, "snap_universe": 702, "pct_low_access_half_mile": 0.0}}, {"type": "Feature", "geometry": {"type": "Point", "coordinates": [-96.9941549, 32.863068]}, "properties": {"tract_geoid": "48113014146", "land_sqmi": 0.09, "population": 2428, "median_household_income": 60327.0, "poverty_count": 392, "poverty_universe": 2428, "snap_households": 5, "snap_universe": 924, "pct_low_access_half_mile": 0.0}}, {"type": "Feature", "geometry": {"type": "Point", "coordinates": [-97.0145061, 32.8548998]}, "properties": {"tract_geoid": "48113014147", "land_sqmi": 0.22, "population": 2405, "median_household_income": 57075.0, "poverty_count": 219, "poverty_universe": 2405, "snap_households": 35, "snap_universe": 962, "pct_low_access_half_mile": 0.0}}, {"type": "Feature", "geometry": {"type": "Point", "coordinates": [-97.0153878, 32.8451884]}, "properties": {"tract_geoid": "48113014148", "land_sqmi": 0.823, "population": 3651, "median_household_income": 47060.0, "poverty_count": 291, "poverty_universe": 3651, "snap_households": 187, "snap_universe": 1393, "pct_low_access_half_mile": 57.02}}, {"type": "Feature", "geometry": {"type": "Point", "coordinates": [-96.9604337, 32.9244157]}, "properties": {"tract_geoid": "48113014149", "land_sqmi": 0.247, "population": 3715, "median_household_income": 99763.0, "poverty_count": 219, "poverty_universe": 3715, "snap_households": 18, "snap_universe": 1769, "pct_low_access_half_mile": 22.02}}, {"type": "Feature", "geometry": {"type": "Point", "coordinates": [-96.974191, 32.9220315]}, "properties": {"tract_geoid": "48113014150", "land_sqmi": 0.71, "population": 1295, "median_household_income": 187143.0, "poverty_count": 21, "poverty_universe": 1295, "snap_households": 25, "snap_universe": 402, "pct_low_access_half_mile": 17.06}}, {"type": "Feature", "geometry": {"type": "Point", "coordinates": [-96.9764025, 32.9010855]}, "properties": {"tract_geoid": "48113014151", "land_sqmi": 0.702, "population": 4560, "median_household_income": 128750.0, "poverty_count": 466, "poverty_universe": 4560, "snap_households": 0, "snap_universe": 1540, "pct_low_access_half_mile": 81.56}}, {"type": "Feature", "geometry": {"type": "Point", "coordinates": [-96.9635553, 32.9009096]}, "properties": {"tract_geoid": "48113014152", "land_sqmi": 0.38, "population": 3672, "median_household_income": 84444.0, "poverty_count": 292, "poverty_universe": 3610, "snap_households": 31, "snap_universe": 1847, "pct_low_access_half_mile": 77.06}}, {"type": "Feature", "geometry": {"type": "Point", "coordinates": [-96.9982485, 32.8460325]}, "properties": {"tract_geoid": "48113014153", "land_sqmi": 0.801, "population": 4581, "median_household_income": 66346.0, "poverty_count": 179, "poverty_universe": 4581, "snap_households": 121, "snap_universe": 1342, "pct_low_access_half_mile": 20.02}}, {"type": "Feature", "geometry": {"type": "Point", "coordinates": [-97.0052508, 32.8483636]}, "properties": {"tract_geoid": "48113014154", "land_sqmi": 0.473, "population": 3673, "median_household_income": 92697.0, "poverty_count": 48, "poverty_universe": 3673, "snap_households": 38, "snap_universe": 1095, "pct_low_access_half_mile": 56.37}}, {"type": "Feature", "geometry": {"type": "Point", "coordinates": [-96.9592168, 32.9417075]}, "properties": {"tract_geoid": "48113014155", "land_sqmi": 0.401, "population": 5988, "median_household_income": 105653.0, "poverty_count": 363, "poverty_universe": 5988, "snap_households": 27, "snap_universe": 2274, "pct_low_access_half_mile": 39.21}}, {"type": "Feature", "geometry": {"type": "Point", "coordinates": [-96.9646315, 32.9399259]}, "properties": {"tract_geoid": "48113014156", "land_sqmi": 0.589, "population": 3868, "median_household_income": 178022.0, "poverty_count": 69, "poverty_universe": 3851, "snap_households": 7, "snap_universe": 1328, "pct_low_access_half_mile": 87.47}}, {"type": "Feature", "geometry": {"type": "Point", "coordinates": [-96.9764148, 32.938367]}, "properties": {"tract_geoid": "48113014157", "land_sqmi": 2.297, "population": 2678, "median_household_income": 113698.0, "poverty_count": 66, "poverty_universe": 2678, "snap_households": 0, "snap_universe": 1466, "pct_low_access_half_mile": 2.77}}, {"type": "Feature", "geometry": {"type": "Point", "coordinates": [-96.9821066, 32.8714044]}, "properties": {"tract_geoid": "48113014158", "land_sqmi": 0.76, "population": 2948, "median_household_income": 63867.0, "poverty_count": 690, "poverty_universe": 2948, "snap_households": 116, "snap_universe": 1171, "pct_low_access_half_mile": 0.42}}, {"type": "Feature", "geometry": {"type": "Point", "coordinates": [-96.9859121, 32.8956369]}, "properties": {"tract_geoid": "48113014159", "land_sqmi": 2.295, "population": 3071, "median_household_income": 228478.0, "poverty_count": 2, "poverty_universe": 3071, "snap_households": 6, "snap_universe": 802, "pct_low_access_half_mile": 100.0}}, {"type": "Feature", "geometry": {"type": "Point", "coordinates": [-96.9978618, 32.8749903]}, "properties": {"tract_geoid": "48113014160", "land_sqmi": 0.924, "population": 2857, "median_household_income": 79890.0, "poverty_count": 422, "poverty_universe": 2784, "snap_households": 74, "snap_universe": 1211, "pct_low_access_half_mile": 39.42}}, {"type": "Feature", "geometry": {"type": "Point", "coordinates": [-97.0117301, 32.8620003]}, "properties": {"tract_geoid": "48113014161", "land_sqmi": 0.572, "population": 3758, "median_household_income": 54849.0, "poverty_count": 377, "poverty_universe": 3724, "snap_households": 215, "snap_universe": 1917, "pct_low_access_half_mile": 85.07}}, {"type": "Feature", "geometry": {"type": "Point", "coordinates": [-96.9458494, 32.8458405]}, "properties": {"tract_geoid": "48113014203", "land_sqmi": 0.64, "population": 2978, "median_household_income": 93271.0, "poverty_count": 226, "poverty_universe": 2978, "snap_households": 77, "snap_universe": 1037, "pct_low_access_half_mile": 52.48}}, {"type": "Feature", "geometry": {"type": "Point", "coordinates": [-96.9243531, 32.8479426]}, "properties": {"tract_geoid": "48113014204", "land_sqmi": 1.864, "population": 2959, "median_household_income": 79583.0, "poverty_count": 197, "poverty_universe": 2185, "snap_households": 23, "snap_universe": 860, "pct_low_access_half_mile": 100.0}}, {"type": "Feature", "geometry": {"type": "Point", "coordinates": [-96.9400304, 32.8568657]}, "properties": {"tract_geoid": "48113014205", "land_sqmi": 1.081, "population": 1804, "median_household_income": 172350.0, "poverty_count": 29, "poverty_universe": 1804, "snap_households": 7, "snap_universe": 741, "pct_low_access_half_mile": 97.51}}, {"type": "Feature", "geometry": {"type": "Point", "coordinates": [-96.9413079, 32.8722973]}, "properties": {"tract_geoid": "48113014207", "land_sqmi": 0.417, "population": 1863, "median_household_income": 93865.0, "poverty_count": 141, "poverty_universe": 1863, "snap_households": 0, "snap_universe": 1261, "pct_low_access_half_mile": 98.68}}, {"type": "Feature", "geometry": {"type": "Point", "coordinates": [-96.9353853, 32.8641543]}, "properties": {"tract_geoid": "48113014208", "land_sqmi": 0.271, "population": 2026, "median_household_income": 73025.0, "poverty_count": 40, "poverty_universe": 2026, "snap_households": 0, "snap_universe": 1451, "pct_low_access_half_mile": 100.0}}, {"type": "Feature", "geometry": {"type": "Point", "coordinates": [-96.9278773, 32.8641662]}, "properties": {"tract_geoid": "48113014209", "land_sqmi": 0.437, "population": 3433, "median_household_income": 123475.0, "poverty_count": 60, "poverty_universe": 3433, "snap_households": 0, "snap_universe": 2321, "pct_low_access_half_mile": 100.0}}, {"type": "Feature", "geometry": {"type": "Point", "coordinates": [-96.9845911, 32.8438639]}, "properties": {"tract_geoid": "48113014306", "land_sqmi": 0.895, "population": 6221, "median_household_income": 74318.0, "poverty_count": 777, "poverty_universe": 6221, "snap_households": 163, "snap_universe": 1912, "pct_low_access_half_mile": 18.42}}, {"type": "Feature", "geometry": {"type": "Point", "coordinates": [-96.9549971, 32.8436057]}, "properties": {"tract_geoid": "48113014308", "land_sqmi": 0.416, "population": 4428, "median_household_income": 59583.0, "poverty_count": 256, "poverty_universe": 4350, "snap_households": 62, "snap_universe": 1481, "pct_low_access_half_mile": 3.2}}, {"type": "Feature", "geometry": {"type": "Point", "coordinates": [-96.9895437, 32.8569586]}, "properties": {"tract_geoid": "48113014309", "land_sqmi": 0.263, "population": 6480, "median_household_income": 50851.0, "poverty_count": 970, "poverty_universe": 6396, "snap_households": 203, "snap_universe": 1967, "pct_low_access_half_mile": 1.82}}, {"type": "Feature", "geometry": {"type": "Point", "coordinates": [-96.9849976, 32.8580258]}, "properties": {"tract_geoid": "48113014310", "land_sqmi": 0.726, "population": 4650, "median_household_income": 69806.0, "poverty_count": 643, "poverty_universe": 4650, "snap_households": 282, "snap_universe": 1900, "pct_low_access_half_mile": 28.08}}, {"type": "Feature", "geometry": {"type": "Point", "coordinates": [-96.9523227, 32.8768868]}, "properties": {"tract_geoid": "48113014313", "land_sqmi": 1.378, "population": 3125, "median_household_income": 129470.0, "poverty_count": 53, "poverty_universe": 3125, "snap_households": 0, "snap_universe": 1334, "pct_low_access_half_mile": 59.05}}, {"type": "Feature", "geometry": {"type": "Point", "coordinates": [-96.9659315, 32.8647177]}, "properties": {"tract_geoid": "48113014314", "land_sqmi": 1.096, "population": 2743, "median_household_income": 96475.0, "poverty_count": 123, "poverty_universe": 2651, "snap_households": 39, "snap_universe": 1152, "pct_low_access_half_mile": 71.87}}, {"type": "Feature", "geometry": {"type": "Point", "coordinates": [-96.9670277, 32.8402781]}, "properties": {"tract_geoid": "48113014315", "land_sqmi": 0.434, "population": 3021, "median_household_income": 83491.0, "poverty_count": 336, "poverty_universe": 3015, "snap_households": 112, "snap_universe": 847, "pct_low_access_half_mile": 40.15}}, {"type": "Feature", "geometry": {"type": "Point", "coordinates": [-96.970566, 32.8484492]}, "properties": {"tract_geoid": "48113014316", "land_sqmi": 0.547, "population": 4800, "median_household_income": 75924.0, "poverty_count": 434, "poverty_universe": 4773, "snap_households": 37, "snap_universe": 1275, "pct_low_access_half_mile": 17.25}}, {"type": "Feature", "geometry": {"type": "Point", "coordinates": [-96.9522879, 32.8566383]}, "properties": {"tract_geoid": "48113014317", "land_sqmi": 0.138, "population": 2238, "median_household_income": 72196.0, "poverty_count": 321, "poverty_universe": 2238, "snap_households": 16, "snap_universe": 871, "pct_low_access_half_mile": 67.27}}, {"type": "Feature", "geometry": {"type": "Point", "coordinates": [-96.9601741, 32.8525296]}, "properties": {"tract_geoid": "48113014318", "land_sqmi": 0.574, "population": 2157, "median_household_income": 105755.0, "poverty_count": 64, "poverty_universe": 2108, "snap_households": 25, "snap_universe": 808, "pct_low_access_half_mile": 56.02}}, {"type": "Feature", "geometry": {"type": "Point", "coordinates": [-96.9684361, 32.883098]}, "properties": {"tract_geoid": "48113014319", "land_sqmi": 0.143, "population": 2507, "median_household_income": 67481.0, "poverty_count": 176, "poverty_universe": 2507, "snap_households": 16, "snap_universe": 1049, "pct_low_access_half_mile": 13.89}}, {"type": "Feature", "geometry": {"type": "Point", "coordinates": [-96.9692515, 32.8792526]}, "properties": {"tract_geoid": "48113014320", "land_sqmi": 0.198, "population": 2779, "median_household_income": 96750.0, "poverty_count": 177, "poverty_universe": 2767, "snap_households": 29, "snap_universe": 1117, "pct_low_access_half_mile": 76.23}}, {"type": "Feature", "geometry": {"type": "Point", "coordinates": [-96.985477, 32.8316587]}, "properties": {"tract_geoid": "48113014405", "land_sqmi": 0.71, "population": 3346, "median_household_income": 49262.0, "poverty_count": 620, "poverty_universe": 3346, "snap_households": 104, "snap_universe": 1352, "pct_low_access_half_mile": 8.67}}, {"type": "Feature", "geometry": {"type": "Point", "coordinates": [-96.984733, 32.8215923]}, "properties": {"tract_geoid": "48113014406", "land_sqmi": 0.782, "population": 5055, "median_household_income": 70270.0, "poverty_count": 713, "poverty_universe": 5049, "snap_households": 83, "snap_universe": 1549, "pct_low_access_half_mile": 25.03}}, {"type": "Feature", "geometry": {"type": "Point", "coordinates": [-97.0006897, 32.8308716]}, "properties": {"tract_geoid": "48113014407", "land_sqmi": 0.664, "population": 5330, "median_household_income": 45573.0, "poverty_count": 1649, "poverty_universe": 5330, "snap_households": 240, "snap_universe": 2074, "pct_low_access_half_mile": 41.46}}, {"type": "Feature", "geometry": {"type": "Point", "coordinates": [-96.9986211, 32.8193642]}, "properties": {"tract_geoid": "48113014408", "land_sqmi": 0.7, "population": 4052, "median_household_income": 65357.0, "poverty_count": 732, "poverty_universe": 4052, "snap_households": 156, "snap_universe": 1568, "pct_low_access_half_mile": 42.92}}, {"type": "Feature", "geometry": {"type": "Point", "coordinates": [-97.0255798, 32.8269307]}, "properties": {"tract_geoid": "48113014409", "land_sqmi": 1.397, "population": 3021, "median_household_income": 39464.0, "poverty_count": 740, "poverty_universe": 3021, "snap_households": 96, "snap_universe": 1117, "pct_low_access_half_mile": 8.68}}, {"type": "Feature", "geometry": {"type": "Point", "coordinates": [-97.0143017, 32.8263988]}, "properties": {"tract_geoid": "48113014410", "land_sqmi": 0.6, "population": 2841, "median_household_income": 51000.0, "poverty_count": 446, "poverty_universe": 2833, "snap_households": 179, "snap_universe": 1198, "pct_low_access_half_mile": 59.25}}, {"type": "Feature", "geometry": {"type": "Point", "coordinates": [-96.9678091, 32.8315595]}, "properties": {"tract_geoid": "48113014501", "land_sqmi": 0.723, "population": 4120, "median_household_income": 108229.0, "poverty_count": 373, "poverty_universe": 4083, "snap_households": 198, "snap_universe": 1367, "pct_low_access_half_mile": 24.6}}, {"type": "Feature", "geometry": {"type": "Point", "coordinates": [-96.9570553, 32.8221272]}, "properties": {"tract_geoid": "48113014502", "land_sqmi": 0.771, "population": 5081, "median_household_income": 73374.0, "poverty_count": 921, "poverty_universe": 4953, "snap_households": 103, "snap_universe": 1321, "pct_low_access_half_mile": 41.74}}, {"type": "Feature", "geometry": {"type": "Point", "coordinates": [-96.951831, 32.833224]}, "properties": {"tract_geoid": "48113014601", "land_sqmi": 0.452, "population": 2074, "median_household_income": 64488.0, "poverty_count": 237, "poverty_universe": 1952, "snap_households": 57, "snap_universe": 633, "pct_low_access_half_mile": 16.03}}, {"type": "Feature", "geometry": {"type": "Point", "coordinates": [-96.9390846, 32.8263464]}, "properties": {"tract_geoid": "48113014602", "land_sqmi": 0.752, "population": 4526, "median_household_income": 59849.0, "poverty_count": 764, "poverty_universe": 4452, "snap_households": 82, "snap_universe": 1459, "pct_low_access_half_mile": 7.31}}, {"type": "Feature", "geometry": {"type": "Point", "coordinates": [-96.9464697, 32.8223203]}, "properties": {"tract_geoid": "48113014603", "land_sqmi": 0.449, "population": 1875, "median_household_income": 52697.0, "poverty_count": 298, "poverty_universe": 1762, "snap_households": 61, "snap_universe": 515, "pct_low_access_half_mile": 3.81}}, {"type": "Feature", "geometry": {"type": "Point", "coordinates": [-96.9259246, 32.8335681]}, "properties": {"tract_geoid": "48113014701", "land_sqmi": 0.527, "population": 4863, "median_household_income": 52386.0, "poverty_count": 321, "poverty_universe": 4863, "snap_households": 179, "snap_universe": 1567, "pct_low_access_half_mile": 9.12}}, {"type": "Feature", "geometry": {"type": "Point", "coordinates": [-96.9272549, 32.8229348]}, "properties": {"tract_geoid": "48113014704", "land_sqmi": 0.912, "population": 5160, "median_household_income": 65878.0, "poverty_count": 1002, "poverty_universe": 5160, "snap_households": 129, "snap_universe": 1670, "pct_low_access_half_mile": 27.93}}, {"type": "Feature", "geometry": {"type": "Point", "coordinates": [-96.9410544, 32.8116501]}, "properties": {"tract_geoid": "48113014903", "land_sqmi": 0.952, "population": 4293, "median_household_income": 76582.0, "poverty_count": 635, "poverty_universe": 4293, "snap_households": 152, "snap_universe": 1267, "pct_low_access_half_mile": 9.18}}, {"type": "Feature", "geometry": {"type": "Point", "coordinates": [-96.9344275, 32.8047836]}, "properties": {"tract_geoid": "48113015001", "land_sqmi": 0.755, "population": 5062, "median_household_income": 74273.0, "poverty_count": 342, "poverty_universe": 5012, "snap_households": 212, "snap_universe": 1551, "pct_low_access_half_mile": 7.48}}, {"type": "Feature", "geometry": {"type": "Point", "coordinates": [-96.9433381, 32.7838924]}, "properties": {"tract_geoid": "48113015002", "land_sqmi": 2.44, "population": 2536, "median_household_income": 83155.0, "poverty_count": 375, "poverty_universe": 2536, "snap_households": 74, "snap_universe": 826, "pct_low_access_half_mile": 52.85}}, {"type": "Feature", "geometry": {"type": "Point", "coordinates": [-96.9482638, 32.7899055]}, "properties": {"tract_geoid": "48113015101", "land_sqmi": 1.016, "population": 4193, "median_household_income": 64800.0, "poverty_count": 521, "poverty_universe": 4193, "snap_households": 191, "snap_universe": 1158, "pct_low_access_half_mile": 77.12}}, {"type": "Feature", "geometry": {"type": "Point", "coordinates": [-96.9531866, 32.8049268]}, "properties": {"tract_geoid": "48113015102", "land_sqmi": 0.371, "population": 2841, "median_household_income": 54536.0, "poverty_count": 736, "poverty_universe": 2841, "snap_households": 31, "snap_universe": 812, "pct_low_access_half_mile": 3.23}}, {"type": "Feature", "geometry": {"type": "Point", "coordinates": [-96.9707223, 32.8205372]}, "properties": {"tract_geoid": "48113015202", "land_sqmi": 0.517, "population": 3464, "median_household_income": 61948.0, "poverty_count": 175, "poverty_universe": 3464, "snap_households": 101, "snap_universe": 1087, "pct_low_access_half_mile": 0.0}}, {"type": "Feature", "geometry": {"type": "Point", "coordinates": [-96.9680191, 32.8123295]}, "properties": {"tract_geoid": "48113015205", "land_sqmi": 0.402, "population": 3522, "median_household_income": 51746.0, "poverty_count": 693, "poverty_universe": 3522, "snap_households": 118, "snap_universe": 1049, "pct_low_access_half_mile": 10.42}}, {"type": "Feature", "geometry": {"type": "Point", "coordinates": [-96.9685048, 32.8052234]}, "properties": {"tract_geoid": "48113015206", "land_sqmi": 0.558, "population": 4396, "median_household_income": 73231.0, "poverty_count": 408, "poverty_universe": 4396, "snap_households": 196, "snap_universe": 1349, "pct_low_access_half_mile": 33.17}}, {"type": "Feature", "geometry": {"type": "Point", "coordinates": [-96.9678376, 32.799023]}, "properties": {"tract_geoid": "48113015207", "land_sqmi": 0.655, "population": 3003, "median_household_income": 67738.0, "poverty_count": 554, "poverty_universe": 3001, "snap_households": 92, "snap_universe": 1142, "pct_low_access_half_mile": 54.13}}, {"type": "Feature", "geometry": {"type": "Point", "coordinates": [-96.972565, 32.7889423]}, "properties": {"tract_geoid": "48113015208", "land_sqmi": 0.407, "population": 3839, "median_household_income": 51525.0, "poverty_count": 550, "poverty_universe": 3839, "snap_households": 106, "snap_universe": 1204, "pct_low_access_half_mile": 13.18}}, {"type": "Feature", "geometry": {"type": "Point", "coordinates": [-97.0252164, 32.8073333]}, "properties": {"tract_geoid": "48113015303", "land_sqmi": 2.178, "population": 1804, "median_household_income": 60466.0, "poverty_count": 183, "poverty_universe": 1804, "snap_households": 26, "snap_universe": 485, "pct_low_access_half_mile": 53.17}}, {"type": "Feature", "geometry": {"type": "Point", "coordinates": [-97.006089, 32.7852499]}, "properties": {"tract_geoid": "48113015304", "land_sqmi": 6.56, "population": 4353, "median_household_income": 62553.0, "poverty_count": 1279, "poverty_universe": 4353, "snap_households": 117, "snap_universe": 1209, "pct_low_access_half_mile": 17.81}}, {"type": "Feature", "geometry": {"type": "Point", "coordinates": [-96.9854862, 32.810085]}, "properties": {"tract_geoid": "48113015305", "land_sqmi": 0.786, "population": 4125, "median_household_income": 76289.0, "poverty_count": 388, "poverty_universe": 4110, "snap_households": 135, "snap_universe": 1344, "pct_low_access_half_mile": 34.53}}, {"type": "Feature", "geometry": {"type": "Point", "coordinates": [-96.9868327, 32.7921305]}, "properties": {"tract_geoid": "48113015306", "land_sqmi": 1.87, "population": 6443, "median_household_income": 93884.0, "poverty_count": 662, "poverty_universe": 6443, "snap_households": 185, "snap_universe": 2046, "pct_low_access_half_mile": 51.25}}, {"type": "Feature", "geometry": {"type": "Point", "coordinates": [-97.0242418, 32.7554026]}, "properties": {"tract_geoid": "48113015403", "land_sqmi": 0.416, "population": 3768, "median_household_income": 54110.0, "poverty_count": 643, "poverty_universe": 3768, "snap_households": 45, "snap_universe": 1422, "pct_low_access_half_mile": 0.0}}, {"type": "Feature", "geometry": {"type": "Point", "coordinates": [-97.0277105, 32.747319]}, "properties": {"tract_geoid": "48113015404", "land_sqmi": 0.936, "population": 4124, "median_household_income": 52064.0, "poverty_count": 922, "poverty_universe": 4124, "snap_households": 316, "snap_universe": 1413, "pct_low_access_half_mile": 4.52}}, {"type": "Feature", "geometry": {"type": "Point", "coordinates": [-97.0165575, 32.7689953]}, "properties": {"tract_geoid": "48113015405", "land_sqmi": 1.637, "population": 2360, "median_household_income": 84143.0, "poverty_count": 318, "poverty_universe": 2358, "snap_households": 39, "snap_universe": 992, "pct_low_access_half_mile": 79.76}}, {"type": "Feature", "geometry": {"type": "Point", "coordinates": [-97.0316651, 32.7691908]}, "properties": {"tract_geoid": "48113015406", "land_sqmi": 0.944, "population": 3395, "median_household_income": 70048.0, "poverty_count": 177, "poverty_universe": 3337, "snap_households": 90, "snap_universe": 1363, "pct_low_access_half_mile": 52.81}}, {"type": "Feature", "geometry": {"type": "Point", "coordinates": [-97.0067506, 32.7519839]}, "properties": {"tract_geoid": "48113015500", "land_sqmi": 1.406, "population": 3661, "median_household_income": 71441.0, "poverty_count": 883, "poverty_universe": 3658, "snap_households": 183, "snap_universe": 1254, "pct_low_access_half_mile": 44.06}}, {"type": "Feature", "geometry": {"type": "Point", "coordinates": [-96.9849568, 32.7543287]}, "properties": {"tract_geoid": "48113015600", "land_sqmi": 1.225, "population": 5569, "median_household_income": 74089.0, "poverty_count": 1453, "poverty_universe": 5469, "snap_households": 285, "snap_universe": 1555, "pct_low_access_half_mile": 38.65}}, {"type": "Feature", "geometry": {"type": "Point", "coordinates": [-96.9664948, 32.75781]}, "properties": {"tract_geoid": "48113015700", "land_sqmi": 1.336, "population": 2509, "median_household_income": 65160.0, "poverty_count": 522, "poverty_universe": 2509, "snap_households": 134, "snap_universe": 709, "pct_low_access_half_mile": 63.19}}, {"type": "Feature", "geometry": {"type": "Point", "coordinates": [-96.969213, 32.7362108]}, "properties": {"tract_geoid": "48113015900", "land_sqmi": 2.202, "population": 3485, "median_household_income": 43644.0, "poverty_count": 780, "poverty_universe": 3485, "snap_households": 101, "snap_universe": 1261, "pct_low_access_half_mile": 44.4}}, {"type": "Feature", "geometry": {"type": "Point", "coordinates": [-97.0095055, 32.7368833]}, "properties": {"tract_geoid": "48113016001", "land_sqmi": 0.613, "population": 3525, "median_household_income": 49646.0, "poverty_count": 400, "poverty_universe": 3466, "snap_households": 219, "snap_universe": 1171, "pct_low_access_half_mile": 4.84}}, {"type": "Feature", "geometry": {"type": "Point", "coordinates": [-97.001915, 32.7359154]}, "properties": {"tract_geoid": "48113016002", "land_sqmi": 0.612, "population": 3739, "median_household_income": 37500.0, "poverty_count": 1511, "poverty_universe": 3679, "snap_households": 359, "snap_universe": 988, "pct_low_access_half_mile": 4.99}}, {"type": "Feature", "geometry": {"type": "Point", "coordinates": [-97.0251289, 32.7255127]}, "properties": {"tract_geoid": "48113016100", "land_sqmi": 2.555, "population": 3711, "median_household_income": 31836.0, "poverty_count": 948, "poverty_universe": 3711, "snap_households": 341, "snap_universe": 1671, "pct_low_access_half_mile": 59.63}}, {"type": "Feature", "geometry": {"type": "Point", "coordinates": [-97.0030173, 32.7266981]}, "properties": {"tract_geoid": "48113016201", "land_sqmi": 0.745, "population": 4342, "median_household_income": 84779.0, "poverty_count": 445, "poverty_universe": 4338, "snap_households": 168, "snap_universe": 1167, "pct_low_access_half_mile": 30.08}}, {"type": "Feature", "geometry": {"type": "Point", "coordinates": [-97.0089127, 32.7114885]}, "properties": {"tract_geoid": "48113016203", "land_sqmi": 0.196, "population": 2314, "median_household_income": 46823.0, "poverty_count": 323, "poverty_universe": 2295, "snap_households": 96, "snap_universe": 741, "pct_low_access_half_mile": 0.0}}, {"type": "Feature", "geometry": {"type": "Point", "coordinates": [-97.0034416, 32.715938]}, "properties": {"tract_geoid": "48113016204", "land_sqmi": 0.721, "population": 5182, "median_household_income": 67212.0, "poverty_count": 831, "poverty_universe": 5182, "snap_households": 70, "snap_universe": 1377, "pct_low_access_half_mile": 0.0}}, {"type": "Feature", "geometry": {"type": "Point", "coordinates": [-96.9790616, 32.7166257]}, "properties": {"tract_geoid": "48113016301", "land_sqmi": 1.396, "population": 6777, "median_household_income": 71719.0, "poverty_count": 474, "poverty_universe": 6751, "snap_households": 56, "snap_universe": 2107, "pct_low_access_half_mile": 81.31}}, {"type": "Feature", "geometry": {"type": "Point", "coordinates": [-96.9900356, 32.7154768]}, "properties": {"tract_geoid": "48113016302", "land_sqmi": 0.332, "population": 1757, "median_household_income": 46503.0, "poverty_count": 418, "poverty_universe": 1757, "snap_households": 44, "snap_universe": 541, "pct_low_access_half_mile": 39.0}}, {"type": "Feature", "geometry": {"type": "Point", "coordinates": [-97.0098443, 32.7033911]}, "properties": {"tract_geoid": "48113016406", "land_sqmi": 0.514, "population": 4346, "median_household_income": 57338.0, "poverty_count": 331, "poverty_universe": 4302, "snap_households": 316, "snap_universe": 1378, "pct_low_access_half_mile": 28.79}}, {"type": "Feature", "geometry": {"type": "Point", "coordinates": [-96.9957816, 32.7040966]}, "properties": {"tract_geoid": "48113016407", "land_sqmi": 0.748, "population": 6320, "median_household_income": 70323.0, "poverty_count": 1027, "poverty_universe": 6216, "snap_households": 453, "snap_universe": 1866, "pct_low_access_half_mile": 22.76}}, {"type": "Feature", "geometry": {"type": "Point", "coordinates": [-96.9872695, 32.6813268]}, "properties": {"tract_geoid": "48113016409", "land_sqmi": 2.343, "population": 4205, "median_household_income": 112133.0, "poverty_count": 649, "poverty_universe": 4205, "snap_households": 24, "snap_universe": 1374, "pct_low_access_half_mile": 80.74}}, {"type": "Feature", "geometry": {"type": "Point", "coordinates": [-97.0264192, 32.6665334]}, "properties": {"tract_geoid": "48113016410", "land_sqmi": 1.635, "population": 4980, "median_household_income": 94286.0, "poverty_count": 491, "poverty_universe": 4980, "snap_households": 72, "snap_universe": 1740, "pct_low_access_half_mile": 62.29}}, {"type": "Feature", "geometry": {"type": "Point", "coordinates": [-96.9928283, 32.6606965]}, "properties": {"tract_geoid": "48113016412", "land_sqmi": 2.126, "population": 5154, "median_household_income": 131250.0, "poverty_count": 347, "poverty_universe": 5154, "snap_households": 0, "snap_universe": 1708, "pct_low_access_half_mile": 79.36}}, {"type": "Feature", "geometry": {"type": "Point", "coordinates": [-97.0106875, 32.6713019]}, "properties": {"tract_geoid": "48113016414", "land_sqmi": 0.345, "population": 1941, "median_household_income": 75884.0, "poverty_count": 243, "poverty_universe": 1926, "snap_households": 53, "snap_universe": 904, "pct_low_access_half_mile": 31.85}}, {"type": "Feature", "geometry": {"type": "Point", "coordinates": [-97.0092593, 32.6599415]}, "properties": {"tract_geoid": "48113016415", "land_sqmi": 1.317, "population": 4859, "median_household_income": 120962.0, "poverty_count": 772, "poverty_universe": 4857, "snap_households": 148, "snap_universe": 1442, "pct_low_access_half_mile": 87.46}}, {"type": "Feature", "geometry": {"type": "Point", "coordinates": [-97.0253528, 32.6138476]}, "properties": {"tract_geoid": "48113016416", "land_sqmi": 3.254, "population": 3021, "median_household_income": 74488.0, "poverty_count": 171, "poverty_universe": 3021, "snap_households": 29, "snap_universe": 983, "pct_low_access_half_mile": 98.72}}, {"type": "Feature", "geometry": {"type": "Point", "coordinates": [-97.0250058, 32.651189]}, "properties": {"tract_geoid": "48113016417", "land_sqmi": 1.045, "population": 5366, "median_household_income": 110307.0, "poverty_count": 604, "poverty_universe": 5366, "snap_households": 105, "snap_universe": 1663, "pct_low_access_half_mile": 78.8}}, {"type": "Feature", "geometry": {"type": "Point", "coordinates": [-97.0304445, 32.6930008]}, "properties": {"tract_geoid": "48113016418", "land_sqmi": 1.62, "population": 4973, "median_household_income": 83104.0, "poverty_count": 40, "poverty_universe": 4973, "snap_households": 55, "snap_universe": 1854, "pct_low_access_half_mile": 88.67}}, {"type": "Feature", "geometry": {"type": "Point", "coordinates": [-97.0208035, 32.6861079]}, "properties": {"tract_geoid": "48113016419", "land_sqmi": 1.522, "population": 4963, "median_household_income": 88542.0, "poverty_count": 700, "poverty_universe": 4932, "snap_households": 161, "snap_universe": 1372, "pct_low_access_half_mile": 27.37}}, {"type": "Feature", "geometry": {"type": "Point", "coordinates": [-97.0091952, 32.6917807]}, "properties": {"tract_geoid": "48113016420", "land_sqmi": 0.627, "population": 4146, "median_household_income": 81024.0, "poverty_count": 244, "poverty_universe": 4146, "snap_households": 93, "snap_universe": 945, "pct_low_access_half_mile": 44.0}}, {"type": "Feature", "geometry": {"type": "Point", "coordinates": [-96.9868987, 32.6968956]}, "properties": {"tract_geoid": "48113016421", "land_sqmi": 1.178, "population": 3931, "median_household_income": 60852.0, "poverty_count": 761, "poverty_universe": 3908, "snap_households": 87, "snap_universe": 1201, "pct_low_access_half_mile": 67.34}}, {"type": "Feature", "geometry": {"type": "Point", "coordinates": [-96.9474922, 32.6256814]}, "properties": {"tract_geoid": "48113016511", "land_sqmi": 0.654, "population": 4797, "median_household_income": 74818.0, "poverty_count": 954, "poverty_universe": 4719, "snap_households": 178, "snap_universe": 1459, "pct_low_access_half_mile": 79.31}}, {"type": "Feature", "geometry": {"type": "Point", "coordinates": [-96.9335437, 32.6352862]}, "properties": {"tract_geoid": "48113016513", "land_sqmi": 2.039, "population": 6240, "median_household_income": 149831.0, "poverty_count": 304, "poverty_universe": 6240, "snap_households": 18, "snap_universe": 1968, "pct_low_access_half_mile": 79.36}}, {"type": "Feature", "geometry": {"type": "Point", "coordinates": [-96.8999549, 32.6543642]}, "properties": {"tract_geoid": "48113016516", "land_sqmi": 0.995, "population": 5496, "median_household_income": 42500.0, "poverty_count": 739, "poverty_universe": 5380, "snap_households": 145, "snap_universe": 1888, "pct_low_access_half_mile": 26.1}}, {"type": "Feature", "geometry": {"type": "Point", "coordinates": [-96.9002982, 32.6399445]}, "properties": {"tract_geoid": "48113016517", "land_sqmi": 1.031, "population": 4650, "median_household_income": 71105.0, "poverty_count": 906, "poverty_universe": 4650, "snap_households": 358, "snap_universe": 1507, "pct_low_access_half_mile": 13.45}}, {"type": "Feature", "geometry": {"type": "Point", "coordinates": [-96.919417, 32.654336]}, "properties": {"tract_geoid": "48113016518", "land_sqmi": 0.979, "population": 6113, "median_household_income": 57987.0, "poverty_count": 324, "poverty_universe": 6041, "snap_households": 229, "snap_universe": 1905, "pct_low_access_half_mile": 40.04}}, {"type": "Feature", "geometry": {"type": "Point", "coordinates": [-96.9344444, 32.6548606]}, "properties": {"tract_geoid": "48113016519", "land_sqmi": 1.046, "population": 2358, "median_household_income": 100993.0, "poverty_count": 199, "poverty_universe": 2358, "snap_households": 41, "snap_universe": 733, "pct_low_access_half_mile": 59.65}}, {"type": "Feature", "geometry": {"type": "Point", "coordinates": [-96.9570148, 32.6817117]}, "properties": {"tract_geoid": "48113016521", "land_sqmi": 7.396, "population": 7597, "median_household_income": 55483.0, "poverty_count": 659, "poverty_universe": 5604, "snap_households": 192, "snap_universe": 2254, "pct_low_access_half_mile": 85.14}}, {"type": "Feature", "geometry": {"type": "Point", "coordinates": [-96.9814312, 32.6016896]}, "properties": {"tract_geoid": "48113016522", "land_sqmi": 7.119, "population": 4633, "median_household_income": 77762.0, "poverty_count": 746, "poverty_universe": 4385, "snap_households": 85, "snap_universe": 2015, "pct_low_access_half_mile": 87.51}}, {"type": "Feature", "geometry": {"type": "Point", "coordinates": [-96.9875796, 32.5658894]}, "properties": {"tract_geoid": "48113016524", "land_sqmi": 5.591, "population": 2870, "median_household_income": 112857.0, "poverty_count": 159, "poverty_universe": 2870, "snap_households": 84, "snap_universe": 1028, "pct_low_access_half_mile": 88.01}}, {"type": "Feature", "geometry": {"type": "Point", "coordinates": [-97.0201962, 32.5692166]}, "properties": {"tract_geoid": "48113016525", "land_sqmi": 4.717, "population": 2359, "median_household_income": 134779.0, "poverty_count": 11, "poverty_universe": 2359, "snap_households": 98, "snap_universe": 828, "pct_low_access_half_mile": 100.0}}, {"type": "Feature", "geometry": {"type": "Point", "coordinates": [-96.9479167, 32.6403494]}, "properties": {"tract_geoid": "48113016526", "land_sqmi": 0.556, "population": 4806, "median_household_income": 51305.0, "poverty_count": 551, "poverty_universe": 4806, "snap_households": 277, "snap_universe": 1306, "pct_low_access_half_mile": 63.67}}, {"type": "Feature", "geometry": {"type": "Point", "coordinates": [-96.9752348, 32.6398716]}, "properties": {"tract_geoid": "48113016527", "land_sqmi": 3.278, "population": 5126, "median_household_income": 121684.0, "poverty_count": 134, "poverty_universe": 5126, "snap_households": 64, "snap_universe": 1470, "pct_low_access_half_mile": 96.28}}, {"type": "Feature", "geometry": {"type": "Point", "coordinates": [-96.951742, 32.6568255]}, "properties": {"tract_geoid": "48113016528", "land_sqmi": 1.879, "population": 4847, "median_household_income": 74523.0, "poverty_count": 179, "poverty_universe": 4815, "snap_households": 25, "snap_universe": 1711, "pct_low_access_half_mile": 85.12}}, {"type": "Feature", "geometry": {"type": "Point", "coordinates": [-96.9611386, 32.6198513]}, "properties": {"tract_geoid": "48113016529", "land_sqmi": 1.343, "population": 3546, "median_household_income": 94469.0, "poverty_count": 424, "poverty_universe": 3546, "snap_households": 54, "snap_universe": 1175, "pct_low_access_half_mile": 100.0}}, {"type": "Feature", "geometry": {"type": "Point", "coordinates": [-96.9332761, 32.6167354]}, "properties": {"tract_geoid": "48113016530", "land_sqmi": 1.608, "population": 3081, "median_household_income": 69821.0, "poverty_count": 334, "poverty_universe": 3081, "snap_households": 98, "snap_universe": 1280, "pct_low_access_half_mile": 92.17}}, {"type": "Feature", "geometry": {"type": "Point", "coordinates": [-96.9147108, 32.6398257]}, "properties": {"tract_geoid": "48113016531", "land_sqmi": 0.745, "population": 3384, "median_household_income": 79710.0, "poverty_count": 85, "poverty_universe": 3376, "snap_households": 68, "snap_universe": 1046, "pct_low_access_half_mile": 68.44}}, {"type": "Feature", "geometry": {"type": "Point", "coordinates": [-96.9201935, 32.6258285]}, "properties": {"tract_geoid": "48113016532", "land_sqmi": 1.136, "population": 1983, "median_household_income": 67300.0, "poverty_count": 249, "poverty_universe": 1983, "snap_households": 78, "snap_universe": 696, "pct_low_access_half_mile": 70.56}}, {"type": "Feature", "geometry": {"type": "Point", "coordinates": [-96.9225382, 32.7006236]}, "properties": {"tract_geoid": "48113016533", "land_sqmi": 5.002, "population": 3287, "median_household_income": 97705.0, "poverty_count": 601, "poverty_universe": 3287, "snap_households": 329, "snap_universe": 1055, "pct_low_access_half_mile": 77.45}}, {"type": "Feature", "geometry": {"type": "Point", "coordinates": [-96.9012985, 32.6895222]}, "properties": {"tract_geoid": "48113016534", "land_sqmi": 1.73, "population": 3832, "median_household_income": 58071.0, "poverty_count": 1050, "poverty_universe": 3832, "snap_households": 215, "snap_universe": 937, "pct_low_access_half_mile": 85.98}}, {"type": "Feature", "geometry": {"type": "Point", "coordinates": [-96.9171306, 32.6690853]}, "properties": {"tract_geoid": "48113016535", "land_sqmi": 1.008, "population": 3132, "median_household_income": 70022.0, "poverty_count": 357, "poverty_universe": 3132, "snap_households": 55, "snap_universe": 1329, "pct_low_access_half_mile": 41.87}}, {"type": "Feature", "geometry": {"type": "Point", "coordinates": [-96.8999478, 32.6690986]}, "properties": {"tract_geoid": "48113016536", "land_sqmi": 0.991, "population": 2647, "median_household_income": 56387.0, "poverty_count": 313, "poverty_universe": 2647, "snap_households": 175, "snap_universe": 695, "pct_low_access_half_mile": 46.26}}, {"type": "Feature", "geometry": {"type": "Point", "coordinates": [-96.8863253, 32.653065]}, "properties": {"tract_geoid": "48113016607", "land_sqmi": 0.448, "population": 3667, "median_household_income": 27913.0, "poverty_count": 1329, "poverty_universe": 3667, "snap_households": 784, "snap_universe": 1794, "pct_low_access_half_mile": 0.0}}, {"type": "Feature", "geometry": {"type": "Point", "coordinates": [-96.8320976, 32.6113133]}, "properties": {"tract_geoid": "48113016610", "land_sqmi": 1.075, "population": 3616, "median_household_income": 45917.0, "poverty_count": 481, "poverty_universe": 3606, "snap_households": 368, "snap_universe": 1734, "pct_low_access_half_mile": 41.32}}, {"type": "Feature", "geometry": {"type": "Point", "coordinates": [-96.9334073, 32.5753391]}, "properties": {"tract_geoid": "48113016615", "land_sqmi": 0.958, "population": 4475, "median_household_income": 73833.0, "poverty_count": 442, "poverty_universe": 4373, "snap_households": 326, "snap_universe": 1374, "pct_low_access_half_mile": 99.79}}, {"type": "Feature", "geometry": {"type": "Point", "coordinates": [-96.9459566, 32.5536174]}, "properties": {"tract_geoid": "48113016616", "land_sqmi": 4.484, "population": 6261, "median_household_income": 89059.0, "poverty_count": 400, "poverty_universe": 6129, "snap_households": 228, "snap_universe": 1901, "pct_low_access_half_mile": 100.0}}, {"type": "Feature", "geometry": {"type": "Point", "coordinates": [-96.8827205, 32.610614]}, "properties": {"tract_geoid": "48113016617", "land_sqmi": 2.334, "population": 5210, "median_household_income": 122218.0, "poverty_count": 497, "poverty_universe": 5210, "snap_households": 144, "snap_universe": 1689, "pct_low_access_half_mile": 99.82}}, {"type": "Feature", "geometry": {"type": "Point", "coordinates": [-96.8654463, 32.6021353]}, "properties": {"tract_geoid": "48113016618", "land_sqmi": 1.635, "population": 4996, "median_household_income": 69066.0, "poverty_count": 339, "poverty_universe": 4920, "snap_households": 281, "snap_universe": 1911, "pct_low_access_half_mile": 62.27}}, {"type": "Feature", "geometry": {"type": "Point", "coordinates": [-96.8490569, 32.6115464]}, "properties": {"tract_geoid": "48113016619", "land_sqmi": 0.924, "population": 3389, "median_household_income": 41875.0, "poverty_count": 438, "poverty_universe": 3364, "snap_households": 204, "snap_universe": 1463, "pct_low_access_half_mile": 54.97}}, {"type": "Feature", "geometry": {"type": "Point", "coordinates": [-96.8417041, 32.5928456]}, "properties": {"tract_geoid": "48113016620", "land_sqmi": 2.035, "population": 5563, "median_household_income": 92950.0, "poverty_count": 213, "poverty_universe": 5470, "snap_households": 79, "snap_universe": 2165, "pct_low_access_half_mile": 57.82}}, {"type": "Feature", "geometry": {"type": "Point", "coordinates": [-96.841323, 32.5679688]}, "properties": {"tract_geoid": "48113016621", "land_sqmi": 1.799, "population": 6787, "median_household_income": 79337.0, "poverty_count": 368, "poverty_universe": 6787, "snap_households": 248, "snap_universe": 2407, "pct_low_access_half_mile": 85.77}}, {"type": "Feature", "geometry": {"type": "Point", "coordinates": [-96.8393158, 32.5547622]}, "properties": {"tract_geoid": "48113016622", "land_sqmi": 2.078, "population": 4081, "median_household_income": 66250.0, "poverty_count": 608, "poverty_universe": 4081, "snap_households": 229, "snap_universe": 1357, "pct_low_access_half_mile": 92.09}}, {"type": "Feature", "geometry": {"type": "Point", "coordinates": [-96.8792671, 32.5625953]}, "properties": {"tract_geoid": "48113016623", "land_sqmi": 5.75, "population": 9135, "median_household_income": 100607.0, "poverty_count": 1498, "poverty_universe": 9135, "snap_households": 190, "snap_universe": 2789, "pct_low_access_half_mile": 89.43}}, {"type": "Feature", "geometry": {"type": "Point", "coordinates": [-96.9172828, 32.5657927]}, "properties": {"tract_geoid": "48113016624", "land_sqmi": 2.904, "population": 3914, "median_household_income": 104469.0, "poverty_count": 331, "poverty_universe": 3914, "snap_households": 159, "snap_universe": 1221, "pct_low_access_half_mile": 91.53}}, {"type": "Feature", "geometry": {"type": "Point", "coordinates": [-96.9422335, 32.5841769]}, "properties": {"tract_geoid": "48113016626", "land_sqmi": 1.298, "population": 4559, "median_household_income": 65106.0, "poverty_count": 792, "poverty_universe": 4403, "snap_households": 136, "snap_universe": 1625, "pct_low_access_half_mile": 43.79}}, {"type": "Feature", "geometry": {"type": "Point", "coordinates": [-96.8324298, 32.5788223]}, "properties": {"tract_geoid": "48113016627", "land_sqmi": 1.015, "population": 2468, "median_household_income": 99107.0, "poverty_count": 45, "poverty_universe": 2468, "snap_households": 170, "snap_universe": 649, "pct_low_access_half_mile": 42.79}}, {"type": "Feature", "geometry": {"type": "Point", "coordinates": [-96.8483146, 32.5825297]}, "properties": {"tract_geoid": "48113016628", "land_sqmi": 1.015, "population": 4889, "median_household_income": 75588.0, "poverty_count": 18, "poverty_universe": 4756, "snap_households": 191, "snap_universe": 2058, "pct_low_access_half_mile": 67.3}}, {"type": "Feature", "geometry": {"type": "Point", "coordinates": [-96.9307816, 32.5976002]}, "properties": {"tract_geoid": "48113016629", "land_sqmi": 0.721, "population": 2786, "median_household_income": 76111.0, "poverty_count": 253, "poverty_universe": 2786, "snap_households": 147, "snap_universe": 848, "pct_low_access_half_mile": 56.55}}, {"type": "Feature", "geometry": {"type": "Point", "coordinates": [-96.9163638, 32.6027505]}, "properties": {"tract_geoid": "48113016630", "land_sqmi": 1.804, "population": 5799, "median_household_income": 114111.0, "poverty_count": 493, "poverty_universe": 5799, "snap_households": 216, "snap_universe": 1955, "pct_low_access_half_mile": 93.23}}, {"type": "Feature", "geometry": {"type": "Point", "coordinates": [-96.8942627, 32.5917023]}, "properties": {"tract_geoid": "48113016631", "land_sqmi": 1.984, "population": 5606, "median_household_income": 117302.0, "poverty_count": 333, "poverty_universe": 5606, "snap_households": 42, "snap_universe": 1784, "pct_low_access_half_mile": 89.09}}, {"type": "Feature", "geometry": {"type": "Point", "coordinates": [-96.8645774, 32.5847592]}, "properties": {"tract_geoid": "48113016632", "land_sqmi": 0.991, "population": 3492, "median_household_income": 95651.0, "poverty_count": 343, "poverty_universe": 3492, "snap_households": 80, "snap_universe": 1142, "pct_low_access_half_mile": 51.51}}, {"type": "Feature", "geometry": {"type": "Point", "coordinates": [-96.8783551, 32.5928104]}, "properties": {"tract_geoid": "48113016633", "land_sqmi": 1.986, "population": 6682, "median_household_income": 105739.0, "poverty_count": 171, "poverty_universe": 6682, "snap_households": 135, "snap_universe": 2331, "pct_low_access_half_mile": 76.21}}, {"type": "Feature", "geometry": {"type": "Point", "coordinates": [-96.8453327, 32.6299205]}, "properties": {"tract_geoid": "48113016634", "land_sqmi": 4.328, "population": 4901, "median_household_income": 73287.0, "poverty_count": 394, "poverty_universe": 4880, "snap_households": 319, "snap_universe": 1362, "pct_low_access_half_mile": 60.67}}, {"type": "Feature", "geometry": {"type": "Point", "coordinates": [-96.86992, 32.6397072]}, "properties": {"tract_geoid": "48113016635", "land_sqmi": 1.053, "population": 3810, "median_household_income": 22881.0, "poverty_count": 1770, "poverty_universe": 3682, "snap_households": 668, "snap_universe": 1508, "pct_low_access_half_mile": 74.02}}, {"type": "Feature", "geometry": {"type": "Point", "coordinates": [-96.8971082, 32.6257473]}, "properties": {"tract_geoid": "48113016636", "land_sqmi": 1.1, "population": 2543, "median_household_income": 76822.0, "poverty_count": 63, "poverty_universe": 2543, "snap_households": 87, "snap_universe": 1056, "pct_low_access_half_mile": 59.34}}, {"type": "Feature", "geometry": {"type": "Point", "coordinates": [-96.8870084, 32.629173]}, "properties": {"tract_geoid": "48113016637", "land_sqmi": 0.757, "population": 2996, "median_household_income": 85224.0, "poverty_count": 405, "poverty_universe": 2996, "snap_households": 143, "snap_universe": 1075, "pct_low_access_half_mile": 51.76}}, {"type": "Feature", "geometry": {"type": "Point", "coordinates": [-96.8758118, 32.6295891]}, "properties": {"tract_geoid": "48113016638", "land_sqmi": 1.332, "population": 1868, "median_household_income": 72976.0, "poverty_count": 111, "poverty_universe": 1566, "snap_households": 71, "snap_universe": 838, "pct_low_access_half_mile": 94.4}}, {"type": "Feature", "geometry": {"type": "Point", "coordinates": [-96.7758945, 32.6171958]}, "properties": {"tract_geoid": "48113016704", "land_sqmi": 1.001, "population": 4043, "median_household_income": 69079.0, "poverty_count": 640, "poverty_universe": 4043, "snap_households": 232, "snap_universe": 1619, "pct_low_access_half_mile": 79.98}}, {"type": "Feature", "geometry": {"type": "Point", "coordinates": [-96.7732991, 32.6079578]}, "properties": {"tract_geoid": "48113016706", "land_sqmi": 0.602, "population": 2234, "median_household_income": 43917.0, "poverty_count": 795, "poverty_universe": 2138, "snap_households": 245, "snap_universe": 928, "pct_low_access_half_mile": 18.74}}, {"type": "Feature", "geometry": {"type": "Point", "coordinates": [-96.7945997, 32.6100417]}, "properties": {"tract_geoid": "48113016707", "land_sqmi": 0.965, "population": 4777, "median_household_income": 57947.0, "poverty_count": 318, "poverty_universe": 4777, "snap_households": 392, "snap_universe": 1990, "pct_low_access_half_mile": 57.35}}, {"type": "Feature", "geometry": {"type": "Point", "coordinates": [-96.7934756, 32.6246293]}, "properties": {"tract_geoid": "48113016708", "land_sqmi": 1.338, "population": 5558, "median_household_income": 117539.0, "poverty_count": 89, "poverty_universe": 5512, "snap_households": 145, "snap_universe": 1932, "pct_low_access_half_mile": 81.98}}, {"type": "Feature", "geometry": {"type": "Point", "coordinates": [-96.765885, 32.637339]}, "properties": {"tract_geoid": "48113016709", "land_sqmi": 11.385, "population": 3873, "median_household_income": 46259.0, "poverty_count": 479, "poverty_universe": 3725, "snap_households": 410, "snap_universe": 1383, "pct_low_access_half_mile": 42.48}}, {"type": "Feature", "geometry": {"type": "Point", "coordinates": [-96.7641726, 32.657844]}, "properties": {"tract_geoid": "48113016710", "land_sqmi": 1.088, "population": 6322, "median_household_income": 61894.0, "poverty_count": 1394, "poverty_universe": 6322, "snap_households": 494, "snap_universe": 1631, "pct_low_access_half_mile": 87.85}}, {"type": "Feature", "geometry": {"type": "Point", "coordinates": [-96.7810043, 32.6561238]}, "properties": {"tract_geoid": "48113016711", "land_sqmi": 1.446, "population": 2193, "median_household_income": 58648.0, "poverty_count": 207, "poverty_universe": 2193, "snap_households": 199, "snap_universe": 729, "pct_low_access_half_mile": 87.07}}, {"type": "Feature", "geometry": {"type": "Point", "coordinates": [-96.7779081, 32.5702404]}, "properties": {"tract_geoid": "48113016802", "land_sqmi": 14.346, "population": 5663, "median_household_income": 86023.0, "poverty_count": 977, "poverty_universe": 5647, "snap_households": 151, "snap_universe": 1968, "pct_low_access_half_mile": 90.06}}, {"type": "Feature", "geometry": {"type": "Point", "coordinates": [-96.7639874, 32.5960911]}, "properties": {"tract_geoid": "48113016803", "land_sqmi": 1.803, "population": 6094, "median_household_income": 53025.0, "poverty_count": 1159, "poverty_universe": 6020, "snap_households": 255, "snap_universe": 2270, "pct_low_access_half_mile": 34.97}}, {"type": "Feature", "geometry": {"type": "Point", "coordinates": [-96.8143124, 32.5977756]}, "properties": {"tract_geoid": "48113016805", "land_sqmi": 0.873, "population": 4142, "median_household_income": 95306.0, "poverty_count": 480, "poverty_universe": 4093, "snap_households": 109, "snap_universe": 1597, "pct_low_access_half_mile": 48.67}}, {"type": "Feature", "geometry": {"type": "Point", "coordinates": [-96.795875, 32.598139]}, "properties": {"tract_geoid": "48113016806", "land_sqmi": 1.377, "population": 6177, "median_household_income": 70357.0, "poverty_count": 939, "poverty_universe": 6060, "snap_households": 205, "snap_universe": 1778, "pct_low_access_half_mile": 70.78}}, {"type": "Feature", "geometry": {"type": "Point", "coordinates": [-96.7003825, 32.6469938]}, "properties": {"tract_geoid": "48113016902", "land_sqmi": 9.749, "population": 6723, "median_household_income": 45250.0, "poverty_count": 1338, "poverty_universe": 4715, "snap_households": 499, "snap_universe": 1415, "pct_low_access_half_mile": 85.69}}, {"type": "Feature", "geometry": {"type": "Point", "coordinates": [-96.6664144, 32.5891919]}, "properties": {"tract_geoid": "48113016903", "land_sqmi": 51.653, "population": 7673, "median_household_income": 58558.0, "poverty_count": 1854, "poverty_universe": 7346, "snap_households": 633, "snap_universe": 2486, "pct_low_access_half_mile": 92.8}}, {"type": "Feature", "geometry": {"type": "Point", "coordinates": [-96.6012142, 32.6501644]}, "properties": {"tract_geoid": "48113017005", "land_sqmi": 4.327, "population": 4636, "median_household_income": 70232.0, "poverty_count": 533, "poverty_universe": 4572, "snap_households": 144, "snap_universe": 1407, "pct_low_access_half_mile": 80.5}}, {"type": "Feature", "geometry": {"type": "Point", "coordinates": [-96.556351, 32.6078256]}, "properties": {"tract_geoid": "48113017006", "land_sqmi": 25.048, "population": 5883, "median_household_income": 59703.0, "poverty_count": 612, "poverty_universe": 3968, "snap_households": 172, "snap_universe": 1196, "pct_low_access_half_mile": 84.87}}, {"type": "Feature", "geometry": {"type": "Point", "coordinates": [-96.5597152, 32.6751952]}, "properties": {"tract_geoid": "48113017007", "land_sqmi": 2.851, "population": 5642, "median_household_income": 56422.0, "poverty_count": 748, "poverty_universe": 5642, "snap_households": 356, "snap_universe": 1571, "pct_low_access_half_mile": 87.26}}, {"type": "Feature", "geometry": {"type": "Point", "coordinates": [-96.5379418, 32.6845535]}, "properties": {"tract_geoid": "48113017008", "land_sqmi": 6.916, "population": 6756, "median_household_income": 87670.0, "poverty_count": 821, "poverty_universe": 6756, "snap_households": 171, "snap_universe": 2427, "pct_low_access_half_mile": 79.27}}, {"type": "Feature", "geometry": {"type": "Point", "coordinates": [-96.5666005, 32.6907005]}, "properties": {"tract_geoid": "48113017009", "land_sqmi": 0.94, "population": 5442, "median_household_income": 48302.0, "poverty_count": 841, "poverty_universe": 5442, "snap_households": 377, "snap_universe": 1390, "pct_low_access_half_mile": 62.87}}, {"type": "Feature", "geometry": {"type": "Point", "coordinates": [-96.5848716, 32.6803211]}, "properties": {"tract_geoid": "48113017010", "land_sqmi": 1.819, "population": 5828, "median_household_income": 73907.0, "poverty_count": 1050, "poverty_universe": 5798, "snap_households": 431, "snap_universe": 1748, "pct_low_access_half_mile": 66.76}}, {"type": "Feature", "geometry": {"type": "Point", "coordinates": [-96.6036328, 32.6957713]}, "properties": {"tract_geoid": "48113017101", "land_sqmi": 3.849, "population": 6381, "median_household_income": 50473.0, "poverty_count": 978, "poverty_universe": 6293, "snap_households": 180, "snap_universe": 2000, "pct_low_access_half_mile": 60.6}}, {"type": "Feature", "geometry": {"type": "Point", "coordinates": [-96.63268, 32.6641838]}, "properties": {"tract_geoid": "48113017102", "land_sqmi": 11.36, "population": 6659, "median_household_income": 60017.0, "poverty_count": 1800, "poverty_universe": 6659, "snap_households": 338, "snap_universe": 1961, "pct_low_access_half_mile": 85.88}}, {"type": "Feature", "geometry": {"type": "Point", "coordinates": [-96.6251422, 32.7246272]}, "properties": {"tract_geoid": "48113017201", "land_sqmi": 2.252, "population": 6106, "median_household_income": 50350.0, "poverty_count": 578, "poverty_universe": 6106, "snap_households": 573, "snap_universe": 1983, "pct_low_access_half_mile": 38.58}}, {"type": "Feature", "geometry": {"type": "Point", "coordinates": [-96.6046326, 32.7334469]}, "properties": {"tract_geoid": "48113017203", "land_sqmi": 1.292, "population": 5606, "median_household_income": 71843.0, "poverty_count": 611, "poverty_universe": 5606, "snap_households": 277, "snap_universe": 1909, "pct_low_access_half_mile": 54.62}}, {"type": "Feature", "geometry": {"type": "Point", "coordinates": [-96.6113613, 32.7106108]}, "properties": {"tract_geoid": "48113017204", "land_sqmi": 1.115, "population": 5350, "median_household_income": 72437.0, "poverty_count": 256, "poverty_universe": 5279, "snap_households": 266, "snap_universe": 1406, "pct_low_access_half_mile": 48.74}}, {"type": "Feature", "geometry": {"type": "Point", "coordinates": [-96.5574635, 32.7569935]}, "properties": {"tract_geoid": "48113017307", "land_sqmi": 1.139, "population": 4472, "median_household_income": 101417.0, "poverty_count": 974, "poverty_universe": 4441, "snap_households": 100, "snap_universe": 1185, "pct_low_access_half_mile": 68.31}}, {"type": "Feature", "geometry": {"type": "Point", "coordinates": [-96.5628803, 32.743937]}, "properties": {"tract_geoid": "48113017308", "land_sqmi": 1.145, "population": 4887, "median_household_income": 107826.0, "poverty_count": 571, "poverty_universe": 4887, "snap_households": 287, "snap_universe": 1416, "pct_low_access_half_mile": 46.45}}, {"type": "Feature", "geometry": {"type": "Point", "coordinates": [-96.5392842, 32.7347549]}, "properties": {"tract_geoid": "48113017309", "land_sqmi": 0.59, "population": 3142, "median_household_income": 76023.0, "poverty_count": 140, "poverty_universe": 3142, "snap_households": 126, "snap_universe": 876, "pct_low_access_half_mile": 100.0}}, {"type": "Feature", "geometry": {"type": "Point", "coordinates": [-96.5501423, 32.736451]}, "properties": {"tract_geoid": "48113017310", "land_sqmi": 1.089, "population": 3650, "median_household_income": 118372.0, "poverty_count": 675, "poverty_universe": 3627, "snap_households": 72, "snap_universe": 1158, "pct_low_access_half_mile": 49.76}}, {"type": "Feature", "geometry": {"type": "Point", "coordinates": [-96.5781724, 32.7612933]}, "properties": {"tract_geoid": "48113017311", "land_sqmi": 0.618, "population": 3015, "median_household_income": 55368.0, "poverty_count": 514, "poverty_universe": 3015, "snap_households": 145, "snap_universe": 1040, "pct_low_access_half_mile": 49.13}}, {"type": "Feature", "geometry": {"type": "Point", "coordinates": [-96.5743417, 32.7517024]}, "properties": {"tract_geoid": "48113017312", "land_sqmi": 0.723, "population": 4554, "median_household_income": 98111.0, "poverty_count": 202, "poverty_universe": 4467, "snap_households": 135, "snap_universe": 1404, "pct_low_access_half_mile": 69.16}}, {"type": "Feature", "geometry": {"type": "Point", "coordinates": [-96.5339603, 32.7271579]}, "properties": {"tract_geoid": "48113017313", "land_sqmi": 5.639, "population": 4199, "median_household_income": 120478.0, "poverty_count": 31, "poverty_universe": 4199, "snap_households": 19, "snap_universe": 1088, "pct_low_access_half_mile": 100.0}}, {"type": "Feature", "geometry": {"type": "Point", "coordinates": [-96.5769303, 32.7219398]}, "properties": {"tract_geoid": "48113017314", "land_sqmi": 6.086, "population": 8558, "median_household_income": 76667.0, "poverty_count": 901, "poverty_universe": 8299, "snap_households": 295, "snap_universe": 2578, "pct_low_access_half_mile": 69.66}}, {"type": "Feature", "geometry": {"type": "Point", "coordinates": [-96.5928593, 32.7110576]}, "properties": {"tract_geoid": "48113017315", "land_sqmi": 1.49, "population": 7095, "median_household_income": 93240.0, "poverty_count": 364, "poverty_universe": 7077, "snap_households": 224, "snap_universe": 2183, "pct_low_access_half_mile": 61.27}}, {"type": "Feature", "geometry": {"type": "Point", "coordinates": [-96.5911712, 32.7555165]}, "properties": {"tract_geoid": "48113017400", "land_sqmi": 1.137, "population": 5528, "median_household_income": 74032.0, "poverty_count": 658, "poverty_universe": 5426, "snap_households": 220, "snap_universe": 1802, "pct_low_access_half_mile": 15.14}}, {"type": "Feature", "geometry": {"type": "Point", "coordinates": [-96.6101956, 32.7595528]}, "properties": {"tract_geoid": "48113017500", "land_sqmi": 1.762, "population": 3439, "median_household_income": 107632.0, "poverty_count": 262, "poverty_universe": 3439, "snap_households": 77, "snap_universe": 1297, "pct_low_access_half_mile": 67.51}}, {"type": "Feature", "geometry": {"type": "Point", "coordinates": [-96.6407031, 32.7708888]}, "properties": {"tract_geoid": "48113017602", "land_sqmi": 1.234, "population": 3962, "median_household_income": 76137.0, "poverty_count": 528, "poverty_universe": 3962, "snap_households": 236, "snap_universe": 1259, "pct_low_access_half_mile": 56.45}}, {"type": "Feature", "geometry": {"type": "Point", "coordinates": [-96.617534, 32.743028]}, "properties": {"tract_geoid": "48113017604", "land_sqmi": 0.568, "population": 3485, "median_household_income": 54097.0, "poverty_count": 316, "poverty_universe": 3470, "snap_households": 239, "snap_universe": 1056, "pct_low_access_half_mile": 33.9}}, {"type": "Feature", "geometry": {"type": "Point", "coordinates": [-96.6442769, 32.754626]}, "properties": {"tract_geoid": "48113017605", "land_sqmi": 0.404, "population": 4040, "median_household_income": 61042.0, "poverty_count": 524, "poverty_universe": 4040, "snap_households": 180, "snap_universe": 1153, "pct_low_access_half_mile": 70.67}}, {"type": "Feature", "geometry": {"type": "Point", "coordinates": [-96.6290211, 32.7571141]}, "properties": {"tract_geoid": "48113017606", "land_sqmi": 1.597, "population": 4787, "median_household_income": 58487.0, "poverty_count": 703, "poverty_universe": 4766, "snap_households": 185, "snap_universe": 1477, "pct_low_access_half_mile": 42.64}}, {"type": "Feature", "geometry": {"type": "Point", "coordinates": [-96.6171334, 32.7858593]}, "properties": {"tract_geoid": "48113017703", "land_sqmi": 0.841, "population": 5835, "median_household_income": 48135.0, "poverty_count": 1118, "poverty_universe": 5835, "snap_households": 615, "snap_universe": 1916, "pct_low_access_half_mile": 11.61}}, {"type": "Feature", "geometry": {"type": "Point", "coordinates": [-96.609763, 32.7755464]}, "properties": {"tract_geoid": "48113017704", "land_sqmi": 1.206, "population": 6688, "median_household_income": 66287.0, "poverty_count": 856, "poverty_universe": 6559, "snap_households": 290, "snap_universe": 2240, "pct_low_access_half_mile": 65.7}}, {"type": "Feature", "geometry": {"type": "Point", "coordinates": [-96.6015188, 32.7866271]}, "properties": {"tract_geoid": "48113017705", "land_sqmi": 0.471, "population": 3334, "median_household_income": 49394.0, "poverty_count": 906, "poverty_universe": 3334, "snap_households": 449, "snap_universe": 1464, "pct_low_access_half_mile": 0.0}}, {"type": "Feature", "geometry": {"type": "Point", "coordinates": [-96.5861268, 32.7744879]}, "properties": {"tract_geoid": "48113017706", "land_sqmi": 1.559, "population": 4943, "median_household_income": 93750.0, "poverty_count": 406, "poverty_universe": 4943, "snap_households": 112, "snap_universe": 1703, "pct_low_access_half_mile": 75.48}}, {"type": "Feature", "geometry": {"type": "Point", "coordinates": [-96.6473624, 32.7869383]}, "properties": {"tract_geoid": "48113017805", "land_sqmi": 3.313, "population": 5812, "median_household_income": 59888.0, "poverty_count": 1000, "poverty_universe": 5812, "snap_households": 389, "snap_universe": 2132, "pct_low_access_half_mile": 64.39}}, {"type": "Feature", "geometry": {"type": "Point", "coordinates": [-96.6599244, 32.8045623]}, "properties": {"tract_geoid": "48113017806", "land_sqmi": 1.031, "population": 5115, "median_household_income": 61834.0, "poverty_count": 676, "poverty_universe": 5115, "snap_households": 248, "snap_universe": 1553, "pct_low_access_half_mile": 58.0}}, {"type": "Feature", "geometry": {"type": "Point", "coordinates": [-96.6067159, 32.8291502]}, "properties": {"tract_geoid": "48113017808", "land_sqmi": 1.071, "population": 4435, "median_household_income": 83180.0, "poverty_count": 389, "poverty_universe": 4435, "snap_households": 167, "snap_universe": 1653, "pct_low_access_half_mile": 42.4}}, {"type": "Feature", "geometry": {"type": "Point", "coordinates": [-96.6044142, 32.8196511]}, "properties": {"tract_geoid": "48113017811", "land_sqmi": 0.908, "population": 5137, "median_household_income": 100750.0, "poverty_count": 762, "poverty_universe": 5060, "snap_households": 161, "snap_universe": 1765, "pct_low_access_half_mile": 32.47}}, {"type": "Feature", "geometry": {"type": "Point", "coordinates": [-96.6218138, 32.8167918]}, "properties": {"tract_geoid": "48113017812", "land_sqmi": 0.737, "population": 2060, "median_household_income": 78079.0, "poverty_count": 128, "poverty_universe": 2060, "snap_households": 81, "snap_universe": 824, "pct_low_access_half_mile": 64.36}}, {"type": "Feature", "geometry": {"type": "Point", "coordinates": [-96.6029404, 32.8022125]}, "properties": {"tract_geoid": "48113017814", "land_sqmi": 1.36, "population": 4821, "median_household_income": 88207.0, "poverty_count": 323, "poverty_universe": 4821, "snap_households": 146, "snap_universe": 1716, "pct_low_access_half_mile": 36.01}}, {"type": "Feature", "geometry": {"type": "Point", "coordinates": [-96.6324222, 32.8052678]}, "properties": {"tract_geoid": "48113017815", "land_sqmi": 0.944, "population": 3481, "median_household_income": 67978.0, "poverty_count": 482, "poverty_universe": 3319, "snap_households": 112, "snap_universe": 1217, "pct_low_access_half_mile": 2.71}}, {"type": "Feature", "geometry": {"type": "Point", "coordinates": [-96.6445156, 32.7957698]}, "properties": {"tract_geoid": "48113017816", "land_sqmi": 0.521, "population": 5859, "median_household_income": 71806.0, "poverty_count": 1095, "poverty_universe": 5859, "snap_households": 236, "snap_universe": 1531, "pct_low_access_half_mile": 25.76}}, {"type": "Feature", "geometry": {"type": "Point", "coordinates": [-96.6205852, 32.8062381]}, "properties": {"tract_geoid": "48113017817", "land_sqmi": 0.513, "population": 2944, "median_household_income": 54647.0, "poverty_count": 409, "poverty_universe": 2944, "snap_households": 19, "snap_universe": 1381, "pct_low_access_half_mile": 12.41}}, {"type": "Feature", "geometry": {"type": "Point", "coordinates": [-96.6176471, 32.7984582]}, "properties": {"tract_geoid": "48113017818", "land_sqmi": 0.575, "population": 3252, "median_household_income": 63573.0, "poverty_count": 572, "poverty_universe": 3252, "snap_households": 322, "snap_universe": 1343, "pct_low_access_half_mile": 32.48}}, {"type": "Feature", "geometry": {"type": "Point", "coordinates": [-96.6324077, 32.8164854]}, "properties": {"tract_geoid": "48113017819", "land_sqmi": 0.308, "population": 1702, "median_household_income": 41326.0, "poverty_count": 242, "poverty_universe": 1702, "snap_households": 250, "snap_universe": 1090, "pct_low_access_half_mile": 23.48}}, {"type": "Feature", "geometry": {"type": "Point", "coordinates": [-96.6438253, 32.8101779]}, "properties": {"tract_geoid": "48113017820", "land_sqmi": 0.635, "population": 4382, "median_household_income": 89766.0, "poverty_count": 210, "poverty_universe": 4382, "snap_households": 70, "snap_universe": 1403, "pct_low_access_half_mile": 61.9}}, {"type": "Feature", "geometry": {"type": "Point", "coordinates": [-96.6546331, 32.8176074]}, "properties": {"tract_geoid": "48113017900", "land_sqmi": 1.321, "population": 5434, "median_household_income": 57865.0, "poverty_count": 493, "poverty_universe": 5434, "snap_households": 278, "snap_universe": 1477, "pct_low_access_half_mile": 51.22}}, {"type": "Feature", "geometry": {"type": "Point", "coordinates": [-96.6446373, 32.8335679]}, "properties": {"tract_geoid": "48113018001", "land_sqmi": 1.026, "population": 6816, "median_household_income": 51121.0, "poverty_count": 653, "poverty_universe": 6816, "snap_households": 307, "snap_universe": 2375, "pct_low_access_half_mile": 38.97}}, {"type": "Feature", "geometry": {"type": "Point", "coordinates": [-96.6369569, 32.8252486]}, "properties": {"tract_geoid": "48113018002", "land_sqmi": 0.568, "population": 3524, "median_household_income": 75446.0, "poverty_count": 117, "poverty_universe": 3524, "snap_households": 116, "snap_universe": 1091, "pct_low_access_half_mile": 33.14}}, {"type": "Feature", "geometry": {"type": "Point", "coordinates": [-96.6208472, 32.9196568]}, "properties": {"tract_geoid": "48113018105", "land_sqmi": 1.244, "population": 6039, "median_household_income": 71157.0, "poverty_count": 708, "poverty_universe": 6039, "snap_households": 141, "snap_universe": 1676, "pct_low_access_half_mile": 46.26}}, {"type": "Feature", "geometry": {"type": "Point", "coordinates": [-96.6009298, 32.8828347]}, "properties": {"tract_geoid": "48113018110", "land_sqmi": 2.081, "population": 5293, "median_household_income": 92432.0, "poverty_count": 399, "poverty_universe": 5245, "snap_households": 16, "snap_universe": 1961, "pct_low_access_half_mile": 64.8}}, {"type": "Feature", "geometry": {"type": "Point", "coordinates": [-96.6183123, 32.8677534]}, "properties": {"tract_geoid": "48113018111", "land_sqmi": 1.048, "population": 7181, "median_household_income": 63202.0, "poverty_count": 1706, "poverty_universe": 7181, "snap_households": 243, "snap_universe": 2039, "pct_low_access_half_mile": 37.68}}, {"type": "Feature", "geometry": {"type": "Point", "coordinates": [-96.594165, 32.9338318]}, "properties": {"tract_geoid": "48113018120", "land_sqmi": 1.883, "population": 5405, "median_household_income": 102031.0, "poverty_count": 288, "poverty_universe": 5405, "snap_households": 114, "snap_universe": 1576, "pct_low_access_half_mile": 53.19}}, {"type": "Feature", "geometry": {"type": "Point", "coordinates": [-96.6030021, 32.9185354]}, "properties": {"tract_geoid": "48113018121", "land_sqmi": 1.321, "population": 5081, "median_household_income": 66165.0, "poverty_count": 580, "poverty_universe": 5073, "snap_households": 40, "snap_universe": 1573, "pct_low_access_half_mile": 67.11}}, {"type": "Feature", "geometry": {"type": "Point", "coordinates": [-96.6299976, 32.8587846]}, "properties": {"tract_geoid": "48113018126", "land_sqmi": 1.193, "population": 6641, "median_household_income": 95820.0, "poverty_count": 547, "poverty_universe": 6641, "snap_households": 153, "snap_universe": 2298, "pct_low_access_half_mile": 63.66}}, {"type": "Feature", "geometry": {"type": "Point", "coordinates": [-96.639328, 32.8529342]}, "properties": {"tract_geoid": "48113018127", "land_sqmi": 0.516, "population": 2978, "median_household_income": 76655.0, "poverty_count": 199, "poverty_universe": 2977, "snap_households": 128, "snap_universe": 871, "pct_low_access_half_mile": 49.6}}, {"type": "Feature", "geometry": {"type": "Point", "coordinates": [-96.606016, 32.8543362]}, "properties": {"tract_geoid": "48113018128", "land_sqmi": 0.753, "population": 5649, "median_household_income": 71646.0, "poverty_count": 178, "poverty_universe": 5575, "snap_households": 187, "snap_universe": 2020, "pct_low_access_half_mile": 19.5}}, {"type": "Feature", "geometry": {"type": "Point", "coordinates": [-96.6129938, 32.843118]}, "properties": {"tract_geoid": "48113018129", "land_sqmi": 1.545, "population": 4104, "median_household_income": 51855.0, "poverty_count": 614, "poverty_universe": 3972, "snap_households": 65, "snap_universe": 1811, "pct_low_access_half_mile": 54.71}}, {"type": "Feature", "geometry": {"type": "Point", "coordinates": [-96.6258465, 32.8363128]}, "properties": {"tract_geoid": "48113018130", "land_sqmi": 1.14, "population": 3764, "median_household_income": 40109.0, "poverty_count": 743, "poverty_universe": 3764, "snap_households": 451, "snap_universe": 1894, "pct_low_access_half_mile": 4.3}}, {"type": "Feature", "geometry": {"type": "Point", "coordinates": [-96.5761895, 32.8361747]}, "properties": {"tract_geoid": "48113018132", "land_sqmi": 1.601, "population": 6193, "median_household_income": 86607.0, "poverty_count": 378, "poverty_universe": 6184, "snap_households": 124, "snap_universe": 1991, "pct_low_access_half_mile": 73.59}}, {"type": "Feature", "geometry": {"type": "Point", "coordinates": [-96.5634188, 32.9015974]}, "properties": {"tract_geoid": "48113018133", "land_sqmi": 2.782, "population": 3626, "median_household_income": 89961.0, "poverty_count": 231, "poverty_universe": 3612, "snap_households": 133, "snap_universe": 1464, "pct_low_access_half_mile": 83.32}}, {"type": "Feature", "geometry": {"type": "Point", "coordinates": [-96.5264472, 32.9024086]}, "properties": {"tract_geoid": "48113018134", "land_sqmi": 1.517, "population": 5066, "median_household_income": 93964.0, "poverty_count": 297, "poverty_universe": 5066, "snap_households": 102, "snap_universe": 1931, "pct_low_access_half_mile": 94.06}}, {"type": "Feature", "geometry": {"type": "Point", "coordinates": [-96.5257484, 32.8803021]}, "properties": {"tract_geoid": "48113018135", "land_sqmi": 1.12, "population": 5281, "median_household_income": 97336.0, "poverty_count": 575, "poverty_universe": 5281, "snap_households": 134, "snap_universe": 2021, "pct_low_access_half_mile": 96.1}}, {"type": "Feature", "geometry": {"type": "Point", "coordinates": [-96.5606065, 32.862001]}, "properties": {"tract_geoid": "48113018137", "land_sqmi": 0.968, "population": 4386, "median_household_income": 72788.0, "poverty_count": 321, "poverty_universe": 4386, "snap_households": 112, "snap_universe": 1427, "pct_low_access_half_mile": 66.78}}, {"type": "Feature", "geometry": {"type": "Point", "coordinates": [-96.5820548, 32.8510465]}, "properties": {"tract_geoid": "48113018138", "land_sqmi": 1.004, "population": 4740, "median_household_income": 66426.0, "poverty_count": 633, "poverty_universe": 4740, "snap_households": 306, "snap_universe": 2055, "pct_low_access_half_mile": 18.03}}, {"type": "Feature", "geometry": {"type": "Point", "coordinates": [-96.5648339, 32.9188721]}, "properties": {"tract_geoid": "48113018140", "land_sqmi": 2.296, "population": 6087, "median_household_income": 96985.0, "poverty_count": 280, "poverty_universe": 6087, "snap_households": 142, "snap_universe": 2006, "pct_low_access_half_mile": 90.24}}, {"type": "Feature", "geometry": {"type": "Point", "coordinates": [-96.5276514, 32.8720402]}, "properties": {"tract_geoid": "48113018141", "land_sqmi": 0.74, "population": 3331, "median_household_income": 47414.0, "poverty_count": 567, "poverty_universe": 3331, "snap_households": 173, "snap_universe": 1694, "pct_low_access_half_mile": 43.65}}, {"type": "Feature", "geometry": {"type": "Point", "coordinates": [-96.544888, 32.8395685]}, "properties": {"tract_geoid": "48113018142", "land_sqmi": 1.577, "population": 4263, "median_household_income": 102563.0, "poverty_count": 330, "poverty_universe": 4216, "snap_households": 3, "snap_universe": 1239, "pct_low_access_half_mile": 79.57}}, {"type": "Feature", "geometry": {"type": "Point", "coordinates": [-96.5389509, 32.95171]}, "properties": {"tract_geoid": "48113018143", "land_sqmi": 5.522, "population": 6397, "median_household_income": 148958.0, "poverty_count": 269, "poverty_universe": 6397, "snap_households": 224, "snap_universe": 2306, "pct_low_access_half_mile": 99.84}}, {"type": "Feature", "geometry": {"type": "Point", "coordinates": [-96.5257885, 32.9415141]}, "properties": {"tract_geoid": "48113018144", "land_sqmi": 1.137, "population": 4790, "median_household_income": 149022.0, "poverty_count": 193, "poverty_universe": 4790, "snap_households": 13, "snap_universe": 1248, "pct_low_access_half_mile": 99.39}}, {"type": "Feature", "geometry": {"type": "Point", "coordinates": [-96.5569973, 32.8809852]}, "properties": {"tract_geoid": "48113018145", "land_sqmi": 1.422, "population": 5305, "median_household_income": 133620.0, "poverty_count": 287, "poverty_universe": 5305, "snap_households": 8, "snap_universe": 1767, "pct_low_access_half_mile": 72.1}}, {"type": "Feature", "geometry": {"type": "Point", "coordinates": [-96.5795604, 32.8842684]}, "properties": {"tract_geoid": "48113018146", "land_sqmi": 0.954, "population": 3023, "median_household_income": 136199.0, "poverty_count": 48, "poverty_universe": 3023, "snap_households": 0, "snap_universe": 1135, "pct_low_access_half_mile": 56.31}}, {"type": "Feature", "geometry": {"type": "Point", "coordinates": [-96.5856559, 32.8678415]}, "properties": {"tract_geoid": "48113018147", "land_sqmi": 1.089, "population": 5137, "median_household_income": 114020.0, "poverty_count": 604, "poverty_universe": 5137, "snap_households": 98, "snap_universe": 1536, "pct_low_access_half_mile": 85.44}}, {"type": "Feature", "geometry": {"type": "Point", "coordinates": [-96.5981257, 32.8580761]}, "properties": {"tract_geoid": "48113018148", "land_sqmi": 0.892, "population": 4572, "median_household_income": 64514.0, "poverty_count": 918, "poverty_universe": 4572, "snap_households": 248, "snap_universe": 1403, "pct_low_access_half_mile": 59.64}}, {"type": "Feature", "geometry": {"type": "Point", "coordinates": [-96.526311, 32.9195356]}, "properties": {"tract_geoid": "48113018149", "land_sqmi": 0.692, "population": 3847, "median_household_income": 140398.0, "poverty_count": 390, "poverty_universe": 3847, "snap_households": 47, "snap_universe": 1125, "pct_low_access_half_mile": 56.25}}, {"type": "Feature", "geometry": {"type": "Point", "coordinates": [-96.5392161, 32.9250563]}, "properties": {"tract_geoid": "48113018150", "land_sqmi": 1.349, "population": 3980, "median_household_income": 104500.0, "poverty_count": 461, "poverty_universe": 3980, "snap_households": 135, "snap_universe": 1388, "pct_low_access_half_mile": 68.6}}, {"type": "Feature", "geometry": {"type": "Point", "coordinates": [-96.601841, 32.9539771]}, "properties": {"tract_geoid": "48113018151", "land_sqmi": 1.886, "population": 4336, "median_household_income": 97500.0, "poverty_count": 137, "poverty_universe": 4294, "snap_households": 40, "snap_universe": 1342, "pct_low_access_half_mile": 68.01}}, {"type": "Feature", "geometry": {"type": "Point", "coordinates": [-96.6148515, 32.9422631]}, "properties": {"tract_geoid": "48113018152", "land_sqmi": 1.396, "population": 5436, "median_household_income": 80912.0, "poverty_count": 487, "poverty_universe": 5339, "snap_households": 204, "snap_universe": 2146, "pct_low_access_half_mile": 53.47}}, {"type": "Feature", "geometry": {"type": "Point", "coordinates": [-96.5911458, 32.9643362]}, "properties": {"tract_geoid": "48113018153", "land_sqmi": 1.26, "population": 6951, "median_household_income": 106488.0, "poverty_count": 131, "poverty_universe": 6951, "snap_households": 37, "snap_universe": 2355, "pct_low_access_half_mile": 78.19}}, {"type": "Feature", "geometry": {"type": "Point", "coordinates": [-96.573781, 32.9785968]}, "properties": {"tract_geoid": "48113018154", "land_sqmi": 1.431, "population": 5201, "median_household_income": 109131.0, "poverty_count": 368, "poverty_universe": 5201, "snap_households": 67, "snap_universe": 1945, "pct_low_access_half_mile": 79.84}}, {"type": "Feature", "geometry": {"type": "Point", "coordinates": [-96.551425, 32.9692909]}, "properties": {"tract_geoid": "48113018155", "land_sqmi": 4.853, "population": 6603, "median_household_income": 127176.0, "poverty_count": 398, "poverty_universe": 6603, "snap_households": 83, "snap_universe": 1997, "pct_low_access_half_mile": 100.0}}, {"type": "Feature", "geometry": {"type": "Point", "coordinates": [-96.5833302, 32.9139685]}, "properties": {"tract_geoid": "48113018156", "land_sqmi": 1.065, "population": 5244, "median_household_income": 116685.0, "poverty_count": 274, "poverty_universe": 5244, "snap_households": 124, "snap_universe": 1777, "pct_low_access_half_mile": 68.55}}, {"type": "Feature", "geometry": {"type": "Point", "coordinates": [-96.5808858, 32.9299301]}, "properties": {"tract_geoid": "48113018157", "land_sqmi": 1.648, "population": 4051, "median_household_income": 95938.0, "poverty_count": 297, "poverty_universe": 4051, "snap_households": 273, "snap_universe": 1180, "pct_low_access_half_mile": 70.36}}, {"type": "Feature", "geometry": {"type": "Point", "coordinates": [-96.5303216, 32.7721875]}, "properties": {"tract_geoid": "48113018158", "land_sqmi": 8.239, "population": 4005, "median_household_income": 90185.0, "poverty_count": 367, "poverty_universe": 3983, "snap_households": 28, "snap_universe": 1518, "pct_low_access_half_mile": 68.32}}, {"type": "Feature", "geometry": {"type": "Point", "coordinates": [-96.5557414, 32.811384]}, "properties": {"tract_geoid": "48113018159", "land_sqmi": 9.701, "population": 5700, "median_household_income": 184129.0, "poverty_count": 295, "poverty_universe": 5700, "snap_households": 32, "snap_universe": 1765, "pct_low_access_half_mile": 99.04}}, {"type": "Feature", "geometry": {"type": "Point", "coordinates": [-96.6062954, 32.9021995]}, "properties": {"tract_geoid": "48113018203", "land_sqmi": 1.763, "population": 6090, "median_household_income": 80714.0, "poverty_count": 797, "poverty_universe": 6090, "snap_households": 72, "snap_universe": 1748, "pct_low_access_half_mile": 56.57}}, {"type": "Feature", "geometry": {"type": "Point", "coordinates": [-96.6257093, 32.901842]}, "properties": {"tract_geoid": "48113018204", "land_sqmi": 0.679, "population": 4953, "median_household_income": 60396.0, "poverty_count": 1645, "poverty_universe": 4898, "snap_households": 231, "snap_universe": 1223, "pct_low_access_half_mile": 26.29}}, {"type": "Feature", "geometry": {"type": "Point", "coordinates": [-96.6158652, 32.8887332]}, "properties": {"tract_geoid": "48113018205", "land_sqmi": 0.627, "population": 4021, "median_household_income": 58459.0, "poverty_count": 956, "poverty_universe": 4021, "snap_households": 128, "snap_universe": 1259, "pct_low_access_half_mile": 27.1}}, {"type": "Feature", "geometry": {"type": "Point", "coordinates": [-96.626841, 32.8844225]}, "properties": {"tract_geoid": "48113018206", "land_sqmi": 0.684, "population": 4263, "median_household_income": 60859.0, "poverty_count": 858, "poverty_universe": 4263, "snap_households": 257, "snap_universe": 1206, "pct_low_access_half_mile": 32.4}}, {"type": "Feature", "geometry": {"type": "Point", "coordinates": [-96.6430438, 32.8860362]}, "properties": {"tract_geoid": "48113018300", "land_sqmi": 1.48, "population": 6950, "median_household_income": 77292.0, "poverty_count": 1367, "poverty_universe": 6950, "snap_households": 237, "snap_universe": 2115, "pct_low_access_half_mile": 35.04}}, {"type": "Feature", "geometry": {"type": "Point", "coordinates": [-96.6564407, 32.8711295]}, "properties": {"tract_geoid": "48113018401", "land_sqmi": 0.957, "population": 4535, "median_household_income": 70819.0, "poverty_count": 598, "poverty_universe": 4520, "snap_households": 190, "snap_universe": 1604, "pct_low_access_half_mile": 10.53}}, {"type": "Feature", "geometry": {"type": "Point", "coordinates": [-96.6404343, 32.8717459]}, "properties": {"tract_geoid": "48113018402", "land_sqmi": 0.952, "population": 4453, "median_household_income": 81250.0, "poverty_count": 1350, "poverty_universe": 4390, "snap_households": 139, "snap_universe": 1444, "pct_low_access_half_mile": 12.27}}, {"type": "Feature", "geometry": {"type": "Point", "coordinates": [-96.6507495, 32.8611265]}, "properties": {"tract_geoid": "48113018403", "land_sqmi": 0.323, "population": 1544, "median_household_income": 48646.0, "poverty_count": 151, "poverty_universe": 1544, "snap_households": 97, "snap_universe": 589, "pct_low_access_half_mile": 0.0}}, {"type": "Feature", "geometry": {"type": "Point", "coordinates": [-96.671102, 32.8892168]}, "properties": {"tract_geoid": "48113018501", "land_sqmi": 3.436, "population": 4917, "median_household_income": 84009.0, "poverty_count": 464, "poverty_universe": 4911, "snap_households": 216, "snap_universe": 1221, "pct_low_access_half_mile": 32.32}}, {"type": "Feature", "geometry": {"type": "Point", "coordinates": [-96.713857, 32.9067087]}, "properties": {"tract_geoid": "48113018505", "land_sqmi": 0.184, "population": 3928, "median_household_income": 40038.0, "poverty_count": 861, "poverty_universe": 3928, "snap_households": 273, "snap_universe": 1752, "pct_low_access_half_mile": 0.0}}, {"type": "Feature", "geometry": {"type": "Point", "coordinates": [-96.6970701, 32.8978057]}, "properties": {"tract_geoid": "48113018506", "land_sqmi": 2.949, "population": 3130, "median_household_income": 40246.0, "poverty_count": 814, "poverty_universe": 3130, "snap_households": 168, "snap_universe": 1497, "pct_low_access_half_mile": 0.04}}, {"type": "Feature", "geometry": {"type": "Point", "coordinates": [-96.724128, 32.9074299]}, "properties": {"tract_geoid": "48113018507", "land_sqmi": 0.177, "population": 4141, "median_household_income": 38668.0, "poverty_count": 1293, "poverty_universe": 4141, "snap_households": 261, "snap_universe": 1988, "pct_low_access_half_mile": 9.2}}, {"type": "Feature", "geometry": {"type": "Point", "coordinates": [-96.7192382, 32.9044281]}, "properties": {"tract_geoid": "48113018508", "land_sqmi": 0.088, "population": 1435, "median_household_income": 34797.0, "poverty_count": 314, "poverty_universe": 1435, "snap_households": 130, "snap_universe": 593, "pct_low_access_half_mile": 0.0}}, {"type": "Feature", "geometry": {"type": "Point", "coordinates": [-96.6571861, 32.9016653]}, "properties": {"tract_geoid": "48113018600", "land_sqmi": 0.985, "population": 4004, "median_household_income": 79196.0, "poverty_count": 251, "poverty_universe": 3992, "snap_households": 57, "snap_universe": 1361, "pct_low_access_half_mile": 32.24}}, {"type": "Feature", "geometry": {"type": "Point", "coordinates": [-96.6398642, 32.9016782]}, "properties": {"tract_geoid": "48113018700", "land_sqmi": 1.032, "population": 7231, "median_household_income": 57691.0, "poverty_count": 1343, "poverty_universe": 7162, "snap_households": 311, "snap_universe": 2011, "pct_low_access_half_mile": 12.72}}, {"type": "Feature", "geometry": {"type": "Point", "coordinates": [-96.6351449, 32.9252279]}, "properties": {"tract_geoid": "48113018801", "land_sqmi": 1.316, "population": 4559, "median_household_income": 68631.0, "poverty_count": 398, "poverty_universe": 4545, "snap_households": 123, "snap_universe": 1403, "pct_low_access_half_mile": 49.15}}, {"type": "Feature", "geometry": {"type": "Point", "coordinates": [-96.6405967, 32.9128804]}, "properties": {"tract_geoid": "48113018802", "land_sqmi": 0.666, "population": 1725, "median_household_income": 52959.0, "poverty_count": 76, "poverty_universe": 1725, "snap_households": 103, "snap_universe": 752, "pct_low_access_half_mile": 49.74}}, {"type": "Feature", "geometry": {"type": "Point", "coordinates": [-96.6573161, 32.9202539]}, "properties": {"tract_geoid": "48113018900", "land_sqmi": 1.37, "population": 5918, "median_household_income": 69125.0, "poverty_count": 852, "poverty_universe": 5918, "snap_households": 107, "snap_universe": 1854, "pct_low_access_half_mile": 33.43}}, {"type": "Feature", "geometry": {"type": "Point", "coordinates": [-96.6742771, 32.9128587]}, "properties": {"tract_geoid": "48113019013", "land_sqmi": 0.531, "population": 4843, "median_household_income": 39131.0, "poverty_count": 1450, "poverty_universe": 4769, "snap_households": 268, "snap_universe": 1489, "pct_low_access_half_mile": 0.0}}, {"type": "Feature", "geometry": {"type": "Point", "coordinates": [-96.7421805, 32.9195134]}, "properties": {"tract_geoid": "48113019016", "land_sqmi": 0.44, "population": 2419, "median_household_income": 66696.0, "poverty_count": 436, "poverty_universe": 2419, "snap_households": 135, "snap_universe": 1139, "pct_low_access_half_mile": 0.0}}, {"type": "Feature", "geometry": {"type": "Point", "coordinates": [-96.711364, 32.925293]}, "properties": {"tract_geoid": "48113019018", "land_sqmi": 0.568, "population": 4869, "median_household_income": 68903.0, "poverty_count": 609, "poverty_universe": 4869, "snap_households": 89, "snap_universe": 2011, "pct_low_access_half_mile": 37.37}}, {"type": "Feature", "geometry": {"type": "Point", "coordinates": [-96.7116638, 32.9123571]}, "properties": {"tract_geoid": "48113019019", "land_sqmi": 0.666, "population": 7655, "median_household_income": 45809.0, "poverty_count": 2157, "poverty_universe": 7645, "snap_households": 531, "snap_universe": 2567, "pct_low_access_half_mile": 40.12}}, {"type": "Feature", "geometry": {"type": "Point", "coordinates": [-96.6757418, 32.936807]}, "properties": {"tract_geoid": "48113019020", "land_sqmi": 0.954, "population": 7258, "median_household_income": 59519.0, "poverty_count": 599, "poverty_universe": 7258, "snap_households": 78, "snap_universe": 2542, "pct_low_access_half_mile": 46.44}}, {"type": "Feature", "geometry": {"type": "Point", "coordinates": [-96.6906873, 32.9500058]}, "properties": {"tract_geoid": "48113019023", "land_sqmi": 1.059, "population": 5242, "median_household_income": 106902.0, "poverty_count": 70, "poverty_universe": 5242, "snap_households": 74, "snap_universe": 1894, "pct_low_access_half_mile": 25.26}}, {"type": "Feature", "geometry": {"type": "Point", "coordinates": [-96.6912893, 32.9382137]}, "properties": {"tract_geoid": "48113019024", "land_sqmi": 0.973, "population": 3949, "median_household_income": 99083.0, "poverty_count": 282, "poverty_universe": 3949, "snap_households": 90, "snap_universe": 1364, "pct_low_access_half_mile": 14.15}}, {"type": "Feature", "geometry": {"type": "Point", "coordinates": [-96.6297022, 32.9463108]}, "properties": {"tract_geoid": "48113019025", "land_sqmi": 0.773, "population": 4710, "median_household_income": 104018.0, "poverty_count": 279, "poverty_universe": 4710, "snap_households": 46, "snap_universe": 1513, "pct_low_access_half_mile": 91.57}}, {"type": "Feature", "geometry": {"type": "Point", "coordinates": [-96.6392503, 32.9379049]}, "properties": {"tract_geoid": "48113019026", "land_sqmi": 1.053, "population": 5333, "median_household_income": 68242.0, "poverty_count": 443, "poverty_universe": 5249, "snap_households": 235, "snap_universe": 2083, "pct_low_access_half_mile": 26.64}}, {"type": "Feature", "geometry": {"type": "Point", "coordinates": [-96.6407837, 32.9571246]}, "properties": {"tract_geoid": "48113019027", "land_sqmi": 1.991, "population": 7280, "median_household_income": 68996.0, "poverty_count": 946, "poverty_universe": 7280, "snap_households": 129, "snap_universe": 2783, "pct_low_access_half_mile": 43.75}}, {"type": "Feature", "geometry": {"type": "Point", "coordinates": [-96.6748841, 32.9562186]}, "properties": {"tract_geoid": "48113019028", "land_sqmi": 0.566, "population": 3531, "median_household_income": 83229.0, "poverty_count": 210, "poverty_universe": 3521, "snap_households": 43, "snap_universe": 1139, "pct_low_access_half_mile": 6.8}}, {"type": "Feature", "geometry": {"type": "Point", "coordinates": [-96.6663675, 32.9481773]}, "properties": {"tract_geoid": "48113019029", "land_sqmi": 0.835, "population": 6130, "median_household_income": 75375.0, "poverty_count": 145, "poverty_universe": 6016, "snap_households": 153, "snap_universe": 2052, "pct_low_access_half_mile": 17.09}}, {"type": "Feature", "geometry": {"type": "Point", "coordinates": [-96.6794383, 32.974462]}, "properties": {"tract_geoid": "48113019031", "land_sqmi": 1.36, "population": 5327, "median_household_income": 107870.0, "poverty_count": 247, "poverty_universe": 5327, "snap_households": 67, "snap_universe": 2181, "pct_low_access_half_mile": 61.31}}, {"type": "Feature", "geometry": {"type": "Point", "coordinates": [-96.6917717, 32.9203483]}, "properties": {"tract_geoid": "48113019032", "land_sqmi": 0.49, "population": 4628, "median_household_income": 67525.0, "poverty_count": 726, "poverty_universe": 4610, "snap_households": 99, "snap_universe": 1039, "pct_low_access_half_mile": 9.42}}, {"type": "Feature", "geometry": {"type": "Point", "coordinates": [-96.6916931, 32.9129]}, "properties": {"tract_geoid": "48113019033", "land_sqmi": 0.538, "population": 4629, "median_household_income": 69527.0, "poverty_count": 391, "poverty_universe": 4629, "snap_households": 262, "snap_universe": 1209, "pct_low_access_half_mile": 0.0}}, {"type": "Feature", "geometry": {"type": "Point", "coordinates": [-96.7261193, 32.9209189]}, "properties": {"tract_geoid": "48113019034", "land_sqmi": 0.685, "population": 5066, "median_household_income": 40833.0, "poverty_count": 860, "poverty_universe": 5057, "snap_households": 214, "snap_universe": 1898, "pct_low_access_half_mile": 16.38}}, {"type": "Feature", "geometry": {"type": "Point", "coordinates": [-96.7258465, 32.9126249]}, "properties": {"tract_geoid": "48113019035", "land_sqmi": 0.408, "population": 6266, "median_household_income": 36697.0, "poverty_count": 2282, "poverty_universe": 6266, "snap_households": 610, "snap_universe": 2432, "pct_low_access_half_mile": 21.28}}, {"type": "Feature", "geometry": {"type": "Point", "coordinates": [-96.6946727, 32.9820172]}, "properties": {"tract_geoid": "48113019036", "land_sqmi": 1.038, "population": 2612, "median_household_income": 148933.0, "poverty_count": 138, "poverty_universe": 2612, "snap_households": 0, "snap_universe": 1093, "pct_low_access_half_mile": 72.67}}, {"type": "Feature", "geometry": {"type": "Point", "coordinates": [-96.6900712, 32.9658142]}, "properties": {"tract_geoid": "48113019037", "land_sqmi": 0.686, "population": 2831, "median_household_income": 92138.0, "poverty_count": 190, "poverty_universe": 2750, "snap_households": 153, "snap_universe": 1027, "pct_low_access_half_mile": 39.17}}, {"type": "Feature", "geometry": {"type": "Point", "coordinates": [-96.7074162, 32.9465166]}, "properties": {"tract_geoid": "48113019039", "land_sqmi": 1.75, "population": 5635, "median_household_income": 90339.0, "poverty_count": 489, "poverty_universe": 5635, "snap_households": 55, "snap_universe": 2105, "pct_low_access_half_mile": 22.37}}, {"type": "Feature", "geometry": {"type": "Point", "coordinates": [-96.7387195, 32.9323213]}, "properties": {"tract_geoid": "48113019040", "land_sqmi": 2.066, "population": 7981, "median_household_income": 81826.0, "poverty_count": 1026, "poverty_universe": 7968, "snap_households": 257, "snap_universe": 3069, "pct_low_access_half_mile": 20.28}}, {"type": "Feature", "geometry": {"type": "Point", "coordinates": [-96.7271307, 32.9288298]}, "properties": {"tract_geoid": "48113019041", "land_sqmi": 0.482, "population": 2540, "median_household_income": 98889.0, "poverty_count": 74, "poverty_universe": 2538, "snap_households": 38, "snap_universe": 966, "pct_low_access_half_mile": 64.75}}, {"type": "Feature", "geometry": {"type": "Point", "coordinates": [-96.6507078, 32.9736501]}, "properties": {"tract_geoid": "48113019042", "land_sqmi": 2.532, "population": 8518, "median_household_income": 88390.0, "poverty_count": 655, "poverty_universe": 8356, "snap_households": 207, "snap_universe": 3670, "pct_low_access_half_mile": 68.23}}, {"type": "Feature", "geometry": {"type": "Point", "coordinates": [-96.6916279, 32.92756]}, "properties": {"tract_geoid": "48113019044", "land_sqmi": 0.488, "population": 3680, "median_household_income": 65125.0, "poverty_count": 884, "poverty_universe": 3680, "snap_households": 42, "snap_universe": 1088, "pct_low_access_half_mile": 42.52}}, {"type": "Feature", "geometry": {"type": "Point", "coordinates": [-96.702975, 32.9239598]}, "properties": {"tract_geoid": "48113019045", "land_sqmi": 0.337, "population": 2731, "median_household_income": 58354.0, "poverty_count": 448, "poverty_universe": 2731, "snap_households": 84, "snap_universe": 968, "pct_low_access_half_mile": 31.14}}, {"type": "Feature", "geometry": {"type": "Point", "coordinates": [-96.6741578, 32.9200032]}, "properties": {"tract_geoid": "48113019046", "land_sqmi": 0.484, "population": 3055, "median_household_income": 70580.0, "poverty_count": 353, "poverty_universe": 3055, "snap_households": 113, "snap_universe": 895, "pct_low_access_half_mile": 28.96}}, {"type": "Feature", "geometry": {"type": "Point", "coordinates": [-96.6741942, 32.9273458]}, "properties": {"tract_geoid": "48113019047", "land_sqmi": 0.564, "population": 4342, "median_household_income": 71760.0, "poverty_count": 298, "poverty_universe": 4342, "snap_households": 126, "snap_universe": 1373, "pct_low_access_half_mile": 43.72}}, {"type": "Feature", "geometry": {"type": "Point", "coordinates": [-96.65692, 32.9345444]}, "properties": {"tract_geoid": "48113019048", "land_sqmi": 0.527, "population": 3596, "median_household_income": 95343.0, "poverty_count": 273, "poverty_universe": 3564, "snap_households": 315, "snap_universe": 1177, "pct_low_access_half_mile": 30.65}}, {"type": "Feature", "geometry": {"type": "Point", "coordinates": [-96.6565647, 32.9418377]}, "properties": {"tract_geoid": "48113019049", "land_sqmi": 0.462, "population": 4294, "median_household_income": 59451.0, "poverty_count": 769, "poverty_universe": 4294, "snap_households": 168, "snap_universe": 1236, "pct_low_access_half_mile": 45.48}}, {"type": "Feature", "geometry": {"type": "Point", "coordinates": [-96.6306354, 32.9708192]}, "properties": {"tract_geoid": "48113019050", "land_sqmi": 1.467, "population": 3057, "median_household_income": 175221.0, "poverty_count": 140, "poverty_universe": 3057, "snap_households": 0, "snap_universe": 1150, "pct_low_access_half_mile": 100.0}}, {"type": "Feature", "geometry": {"type": "Point", "coordinates": [-96.617973, 32.9633763]}, "properties": {"tract_geoid": "48113019051", "land_sqmi": 2.508, "population": 4552, "median_household_income": 157260.0, "poverty_count": 35, "poverty_universe": 4552, "snap_households": 22, "snap_universe": 1727, "pct_low_access_half_mile": 77.95}}, {"type": "Feature", "geometry": {"type": "Point", "coordinates": [-96.7069567, 32.9801964]}, "properties": {"tract_geoid": "48113019052", "land_sqmi": 0.568, "population": 1316, "median_household_income": 94792.0, "poverty_count": 279, "poverty_universe": 1292, "snap_households": 42, "snap_universe": 675, "pct_low_access_half_mile": 100.0}}, {"type": "Feature", "geometry": {"type": "Point", "coordinates": [-96.7108836, 32.9673723]}, "properties": {"tract_geoid": "48113019053", "land_sqmi": 1.268, "population": 1397, "median_household_income": 82159.0, "poverty_count": 70, "poverty_universe": 1397, "snap_households": 29, "snap_universe": 917, "pct_low_access_half_mile": 21.48}}, {"type": "Feature", "geometry": {"type": "Point", "coordinates": [-96.7339318, 32.9481597]}, "properties": {"tract_geoid": "48113019101", "land_sqmi": 0.528, "population": 1238, "median_household_income": 78922.0, "poverty_count": 187, "poverty_universe": 1238, "snap_households": 13, "snap_universe": 700, "pct_low_access_half_mile": 0.0}}, {"type": "Feature", "geometry": {"type": "Point", "coordinates": [-96.7225579, 32.9489047]}, "properties": {"tract_geoid": "48113019102", "land_sqmi": 1.163, "population": 4511, "median_household_income": 91023.0, "poverty_count": 705, "poverty_universe": 4502, "snap_households": 101, "snap_universe": 1654, "pct_low_access_half_mile": 29.79}}, {"type": "Feature", "geometry": {"type": "Point", "coordinates": [-96.7468299, 32.9459399]}, "properties": {"tract_geoid": "48113019202", "land_sqmi": 0.776, "population": 4645, "median_household_income": 95809.0, "poverty_count": 587, "poverty_universe": 4635, "snap_households": 76, "snap_universe": 1853, "pct_low_access_half_mile": 37.87}}, {"type": "Feature", "geometry": {"type": "Point", "coordinates": [-96.7416435, 32.9568544]}, "properties": {"tract_geoid": "48113019203", "land_sqmi": 1.142, "population": 3783, "median_household_income": 128705.0, "poverty_count": 239, "poverty_universe": 3783, "snap_households": 0, "snap_universe": 1535, "pct_low_access_half_mile": 54.89}}, {"type": "Feature", "geometry": {"type": "Point", "coordinates": [-96.7601189, 32.9738902]}, "properties": {"tract_geoid": "48113019205", "land_sqmi": 1.177, "population": 4727, "median_household_income": 174107.0, "poverty_count": 95, "poverty_universe": 4706, "snap_households": 0, "snap_universe": 1653, "pct_low_access_half_mile": 47.3}}, {"type": "Feature", "geometry": {"type": "Point", "coordinates": [-96.7652519, 32.9321554]}, "properties": {"tract_geoid": "48113019208", "land_sqmi": 0.483, "population": 5578, "median_household_income": 55142.0, "poverty_count": 1322, "poverty_universe": 5542, "snap_households": 211, "snap_universe": 2215, "pct_low_access_half_mile": 7.57}}, {"type": "Feature", "geometry": {"type": "Point", "coordinates": [-96.72854, 32.9811167]}, "properties": {"tract_geoid": "48113019210", "land_sqmi": 1.2, "population": 4753, "median_household_income": 213952.0, "poverty_count": 150, "poverty_universe": 4739, "snap_households": 0, "snap_universe": 1534, "pct_low_access_half_mile": 67.57}}, {"type": "Feature", "geometry": {"type": "Point", "coordinates": [-96.7320622, 32.9696]}, "properties": {"tract_geoid": "48113019211", "land_sqmi": 1.297, "population": 5985, "median_household_income": 79474.0, "poverty_count": 383, "poverty_universe": 5767, "snap_households": 118, "snap_universe": 2118, "pct_low_access_half_mile": 60.94}}, {"type": "Feature", "geometry": {"type": "Point", "coordinates": [-96.7598198, 32.934448]}, "properties": {"tract_geoid": "48113019212", "land_sqmi": 0.109, "population": 2793, "median_household_income": 40036.0, "poverty_count": 927, "poverty_universe": 2793, "snap_households": 144, "snap_universe": 1045, "pct_low_access_half_mile": 0.0}}, {"type": "Feature", "geometry": {"type": "Point", "coordinates": [-96.7547381, 32.9365374]}, "properties": {"tract_geoid": "48113019213", "land_sqmi": 0.248, "population": 3334, "median_household_income": 28814.0, "poverty_count": 932, "poverty_universe": 3334, "snap_households": 417, "snap_universe": 1494, "pct_low_access_half_mile": 0.0}}, {"type": "Feature", "geometry": {"type": "Point", "coordinates": [-96.7630835, 32.943428]}, "properties": {"tract_geoid": "48113019214", "land_sqmi": 0.326, "population": 5424, "median_household_income": 51026.0, "poverty_count": 1682, "poverty_universe": 5393, "snap_households": 184, "snap_universe": 1382, "pct_low_access_half_mile": 7.82}}, {"type": "Feature", "geometry": {"type": "Point", "coordinates": [-96.7623134, 32.9539786]}, "properties": {"tract_geoid": "48113019215", "land_sqmi": 0.782, "population": 2699, "median_household_income": 121676.0, "poverty_count": 57, "poverty_universe": 2699, "snap_households": 10, "snap_universe": 925, "pct_low_access_half_mile": 65.87}}, {"type": "Feature", "geometry": {"type": "Point", "coordinates": [-96.7498037, 32.9703659]}, "properties": {"tract_geoid": "48113019216", "land_sqmi": 0.794, "population": 3672, "median_household_income": 79524.0, "poverty_count": 453, "poverty_universe": 3613, "snap_households": 15, "snap_universe": 1448, "pct_low_access_half_mile": 64.5}}, {"type": "Feature", "geometry": {"type": "Point", "coordinates": [-96.7818523, 32.856345]}, "properties": {"tract_geoid": "48113019301", "land_sqmi": 0.463, "population": 3373, "median_household_income": 250001.0, "poverty_count": 37, "poverty_universe": 3366, "snap_households": 7, "snap_universe": 990, "pct_low_access_half_mile": 48.64}}, {"type": "Feature", "geometry": {"type": "Point", "coordinates": [-96.7804746, 32.8446397]}, "properties": {"tract_geoid": "48113019302", "land_sqmi": 0.719, "population": 5906, "median_household_income": 214821.0, "poverty_count": 216, "poverty_universe": 2744, "snap_households": 5, "snap_universe": 901, "pct_low_access_half_mile": 36.09}}, {"type": "Feature", "geometry": {"type": "Point", "coordinates": [-96.791368, 32.8477546]}, "properties": {"tract_geoid": "48113019400", "land_sqmi": 0.591, "population": 4360, "median_household_income": 190159.0, "poverty_count": 392, "poverty_universe": 4360, "snap_households": 0, "snap_universe": 1448, "pct_low_access_half_mile": 14.45}}, {"type": "Feature", "geometry": {"type": "Point", "coordinates": [-96.7993959, 32.8580225]}, "properties": {"tract_geoid": "48113019501", "land_sqmi": 1.118, "population": 7425, "median_household_income": 250001.0, "poverty_count": 149, "poverty_universe": 7425, "snap_households": 0, "snap_universe": 2319, "pct_low_access_half_mile": 60.58}}, {"type": "Feature", "geometry": {"type": "Point", "coordinates": [-96.8063186, 32.8446067]}, "properties": {"tract_geoid": "48113019502", "land_sqmi": 0.801, "population": 4040, "median_household_income": 250001.0, "poverty_count": 136, "poverty_universe": 4040, "snap_households": 10, "snap_universe": 1516, "pct_low_access_half_mile": 54.52}}, {"type": "Feature", "geometry": {"type": "Point", "coordinates": [-96.7876412, 32.8314269]}, "properties": {"tract_geoid": "48113019600", "land_sqmi": 0.392, "population": 2254, "median_household_income": 250001.0, "poverty_count": 265, "poverty_universe": 2254, "snap_households": 0, "snap_universe": 882, "pct_low_access_half_mile": 67.79}}, {"type": "Feature", "geometry": {"type": "Point", "coordinates": [-96.7967924, 32.832828]}, "properties": {"tract_geoid": "48113019700", "land_sqmi": 0.825, "population": 1673, "median_household_income": 250001.0, "poverty_count": 76, "poverty_universe": 1673, "snap_households": 3, "snap_universe": 644, "pct_low_access_half_mile": 93.69}}, {"type": "Feature", "geometry": {"type": "Point", "coordinates": [-96.8100061, 32.8294881]}, "properties": {"tract_geoid": "48113019800", "land_sqmi": 1.026, "population": 4847, "median_household_income": 243893.0, "poverty_count": 210, "poverty_universe": 4847, "snap_households": 8, "snap_universe": 1723, "pct_low_access_half_mile": 76.66}}, {"type": "Feature", "geometry": {"type": "Point", "coordinates": [-96.888595, 32.7381104]}, "properties": {"tract_geoid": "48113019900", "land_sqmi": 0.588, "population": 3736, "median_household_income": 53788.0, "poverty_count": 269, "poverty_universe": 3724, "snap_households": 124, "snap_universe": 1156, "pct_low_access_half_mile": 4.48}}, {"type": "Feature", "geometry": {"type": "Point", "coordinates": [-97.0138724, 32.978014]}, "properties": {"tract_geoid": "48113020000", "land_sqmi": 2.648, "population": 5815, "median_household_income": 205764.0, "poverty_count": 239, "poverty_universe": 5815, "snap_households": 15, "snap_universe": 1851, "pct_low_access_half_mile": 84.6}}, {"type": "Feature", "geometry": {"type": "Point", "coordinates": [-96.9125532, 32.8211903]}, "properties": {"tract_geoid": "48113020100", "land_sqmi": 4.974, "population": 2416, "median_household_income": 68030.0, "poverty_count": 404, "poverty_universe": 2402, "snap_households": 57, "snap_universe": 824, "pct_low_access_half_mile": 52.88}}, {"type": "Feature", "geometry": {"type": "Point", "coordinates": [-96.7107028, 32.6855277]}, "properties": {"tract_geoid": "48113020200", "land_sqmi": 9.772, "population": 4262, "median_household_income": 36587.0, "poverty_count": 1520, "poverty_universe": 4247, "snap_households": 331, "snap_universe": 1471, "pct_low_access_half_mile": 71.56}}, {"type": "Feature", "geometry": {"type": "Point", "coordinates": [-96.7668089, 32.7743]}, "properties": {"tract_geoid": "48113020300", "land_sqmi": 1.433, "population": 2288, "median_household_income": 47372.0, "poverty_count": 471, "poverty_universe": 2213, "snap_households": 439, "snap_universe": 1170, "pct_low_access_half_mile": 9.05}}, {"type": "Feature", "geometry": {"type": "Point", "coordinates": [-96.7787611, 32.7820539]}, "properties": {"tract_geoid": "48113020401", "land_sqmi": 0.54, "population": 2675, "median_household_income": 70932.0, "poverty_count": 820, "poverty_universe": 2658, "snap_households": 71, "snap_universe": 1490, "pct_low_access_half_mile": 3.51}}, {"type": "Feature", "geometry": {"type": "Point", "coordinates": [-96.7929609, 32.7687223]}, "properties": {"tract_geoid": "48113020402", "land_sqmi": 2.049, "population": 6338, "median_household_income": 93842.0, "poverty_count": 1438, "poverty_universe": 6338, "snap_households": 131, "snap_universe": 3472, "pct_low_access_half_mile": 5.36}}, {"type": "Feature", "geometry": {"type": "Point", "coordinates": [-96.8622702, 32.7833893]}, "properties": {"tract_geoid": "48113020500", "land_sqmi": 2.097, "population": 6363, "median_household_income": 32907.0, "poverty_count": 1405, "poverty_universe": 6128, "snap_households": 937, "snap_universe": 2066, "pct_low_access_half_mile": 59.95}}, {"type": "Feature", "geometry": {"type": "Point", "coordinates": [-96.8216046, 32.8727219]}, "properties": {"tract_geoid": "48113020600", "land_sqmi": 2.055, "population": 2023, "median_household_income": 250001.0, "poverty_count": 62, "poverty_universe": 2016, "snap_households": 0, "snap_universe": 804, "pct_low_access_half_mile": 88.98}}, {"type": "Feature", "geometry": {"type": "Point", "coordinates": [-96.8715064, 32.9631878]}, "properties": {"tract_geoid": "48113020700", "land_sqmi": 2.32, "population": 5574, "median_household_income": 90999.0, "poverty_count": 420, "poverty_universe": 5574, "snap_households": 54, "snap_universe": 2395, "pct_low_access_half_mile": 60.62}}, {"type": "Feature", "geometry": {"type": "Point", "coordinates": [-96.7518499, 32.7554397]}, "properties": {"tract_geoid": "48113020800", "land_sqmi": 1.405, "population": 7507, "median_household_income": 35577.0, "poverty_count": 2297, "poverty_universe": 7507, "snap_households": 1209, "snap_universe": 2510, "pct_low_access_half_mile": 0.44}}, {"type": "Feature", "geometry": {"type": "Point", "coordinates": [-96.7725661, 32.7514443]}, "properties": {"tract_geoid": "48113020900", "land_sqmi": 2.059, "population": 2404, "median_household_income": 32447.0, "poverty_count": 706, "poverty_universe": 2395, "snap_households": 344, "snap_universe": 1220, "pct_low_access_half_mile": 2.73}}, {"type": "Feature", "geometry": {"type": "Point", "coordinates": [-96.8042584, 32.7445167]}, "properties": {"tract_geoid": "48113021000", "land_sqmi": 1.692, "population": 5530, "median_household_income": 45344.0, "poverty_count": 2193, "poverty_universe": 5494, "snap_households": 491, "snap_universe": 1894, "pct_low_access_half_mile": 39.34}}, {"type": "Feature", "geometry": {"type": "Point", "coordinates": [-96.7724914, 32.7356814]}, "properties": {"tract_geoid": "48113021100", "land_sqmi": 4.247, "population": 4704, "median_household_income": 26522.0, "poverty_count": 2133, "poverty_universe": 4704, "snap_households": 358, "snap_universe": 1763, "pct_low_access_half_mile": 65.77}}, {"type": "Feature", "geometry": {"type": "Point", "coordinates": [-96.9403443, 32.7480924]}, "properties": {"tract_geoid": "48113021200", "land_sqmi": 7.151, "population": 4830, "median_household_income": 61017.0, "poverty_count": 639, "poverty_universe": 4821, "snap_households": 93, "snap_universe": 1479, "pct_low_access_half_mile": 26.05}}, {"type": "Feature", "geometry": {"type": "Point", "coordinates": [-97.0173096, 32.8919689]}, "properties": {"tract_geoid": "48113980000", "land_sqmi": 10.274, "population": 0, "median_household_income": null, "poverty_count": 0, "poverty_universe": 0, "snap_households": 0, "snap_universe": 0, "pct_low_access_half_mile": 100.0}}, {"type": "Feature", "geometry": {"type": "Point", "coordinates": [-96.8492653, 32.8454803]}, "properties": {"tract_geoid": "48113980100", "land_sqmi": 2.143, "population": 0, "median_household_income": null, "poverty_count": 0, "poverty_universe": 0, "snap_households": 0, "snap_universe": 0, "pct_low_access_half_mile": 17.5}}, {"type": "Feature", "geometry": {"type": "Point", "coordinates": [-96.7507128, 32.9822984]}, "properties": {"tract_geoid": "48113980200", "land_sqmi": 0.388, "population": 1400, "median_household_income": 6311.0, "poverty_count": 411, "poverty_universe": 687, "snap_households": 0, "snap_universe": 438, "pct_low_access_half_mile": 99.77}}, {"type": "Feature", "geometry": {"type": "Point", "coordinates": [-96.8555858, 33.1979501]}, "properties": {"tract_geoid": "48121020109", "land_sqmi": 6.261, "population": 10920, "median_household_income": 198233.0, "poverty_count": 64, "poverty_universe": 10874, "snap_households": 131, "snap_universe": 3081, "pct_low_access_half_mile": 89.17}}, {"type": "Feature", "geometry": {"type": "Point", "coordinates": [-96.8775633, 33.184063]}, "properties": {"tract_geoid": "48121020110", "land_sqmi": 1.018, "population": 6275, "median_household_income": 193783.0, "poverty_count": 36, "poverty_universe": 6275, "snap_households": 35, "snap_universe": 1879, "pct_low_access_half_mile": 79.71}}, {"type": "Feature", "geometry": {"type": "Point", "coordinates": [-96.8726782, 33.1725126]}, "properties": {"tract_geoid": "48121020111", "land_sqmi": 0.781, "population": 4446, "median_household_income": 250001.0, "poverty_count": 100, "poverty_universe": 4446, "snap_households": 2, "snap_universe": 1251, "pct_low_access_half_mile": 90.37}}, {"type": "Feature", "geometry": {"type": "Point", "coordinates": [-96.8899875, 33.1729111]}, "properties": {"tract_geoid": "48121020112", "land_sqmi": 0.593, "population": 2851, "median_household_income": 150417.0, "poverty_count": 86, "poverty_universe": 2851, "snap_households": 45, "snap_universe": 926, "pct_low_access_half_mile": 59.66}}, {"type": "Feature", "geometry": {"type": "Point", "coordinates": [-96.9799447, 33.1570865]}, "properties": {"tract_geoid": "48121020115", "land_sqmi": 7.915, "population": 7126, "median_household_income": 120324.0, "poverty_count": 547, "poverty_universe": 7126, "snap_households": 125, "snap_universe": 2601, "pct_low_access_half_mile": 95.36}}, {"type": "Feature", "geometry": {"type": "Point", "coordinates": [-96.9786417, 33.2795609]}, "properties": {"tract_geoid": "48121020116", "land_sqmi": 15.028, "population": 7178, "median_household_income": 104488.0, "poverty_count": 795, "poverty_universe": 7144, "snap_households": 30, "snap_universe": 2663, "pct_low_access_half_mile": 67.92}}, {"type": "Feature", "geometry": {"type": "Point", "coordinates": [-96.9976401, 33.3307187]}, "properties": {"tract_geoid": "48121020117", "land_sqmi": 16.194, "population": 2761, "median_household_income": 90500.0, "poverty_count": 323, "poverty_universe": 2722, "snap_households": 76, "snap_universe": 956, "pct_low_access_half_mile": 88.27}}, {"type": "Feature", "geometry": {"type": "Point", "coordinates": [-97.0455233, 33.4071838]}, "properties": {"tract_geoid": "48121020118", "land_sqmi": 16.044, "population": 5630, "median_household_income": 92500.0, "poverty_count": 326, "poverty_universe": 5489, "snap_households": 20, "snap_universe": 2002, "pct_low_access_half_mile": 85.46}}, {"type": "Feature", "geometry": {"type": "Point", "coordinates": [-96.9210841, 33.1772463]}, "properties": {"tract_geoid": "48121020119", "land_sqmi": 0.809, "population": 4219, "median_household_income": 114479.0, "poverty_count": 67, "poverty_universe": 4206, "snap_households": 81, "snap_universe": 1368, "pct_low_access_half_mile": 93.03}}, {"type": "Feature", "geometry": {"type": "Point", "coordinates": [-96.9039544, 33.1745621]}, "properties": {"tract_geoid": "48121020120", "land_sqmi": 0.84, "population": 7017, "median_household_income": 119406.0, "poverty_count": 977, "poverty_universe": 7017, "snap_households": 38, "snap_universe": 2040, "pct_low_access_half_mile": 85.54}}, {"type": "Feature", "geometry": {"type": "Point", "coordinates": [-97.0106312, 33.2539307]}, "properties": {"tract_geoid": "48121020121", "land_sqmi": 10.382, "population": 7451, "median_household_income": 94474.0, "poverty_count": 799, "poverty_universe": 7431, "snap_households": 37, "snap_universe": 2760, "pct_low_access_half_mile": 66.99}}, {"type": "Feature", "geometry": {"type": "Point", "coordinates": [-96.9565717, 33.2376325]}, "properties": {"tract_geoid": "48121020122", "land_sqmi": 1.978, "population": 4140, "median_household_income": 100625.0, "poverty_count": 570, "poverty_universe": 4140, "snap_households": 205, "snap_universe": 1351, "pct_low_access_half_mile": 70.42}}, {"type": "Feature", "geometry": {"type": "Point", "coordinates": [-96.9080668, 33.2631715]}, "properties": {"tract_geoid": "48121020123", "land_sqmi": 11.214, "population": 8271, "median_household_income": 109155.0, "poverty_count": 407, "poverty_universe": 8240, "snap_households": 175, "snap_universe": 2858, "pct_low_access_half_mile": 37.43}}, {"type": "Feature", "geometry": {"type": "Point", "coordinates": [-96.9034902, 33.2413052]}, "properties": {"tract_geoid": "48121020124", "land_sqmi": 1.31, "population": 4943, "median_household_income": 134635.0, "poverty_count": 115, "poverty_universe": 4943, "snap_households": 0, "snap_universe": 1888, "pct_low_access_half_mile": 100.0}}, {"type": "Feature", "geometry": {"type": "Point", "coordinates": [-96.9136215, 33.2258257]}, "properties": {"tract_geoid": "48121020125", "land_sqmi": 1.5, "population": 8272, "median_household_income": 131930.0, "poverty_count": 340, "poverty_universe": 8272, "snap_households": 472, "snap_universe": 2997, "pct_low_access_half_mile": 97.44}}, {"type": "Feature", "geometry": {"type": "Point", "coordinates": [-96.9396536, 33.1669428]}, "properties": {"tract_geoid": "48121020126", "land_sqmi": 0.962, "population": 3564, "median_household_income": 103147.0, "poverty_count": 289, "poverty_universe": 3564, "snap_households": 207, "snap_universe": 1266, "pct_low_access_half_mile": 54.27}}, {"type": "Feature", "geometry": {"type": "Point", "coordinates": [-96.9484014, 33.148228]}, "properties": {"tract_geoid": "48121020127", "land_sqmi": 2.202, "population": 7600, "median_household_income": 91809.0, "poverty_count": 747, "poverty_universe": 7525, "snap_households": 155, "snap_universe": 2547, "pct_low_access_half_mile": 59.8}}, {"type": "Feature", "geometry": {"type": "Point", "coordinates": [-96.8651729, 33.2406355]}, "properties": {"tract_geoid": "48121020128", "land_sqmi": 7.985, "population": 13088, "median_household_income": 166713.0, "poverty_count": 514, "poverty_universe": 13088, "snap_households": 117, "snap_universe": 3882, "pct_low_access_half_mile": 91.89}}, {"type": "Feature", "geometry": {"type": "Point", "coordinates": [-96.8955596, 33.3335135]}, "properties": {"tract_geoid": "48121020129", "land_sqmi": 66.259, "population": 4849, "median_household_income": 112171.0, "poverty_count": 720, "poverty_universe": 4849, "snap_households": 42, "snap_universe": 1615, "pct_low_access_half_mile": 96.17}}, {"type": "Feature", "geometry": {"type": "Point", "coordinates": [-96.9620862, 33.2000025]}, "properties": {"tract_geoid": "48121020130", "land_sqmi": 3.902, "population": 3482, "median_household_income": 132941.0, "poverty_count": 13, "poverty_universe": 3482, "snap_households": 30, "snap_universe": 1276, "pct_low_access_half_mile": 100.0}}, {"type": "Feature", "geometry": {"type": "Point", "coordinates": [-97.0062655, 33.211593]}, "properties": {"tract_geoid": "48121020131", "land_sqmi": 7.432, "population": 7814, "median_household_income": 95221.0, "poverty_count": 148, "poverty_universe": 7758, "snap_households": 201, "snap_universe": 2908, "pct_low_access_half_mile": 99.93}}, {"type": "Feature", "geometry": {"type": "Point", "coordinates": [-96.8934302, 33.1855894]}, "properties": {"tract_geoid": "48121020132", "land_sqmi": 0.653, "population": 6042, "median_household_income": 153716.0, "poverty_count": 1100, "poverty_universe": 6042, "snap_households": 66, "snap_universe": 1614, "pct_low_access_half_mile": 76.12}}, {"type": "Feature", "geometry": {"type": "Point", "coordinates": [-96.8987295, 33.1933615]}, "properties": {"tract_geoid": "48121020133", "land_sqmi": 1.705, "population": 7381, "median_household_income": 143788.0, "poverty_count": 535, "poverty_universe": 7381, "snap_households": 49, "snap_universe": 2186, "pct_low_access_half_mile": 90.7}}, {"type": "Feature", "geometry": {"type": "Point", "coordinates": [-96.9099056, 33.1976301]}, "properties": {"tract_geoid": "48121020134", "land_sqmi": 2.761, "population": 7200, "median_household_income": 180500.0, "poverty_count": 55, "poverty_universe": 7200, "snap_households": 0, "snap_universe": 2390, "pct_low_access_half_mile": 100.0}}, {"type": "Feature", "geometry": {"type": "Point", "coordinates": [-96.915714, 33.213695]}, "properties": {"tract_geoid": "48121020135", "land_sqmi": 1.995, "population": 6098, "median_household_income": 105674.0, "poverty_count": 363, "poverty_universe": 6098, "snap_households": 17, "snap_universe": 2379, "pct_low_access_half_mile": 99.53}}, {"type": "Feature", "geometry": {"type": "Point", "coordinates": [-96.9432194, 33.1953321]}, "properties": {"tract_geoid": "48121020136", "land_sqmi": 2.301, "population": 4984, "median_household_income": 138165.0, "poverty_count": 251, "poverty_universe": 4984, "snap_households": 55, "snap_universe": 1469, "pct_low_access_half_mile": 89.99}}, {"type": "Feature", "geometry": {"type": "Point", "coordinates": [-96.9354948, 33.2128223]}, "properties": {"tract_geoid": "48121020137", "land_sqmi": 0.551, "population": 3696, "median_household_income": 146736.0, "poverty_count": 14, "poverty_universe": 3696, "snap_households": 32, "snap_universe": 1103, "pct_low_access_half_mile": 60.03}}, {"type": "Feature", "geometry": {"type": "Point", "coordinates": [-97.1503459, 33.3428914]}, "properties": {"tract_geoid": "48121020203", "land_sqmi": 11.667, "population": 6868, "median_household_income": 95679.0, "poverty_count": 588, "poverty_universe": 6868, "snap_households": 69, "snap_universe": 2386, "pct_low_access_half_mile": 87.4}}, {"type": "Feature", "geometry": {"type": "Point", "coordinates": [-97.245502, 33.3840396]}, "properties": {"tract_geoid": "48121020204", "land_sqmi": 69.473, "population": 6550, "median_household_income": 89219.0, "poverty_count": 348, "poverty_universe": 6526, "snap_households": 190, "snap_universe": 2583, "pct_low_access_half_mile": 95.28}}, {"type": "Feature", "geometry": {"type": "Point", "coordinates": [-97.0791184, 33.3225703]}, "properties": {"tract_geoid": "48121020205", "land_sqmi": 25.039, "population": 3338, "median_household_income": 113266.0, "poverty_count": 84, "poverty_universe": 3288, "snap_households": 32, "snap_universe": 1213, "pct_low_access_half_mile": 100.0}}, {"type": "Feature", "geometry": {"type": "Point", "coordinates": [-97.3383527, 33.2698101]}, "properties": {"tract_geoid": "48121020206", "land_sqmi": 49.037, "population": 2852, "median_household_income": 99583.0, "poverty_count": 132, "poverty_universe": 2852, "snap_households": 18, "snap_universe": 1075, "pct_low_access_half_mile": 94.81}}, {"type": "Feature", "geometry": {"type": "Point", "coordinates": [-97.2065472, 33.3306772]}, "properties": {"tract_geoid": "48121020207", "land_sqmi": 16.621, "population": 3441, "median_household_income": 94375.0, "poverty_count": 270, "poverty_universe": 3441, "snap_households": 42, "snap_universe": 1235, "pct_low_access_half_mile": 97.29}}, {"type": "Feature", "geometry": {"type": "Point", "coordinates": [-97.2817264, 33.3269411]}, "properties": {"tract_geoid": "48121020208", "land_sqmi": 31.305, "population": 3357, "median_household_income": 108413.0, "poverty_count": 133, "poverty_universe": 3357, "snap_households": 74, "snap_universe": 1238, "pct_low_access_half_mile": 99.68}}, {"type": "Feature", "geometry": {"type": "Point", "coordinates": [-97.1512865, 32.9989169]}, "properties": {"tract_geoid": "48121020305", "land_sqmi": 7.055, "population": 7137, "median_household_income": 174355.0, "poverty_count": 53, "poverty_universe": 7126, "snap_households": 25, "snap_universe": 2694, "pct_low_access_half_mile": 96.6}}, {"type": "Feature", "geometry": {"type": "Point", "coordinates": [-97.2329503, 33.1723182]}, "properties": {"tract_geoid": "48121020310", "land_sqmi": 25.279, "population": 4878, "median_household_income": 108260.0, "poverty_count": 150, "poverty_universe": 4878, "snap_households": 18, "snap_universe": 2557, "pct_low_access_half_mile": 98.63}}, {"type": "Feature", "geometry": {"type": "Point", "coordinates": [-97.2198665, 32.9991893]}, "properties": {"tract_geoid": "48121020311", "land_sqmi": 1.878, "population": 3671, "median_household_income": 87219.0, "poverty_count": 21, "poverty_universe": 3671, "snap_households": 0, "snap_universe": 1838, "pct_low_access_half_mile": 93.91}}, {"type": "Feature", "geometry": {"type": "Point", "coordinates": [-97.2602822, 33.005581]}, "properties": {"tract_geoid": "48121020312", "land_sqmi": 7.006, "population": 8195, "median_household_income": 136750.0, "poverty_count": 763, "poverty_universe": 8195, "snap_households": 147, "snap_universe": 2851, "pct_low_access_half_mile": 78.0}}, {"type": "Feature", "geometry": {"type": "Point", "coordinates": [-97.3315553, 33.1344382]}, "properties": {"tract_geoid": "48121020313", "land_sqmi": 56.373, "population": 6319, "median_household_income": 124792.0, "poverty_count": 250, "poverty_universe": 6319, "snap_households": 108, "snap_universe": 2173, "pct_low_access_half_mile": 93.16}}, {"type": "Feature", "geometry": {"type": "Point", "coordinates": [-97.2581086, 33.1128253]}, "properties": {"tract_geoid": "48121020314", "land_sqmi": 22.683, "population": 13960, "median_household_income": 115611.0, "poverty_count": 197, "poverty_universe": 13836, "snap_households": 157, "snap_universe": 4838, "pct_low_access_half_mile": 85.77}}, {"type": "Feature", "geometry": {"type": "Point", "coordinates": [-97.1694655, 33.0763525]}, "properties": {"tract_geoid": "48121020315", "land_sqmi": 14.549, "population": 4089, "median_household_income": 111667.0, "poverty_count": 980, "poverty_universe": 4089, "snap_households": 144, "snap_universe": 1322, "pct_low_access_half_mile": 97.2}}, {"type": "Feature", "geometry": {"type": "Point", "coordinates": [-97.1690736, 33.1264364]}, "properties": {"tract_geoid": "48121020316", "land_sqmi": 8.211, "population": 3957, "median_household_income": 220667.0, "poverty_count": 65, "poverty_universe": 3957, "snap_households": 0, "snap_universe": 1348, "pct_low_access_half_mile": 99.36}}, {"type": "Feature", "geometry": {"type": "Point", "coordinates": [-97.2122969, 33.0908049]}, "properties": {"tract_geoid": "48121020317", "land_sqmi": 8.062, "population": 5562, "median_household_income": 170725.0, "poverty_count": 89, "poverty_universe": 5562, "snap_households": 12, "snap_universe": 1929, "pct_low_access_half_mile": 98.1}}, {"type": "Feature", "geometry": {"type": "Point", "coordinates": [-97.1776455, 33.1476646]}, "properties": {"tract_geoid": "48121020318", "land_sqmi": 6.323, "population": 6104, "median_household_income": 127929.0, "poverty_count": 0, "poverty_universe": 6104, "snap_households": 0, "snap_universe": 2118, "pct_low_access_half_mile": 100.0}}, {"type": "Feature", "geometry": {"type": "Point", "coordinates": [-97.3322966, 33.0684984]}, "properties": {"tract_geoid": "48121020319", "land_sqmi": 26.2, "population": 6509, "median_household_income": 132574.0, "poverty_count": 100, "poverty_universe": 6509, "snap_households": 172, "snap_universe": 2012, "pct_low_access_half_mile": 99.38}}, {"type": "Feature", "geometry": {"type": "Point", "coordinates": [-97.3462394, 33.0172578]}, "properties": {"tract_geoid": "48121020320", "land_sqmi": 20.084, "population": 11920, "median_household_income": 129424.0, "poverty_count": 446, "poverty_universe": 11920, "snap_households": 275, "snap_universe": 3765, "pct_low_access_half_mile": 89.25}}, {"type": "Feature", "geometry": {"type": "Point", "coordinates": [-97.1815355, 33.0300783]}, "properties": {"tract_geoid": "48121020321", "land_sqmi": 7.564, "population": 6800, "median_household_income": 219636.0, "poverty_count": 222, "poverty_universe": 6780, "snap_households": 0, "snap_universe": 2180, "pct_low_access_half_mile": 92.47}}, {"type": "Feature", "geometry": {"type": "Point", "coordinates": [-97.2286584, 33.0497528]}, "properties": {"tract_geoid": "48121020322", "land_sqmi": 10.039, "population": 7897, "median_household_income": 153244.0, "poverty_count": 341, "poverty_universe": 7897, "snap_households": 139, "snap_universe": 2841, "pct_low_access_half_mile": 55.49}}, {"type": "Feature", "geometry": {"type": "Point", "coordinates": [-97.1595552, 33.2428384]}, "properties": {"tract_geoid": "48121020402", "land_sqmi": 3.808, "population": 7534, "median_household_income": 77563.0, "poverty_count": 885, "poverty_universe": 7328, "snap_households": 93, "snap_universe": 2807, "pct_low_access_half_mile": 70.63}}, {"type": "Feature", "geometry": {"type": "Point", "coordinates": [-97.1525178, 33.2242943]}, "properties": {"tract_geoid": "48121020403", "land_sqmi": 1.673, "population": 3925, "median_household_income": 65139.0, "poverty_count": 767, "poverty_universe": 3925, "snap_households": 49, "snap_universe": 1702, "pct_low_access_half_mile": 26.94}}, {"type": "Feature", "geometry": {"type": "Point", "coordinates": [-97.1521471, 33.292512]}, "properties": {"tract_geoid": "48121020404", "land_sqmi": 14.118, "population": 5000, "median_household_income": 80219.0, "poverty_count": 240, "poverty_universe": 4981, "snap_households": 143, "snap_universe": 2086, "pct_low_access_half_mile": 55.04}}, {"type": "Feature", "geometry": {"type": "Point", "coordinates": [-97.2044478, 33.2507749]}, "properties": {"tract_geoid": "48121020405", "land_sqmi": 17.453, "population": 5207, "median_household_income": 120352.0, "poverty_count": 431, "poverty_universe": 5207, "snap_households": 44, "snap_universe": 1611, "pct_low_access_half_mile": 87.78}}, {"type": "Feature", "geometry": {"type": "Point", "coordinates": [-97.119588, 33.2755349]}, "properties": {"tract_geoid": "48121020504", "land_sqmi": 4.614, "population": 4884, "median_household_income": 87886.0, "poverty_count": 731, "poverty_universe": 4828, "snap_households": 112, "snap_universe": 1483, "pct_low_access_half_mile": 68.75}}, {"type": "Feature", "geometry": {"type": "Point", "coordinates": [-97.1074975, 33.24232]}, "properties": {"tract_geoid": "48121020505", "land_sqmi": 2.25, "population": 7734, "median_household_income": 107411.0, "poverty_count": 295, "poverty_universe": 7734, "snap_households": 44, "snap_universe": 3097, "pct_low_access_half_mile": 72.7}}, {"type": "Feature", "geometry": {"type": "Point", "coordinates": [-97.0711685, 33.253791]}, "properties": {"tract_geoid": "48121020506", "land_sqmi": 8.878, "population": 1839, "median_household_income": 77153.0, "poverty_count": 151, "poverty_universe": 1824, "snap_households": 21, "snap_universe": 602, "pct_low_access_half_mile": 96.03}}, {"type": "Feature", "geometry": {"type": "Point", "coordinates": [-97.1237304, 33.2495378]}, "properties": {"tract_geoid": "48121020507", "land_sqmi": 0.62, "population": 3223, "median_household_income": 74904.0, "poverty_count": 640, "poverty_universe": 3223, "snap_households": 148, "snap_universe": 1323, "pct_low_access_half_mile": 76.77}}, {"type": "Feature", "geometry": {"type": "Point", "coordinates": [-97.1270622, 33.2395286]}, "properties": {"tract_geoid": "48121020508", "land_sqmi": 0.409, "population": 2769, "median_household_income": 50106.0, "poverty_count": 421, "poverty_universe": 2769, "snap_households": 254, "snap_universe": 1350, "pct_low_access_half_mile": 72.38}}, {"type": "Feature", "geometry": {"type": "Point", "coordinates": [-97.1207469, 33.2274757]}, "properties": {"tract_geoid": "48121020601", "land_sqmi": 1.074, "population": 5192, "median_household_income": 37237.0, "poverty_count": 947, "poverty_universe": 3312, "snap_households": 249, "snap_universe": 1612, "pct_low_access_half_mile": 59.88}}, {"type": "Feature", "geometry": {"type": "Point", "coordinates": [-97.1151593, 33.2221814]}, "properties": {"tract_geoid": "48121020603", "land_sqmi": 0.719, "population": 3461, "median_household_income": 73412.0, "poverty_count": 276, "poverty_universe": 3440, "snap_households": 213, "snap_universe": 1138, "pct_low_access_half_mile": 63.51}}, {"type": "Feature", "geometry": {"type": "Point", "coordinates": [-97.1026209, 33.2221501]}, "properties": {"tract_geoid": "48121020604", "land_sqmi": 0.729, "population": 3491, "median_household_income": 83198.0, "poverty_count": 350, "poverty_universe": 3491, "snap_households": 49, "snap_universe": 1342, "pct_low_access_half_mile": 69.35}}, {"type": "Feature", "geometry": {"type": "Point", "coordinates": [-97.0900904, 33.223448]}, "properties": {"tract_geoid": "48121020605", "land_sqmi": 1.22, "population": 2829, "median_household_income": 64620.0, "poverty_count": 906, "poverty_universe": 2829, "snap_households": 83, "snap_universe": 1015, "pct_low_access_half_mile": 49.14}}, {"type": "Feature", "geometry": {"type": "Point", "coordinates": [-97.1507886, 33.2169331]}, "properties": {"tract_geoid": "48121020700", "land_sqmi": 0.605, "population": 3596, "median_household_income": 30900.0, "poverty_count": 1346, "poverty_universe": 3456, "snap_households": 82, "snap_universe": 1877, "pct_low_access_half_mile": 12.19}}, {"type": "Feature", "geometry": {"type": "Point", "coordinates": [-97.1797465, 33.198343]}, "properties": {"tract_geoid": "48121020800", "land_sqmi": 9.449, "population": 6417, "median_household_income": 53518.0, "poverty_count": 2250, "poverty_universe": 6417, "snap_households": 50, "snap_universe": 2391, "pct_low_access_half_mile": 23.71}}, {"type": "Feature", "geometry": {"type": "Point", "coordinates": [-97.1584476, 33.2021001]}, "properties": {"tract_geoid": "48121020900", "land_sqmi": 0.677, "population": 4134, "median_household_income": 24476.0, "poverty_count": 888, "poverty_universe": 2194, "snap_households": 141, "snap_universe": 1268, "pct_low_access_half_mile": 11.35}}, {"type": "Feature", "geometry": {"type": "Point", "coordinates": [-97.1468466, 33.2055765]}, "properties": {"tract_geoid": "48121021000", "land_sqmi": 0.774, "population": 6994, "median_household_income": 37122.0, "poverty_count": 951, "poverty_universe": 3304, "snap_households": 90, "snap_universe": 1339, "pct_low_access_half_mile": 12.28}}, {"type": "Feature", "geometry": {"type": "Point", "coordinates": [-97.1348764, 33.2104184]}, "properties": {"tract_geoid": "48121021100", "land_sqmi": 0.549, "population": 3544, "median_household_income": 38235.0, "poverty_count": 1131, "poverty_universe": 3544, "snap_households": 92, "snap_universe": 1985, "pct_low_access_half_mile": 25.46}}, {"type": "Feature", "geometry": {"type": "Point", "coordinates": [-97.1181249, 33.2037261]}, "properties": {"tract_geoid": "48121021202", "land_sqmi": 1.54, "population": 4257, "median_household_income": 62391.0, "poverty_count": 250, "poverty_universe": 3623, "snap_households": 265, "snap_universe": 1314, "pct_low_access_half_mile": 32.17}}, {"type": "Feature", "geometry": {"type": "Point", "coordinates": [-97.0994669, 33.1999514]}, "properties": {"tract_geoid": "48121021203", "land_sqmi": 1.755, "population": 3997, "median_household_income": 45357.0, "poverty_count": 1364, "poverty_universe": 3997, "snap_households": 302, "snap_universe": 1658, "pct_low_access_half_mile": 38.76}}, {"type": "Feature", "geometry": {"type": "Point", "coordinates": [-97.0920838, 33.1906287]}, "properties": {"tract_geoid": "48121021204", "land_sqmi": 1.646, "population": 3825, "median_household_income": 33750.0, "poverty_count": 1617, "poverty_universe": 3715, "snap_households": 315, "snap_universe": 1372, "pct_low_access_half_mile": 46.0}}, {"type": "Feature", "geometry": {"type": "Point", "coordinates": [-97.1291024, 33.1983533]}, "properties": {"tract_geoid": "48121021301", "land_sqmi": 0.533, "population": 3549, "median_household_income": 31765.0, "poverty_count": 1270, "poverty_universe": 3412, "snap_households": 53, "snap_universe": 1564, "pct_low_access_half_mile": 39.46}}, {"type": "Feature", "geometry": {"type": "Point", "coordinates": [-97.1342976, 33.1732392]}, "properties": {"tract_geoid": "48121021304", "land_sqmi": 3.693, "population": 7029, "median_household_income": 71979.0, "poverty_count": 825, "poverty_universe": 6996, "snap_households": 360, "snap_universe": 2790, "pct_low_access_half_mile": 67.03}}, {"type": "Feature", "geometry": {"type": "Point", "coordinates": [-97.1175303, 33.1843868]}, "properties": {"tract_geoid": "48121021305", "land_sqmi": 0.883, "population": 4091, "median_household_income": 89453.0, "poverty_count": 543, "poverty_universe": 3971, "snap_households": 163, "snap_universe": 1562, "pct_low_access_half_mile": 54.28}}, {"type": "Feature", "geometry": {"type": "Point", "coordinates": [-97.103056, 33.1767144]}, "properties": {"tract_geoid": "48121021306", "land_sqmi": 0.785, "population": 3136, "median_household_income": 96447.0, "poverty_count": 300, "poverty_universe": 3136, "snap_households": 8, "snap_universe": 1370, "pct_low_access_half_mile": 71.5}}, {"type": "Feature", "geometry": {"type": "Point", "coordinates": [-97.0987758, 33.1619983]}, "properties": {"tract_geoid": "48121021307", "land_sqmi": 0.987, "population": 5342, "median_household_income": 125395.0, "poverty_count": 332, "poverty_universe": 5028, "snap_households": 38, "snap_universe": 1640, "pct_low_access_half_mile": 71.33}}, {"type": "Feature", "geometry": {"type": "Point", "coordinates": [-97.0628941, 33.1191484]}, "properties": {"tract_geoid": "48121021410", "land_sqmi": 4.934, "population": 5167, "median_household_income": 158631.0, "poverty_count": 177, "poverty_universe": 5167, "snap_households": 36, "snap_universe": 1851, "pct_low_access_half_mile": 95.68}}, {"type": "Feature", "geometry": {"type": "Point", "coordinates": [-97.00545, 33.1103403]}, "properties": {"tract_geoid": "48121021411", "land_sqmi": 4.689, "population": 6692, "median_household_income": 73385.0, "poverty_count": 129, "poverty_universe": 6671, "snap_households": 126, "snap_universe": 2618, "pct_low_access_half_mile": 87.11}}, {"type": "Feature", "geometry": {"type": "Point", "coordinates": [-97.0349911, 33.1621262]}, "properties": {"tract_geoid": "48121021412", "land_sqmi": 5.304, "population": 5858, "median_household_income": 138260.0, "poverty_count": 245, "poverty_universe": 5818, "snap_households": 57, "snap_universe": 2045, "pct_low_access_half_mile": 100.0}}, {"type": "Feature", "geometry": {"type": "Point", "coordinates": [-97.0387152, 33.1380922]}, "properties": {"tract_geoid": "48121021413", "land_sqmi": 0.959, "population": 3080, "median_household_income": 93571.0, "poverty_count": 113, "poverty_universe": 3080, "snap_households": 0, "snap_universe": 976, "pct_low_access_half_mile": 78.18}}, {"type": "Feature", "geometry": {"type": "Point", "coordinates": [-97.057944, 33.2238513]}, "properties": {"tract_geoid": "48121021414", "land_sqmi": 6.295, "population": 4661, "median_household_income": 65112.0, "poverty_count": 667, "poverty_universe": 4661, "snap_households": 108, "snap_universe": 1340, "pct_low_access_half_mile": 84.17}}, {"type": "Feature", "geometry": {"type": "Point", "coordinates": [-97.0762105, 33.1889657]}, "properties": {"tract_geoid": "48121021415", "land_sqmi": 4.991, "population": 9350, "median_household_income": 123234.0, "poverty_count": 682, "poverty_universe": 9350, "snap_households": 50, "snap_universe": 3003, "pct_low_access_half_mile": 91.21}}, {"type": "Feature", "geometry": {"type": "Point", "coordinates": [-97.1003524, 33.1454703]}, "properties": {"tract_geoid": "48121021416", "land_sqmi": 0.989, "population": 4699, "median_household_income": 101833.0, "poverty_count": 695, "poverty_universe": 4699, "snap_households": 5, "snap_universe": 1284, "pct_low_access_half_mile": 68.45}}, {"type": "Feature", "geometry": {"type": "Point", "coordinates": [-97.0885735, 33.151213]}, "properties": {"tract_geoid": "48121021417", "land_sqmi": 0.904, "population": 2356, "median_household_income": 141513.0, "poverty_count": 175, "poverty_universe": 2356, "snap_households": 0, "snap_universe": 841, "pct_low_access_half_mile": 97.36}}, {"type": "Feature", "geometry": {"type": "Point", "coordinates": [-97.0800667, 33.1577528]}, "properties": {"tract_geoid": "48121021418", "land_sqmi": 1.301, "population": 4898, "median_household_income": 155079.0, "poverty_count": 36, "poverty_universe": 4898, "snap_households": 101, "snap_universe": 1796, "pct_low_access_half_mile": 99.95}}, {"type": "Feature", "geometry": {"type": "Point", "coordinates": [-97.0707658, 33.1447142]}, "properties": {"tract_geoid": "48121021419", "land_sqmi": 1.4, "population": 5425, "median_household_income": 93259.0, "poverty_count": 201, "poverty_universe": 5425, "snap_households": 48, "snap_universe": 1901, "pct_low_access_half_mile": 100.0}}, {"type": "Feature", "geometry": {"type": "Point", "coordinates": [-97.0817811, 33.1361307]}, "properties": {"tract_geoid": "48121021420", "land_sqmi": 0.551, "population": 3119, "median_household_income": 116394.0, "poverty_count": 108, "poverty_universe": 3119, "snap_households": 65, "snap_universe": 1161, "pct_low_access_half_mile": 96.6}}, {"type": "Feature", "geometry": {"type": "Point", "coordinates": [-97.0616575, 33.1349275]}, "properties": {"tract_geoid": "48121021421", "land_sqmi": 1.114, "population": 3908, "median_household_income": 94561.0, "poverty_count": 205, "poverty_universe": 3908, "snap_households": 68, "snap_universe": 1464, "pct_low_access_half_mile": 61.95}}, {"type": "Feature", "geometry": {"type": "Point", "coordinates": [-97.124017, 33.1518285]}, "properties": {"tract_geoid": "48121021422", "land_sqmi": 2.029, "population": 4866, "median_household_income": 97271.0, "poverty_count": 251, "poverty_universe": 4821, "snap_households": 0, "snap_universe": 1684, "pct_low_access_half_mile": 79.31}}, {"type": "Feature", "geometry": {"type": "Point", "coordinates": [-97.1175182, 33.1406091]}, "properties": {"tract_geoid": "48121021423", "land_sqmi": 1.405, "population": 3274, "median_household_income": 85094.0, "poverty_count": 215, "poverty_universe": 3274, "snap_households": 7, "snap_universe": 1258, "pct_low_access_half_mile": 83.56}}, {"type": "Feature", "geometry": {"type": "Point", "coordinates": [-96.9983543, 33.0713167]}, "properties": {"tract_geoid": "48121021502", "land_sqmi": 4.369, "population": 4874, "median_household_income": 83169.0, "poverty_count": 541, "poverty_universe": 4763, "snap_households": 275, "snap_universe": 1885, "pct_low_access_half_mile": 60.77}}, {"type": "Feature", "geometry": {"type": "Point", "coordinates": [-97.0304442, 33.0747713]}, "properties": {"tract_geoid": "48121021505", "land_sqmi": 1.715, "population": 7803, "median_household_income": 122120.0, "poverty_count": 150, "poverty_universe": 7636, "snap_households": 150, "snap_universe": 2347, "pct_low_access_half_mile": 51.0}}, {"type": "Feature", "geometry": {"type": "Point", "coordinates": [-97.0996019, 33.1150528]}, "properties": {"tract_geoid": "48121021512", "land_sqmi": 6.748, "population": 5326, "median_household_income": 189275.0, "poverty_count": 53, "poverty_universe": 5315, "snap_households": 10, "snap_universe": 1656, "pct_low_access_half_mile": 100.0}}, {"type": "Feature", "geometry": {"type": "Point", "coordinates": [-97.0420207, 33.0916582]}, "properties": {"tract_geoid": "48121021513", "land_sqmi": 1.484, "population": 3264, "median_household_income": 157955.0, "poverty_count": 24, "poverty_universe": 3261, "snap_households": 0, "snap_universe": 1254, "pct_low_access_half_mile": 100.0}}, {"type": "Feature", "geometry": {"type": "Point", "coordinates": [-97.0607167, 33.0819853]}, "properties": {"tract_geoid": "48121021514", "land_sqmi": 1.224, "population": 4131, "median_household_income": 152232.0, "poverty_count": 117, "poverty_universe": 4131, "snap_households": 14, "snap_universe": 1328, "pct_low_access_half_mile": 88.06}}, {"type": "Feature", "geometry": {"type": "Point", "coordinates": [-96.9113487, 33.0932829]}, "properties": {"tract_geoid": "48121021516", "land_sqmi": 1.52, "population": 6646, "median_household_income": 116269.0, "poverty_count": 851, "poverty_universe": 6622, "snap_households": 160, "snap_universe": 2329, "pct_low_access_half_mile": 70.14}}, {"type": "Feature", "geometry": {"type": "Point", "coordinates": [-96.9288491, 33.0628042]}, "properties": {"tract_geoid": "48121021517", "land_sqmi": 4.125, "population": 4232, "median_household_income": 95859.0, "poverty_count": 291, "poverty_universe": 4232, "snap_households": 0, "snap_universe": 2246, "pct_low_access_half_mile": 99.28}}, {"type": "Feature", "geometry": {"type": "Point", "coordinates": [-96.8981898, 33.0846018]}, "properties": {"tract_geoid": "48121021518", "land_sqmi": 1.732, "population": 2612, "median_household_income": 155764.0, "poverty_count": 38, "poverty_universe": 2612, "snap_households": 0, "snap_universe": 973, "pct_low_access_half_mile": 48.4}}, {"type": "Feature", "geometry": {"type": "Point", "coordinates": [-96.8811928, 33.0907456]}, "properties": {"tract_geoid": "48121021520", "land_sqmi": 0.693, "population": 3948, "median_household_income": 106136.0, "poverty_count": 400, "poverty_universe": 3948, "snap_households": 112, "snap_universe": 1310, "pct_low_access_half_mile": 74.31}}, {"type": "Feature", "geometry": {"type": "Point", "coordinates": [-96.8879428, 33.0978503]}, "properties": {"tract_geoid": "48121021521", "land_sqmi": 1.115, "population": 4415, "median_household_income": 128571.0, "poverty_count": 536, "poverty_universe": 4415, "snap_households": 66, "snap_universe": 1438, "pct_low_access_half_mile": 62.04}}, {"type": "Feature", "geometry": {"type": "Point", "coordinates": [-96.8787863, 33.1148909]}, "properties": {"tract_geoid": "48121021522", "land_sqmi": 1.562, "population": 5101, "median_household_income": 131304.0, "poverty_count": 225, "poverty_universe": 5101, "snap_households": 14, "snap_universe": 1730, "pct_low_access_half_mile": 92.53}}, {"type": "Feature", "geometry": {"type": "Point", "coordinates": [-96.8517313, 33.1646277]}, "properties": {"tract_geoid": "48121021526", "land_sqmi": 2.264, "population": 8214, "median_household_income": 152110.0, "poverty_count": 150, "poverty_universe": 8172, "snap_households": 73, "snap_universe": 2636, "pct_low_access_half_mile": 92.16}}, {"type": "Feature", "geometry": {"type": "Point", "coordinates": [-96.8694035, 33.158948]}, "properties": {"tract_geoid": "48121021528", "land_sqmi": 0.418, "population": 2595, "median_household_income": 193636.0, "poverty_count": 22, "poverty_universe": 2592, "snap_households": 0, "snap_universe": 830, "pct_low_access_half_mile": 89.34}}, {"type": "Feature", "geometry": {"type": "Point", "coordinates": [-96.8800653, 33.1603616]}, "properties": {"tract_geoid": "48121021529", "land_sqmi": 1.035, "population": 4581, "median_household_income": 192875.0, "poverty_count": 159, "poverty_universe": 4415, "snap_households": 43, "snap_universe": 1487, "pct_low_access_half_mile": 90.03}}, {"type": "Feature", "geometry": {"type": "Point", "coordinates": [-96.8796691, 33.07635]}, "properties": {"tract_geoid": "48121021530", "land_sqmi": 1.044, "population": 3103, "median_household_income": 106224.0, "poverty_count": 92, "poverty_universe": 3103, "snap_households": 36, "snap_universe": 1131, "pct_low_access_half_mile": 20.72}}, {"type": "Feature", "geometry": {"type": "Point", "coordinates": [-96.8696799, 33.0905158]}, "properties": {"tract_geoid": "48121021531", "land_sqmi": 0.698, "population": 4389, "median_household_income": 130158.0, "poverty_count": 236, "poverty_universe": 4389, "snap_households": 59, "snap_universe": 1740, "pct_low_access_half_mile": 75.79}}, {"type": "Feature", "geometry": {"type": "Point", "coordinates": [-96.8607016, 33.0878393]}, "properties": {"tract_geoid": "48121021532", "land_sqmi": 0.65, "population": 4277, "median_household_income": 90524.0, "poverty_count": 149, "poverty_universe": 4277, "snap_households": 94, "snap_universe": 1799, "pct_low_access_half_mile": 66.77}}, {"type": "Feature", "geometry": {"type": "Point", "coordinates": [-96.8632958, 33.1068765]}, "properties": {"tract_geoid": "48121021533", "land_sqmi": 1.312, "population": 6026, "median_household_income": 133769.0, "poverty_count": 259, "poverty_universe": 6026, "snap_households": 96, "snap_universe": 2007, "pct_low_access_half_mile": 100.0}}, {"type": "Feature", "geometry": {"type": "Point", "coordinates": [-96.9286158, 33.1067256]}, "properties": {"tract_geoid": "48121021534", "land_sqmi": 4.3, "population": 6695, "median_household_income": 231500.0, "poverty_count": 317, "poverty_universe": 6695, "snap_households": 0, "snap_universe": 2282, "pct_low_access_half_mile": 89.15}}, {"type": "Feature", "geometry": {"type": "Point", "coordinates": [-96.9063127, 33.1390678]}, "properties": {"tract_geoid": "48121021535", "land_sqmi": 1.681, "population": 3905, "median_household_income": 76453.0, "poverty_count": 89, "poverty_universe": 3905, "snap_households": 0, "snap_universe": 2240, "pct_low_access_half_mile": 97.56}}, {"type": "Feature", "geometry": {"type": "Point", "coordinates": [-96.904903, 33.1502622]}, "properties": {"tract_geoid": "48121021536", "land_sqmi": 1.792, "population": 6955, "median_household_income": 99549.0, "poverty_count": 560, "poverty_universe": 6952, "snap_households": 107, "snap_universe": 2881, "pct_low_access_half_mile": 76.05}}, {"type": "Feature", "geometry": {"type": "Point", "coordinates": [-96.9412363, 33.130344]}, "properties": {"tract_geoid": "48121021537", "land_sqmi": 2.699, "population": 5195, "median_household_income": 138988.0, "poverty_count": 204, "poverty_universe": 5190, "snap_households": 55, "snap_universe": 1827, "pct_low_access_half_mile": 100.0}}, {"type": "Feature", "geometry": {"type": "Point", "coordinates": [-96.857095, 33.140672]}, "properties": {"tract_geoid": "48121021538", "land_sqmi": 1.387, "population": 7584, "median_household_income": 162371.0, "poverty_count": 91, "poverty_universe": 7537, "snap_households": 67, "snap_universe": 3027, "pct_low_access_half_mile": 97.48}}, {"type": "Feature", "geometry": {"type": "Point", "coordinates": [-96.8760071, 33.1453274]}, "properties": {"tract_geoid": "48121021539", "land_sqmi": 1.509, "population": 8881, "median_household_income": 215861.0, "poverty_count": 54, "poverty_universe": 8881, "snap_households": 0, "snap_universe": 2545, "pct_low_access_half_mile": 73.79}}, {"type": "Feature", "geometry": {"type": "Point", "coordinates": [-96.8811181, 33.131728]}, "properties": {"tract_geoid": "48121021540", "land_sqmi": 1.321, "population": 5860, "median_household_income": 250001.0, "poverty_count": 193, "poverty_universe": 5860, "snap_households": 39, "snap_universe": 1794, "pct_low_access_half_mile": 92.37}}, {"type": "Feature", "geometry": {"type": "Point", "coordinates": [-96.8984529, 32.9944306]}, "properties": {"tract_geoid": "48121021611", "land_sqmi": 0.908, "population": 4004, "median_household_income": 120288.0, "poverty_count": 291, "poverty_universe": 4004, "snap_households": 86, "snap_universe": 1594, "pct_low_access_half_mile": 65.69}}, {"type": "Feature", "geometry": {"type": "Point", "coordinates": [-96.9043812, 33.0053579]}, "properties": {"tract_geoid": "48121021612", "land_sqmi": 0.595, "population": 3573, "median_household_income": 107558.0, "poverty_count": 511, "poverty_universe": 3564, "snap_households": 26, "snap_universe": 1391, "pct_low_access_half_mile": 65.65}}, {"type": "Feature", "geometry": {"type": "Point", "coordinates": [-96.892378, 33.0051408]}, "properties": {"tract_geoid": "48121021613", "land_sqmi": 0.566, "population": 5874, "median_household_income": 73107.0, "poverty_count": 366, "poverty_universe": 5874, "snap_households": 159, "snap_universe": 2084, "pct_low_access_half_mile": 67.02}}, {"type": "Feature", "geometry": {"type": "Point", "coordinates": [-96.8824514, 33.0027161]}, "properties": {"tract_geoid": "48121021614", "land_sqmi": 0.688, "population": 4041, "median_household_income": 108793.0, "poverty_count": 156, "poverty_universe": 4041, "snap_households": 27, "snap_universe": 1418, "pct_low_access_half_mile": 48.58}}, {"type": "Feature", "geometry": {"type": "Point", "coordinates": [-96.8794316, 32.995418]}, "properties": {"tract_geoid": "48121021615", "land_sqmi": 0.776, "population": 4683, "median_household_income": 106779.0, "poverty_count": 406, "poverty_universe": 4683, "snap_households": 68, "snap_universe": 1545, "pct_low_access_half_mile": 86.89}}, {"type": "Feature", "geometry": {"type": "Point", "coordinates": [-96.8638802, 33.006446]}, "properties": {"tract_geoid": "48121021616", "land_sqmi": 0.526, "population": 4961, "median_household_income": 67193.0, "poverty_count": 723, "poverty_universe": 4961, "snap_households": 290, "snap_universe": 2229, "pct_low_access_half_mile": 29.57}}, {"type": "Feature", "geometry": {"type": "Point", "coordinates": [-96.9984047, 33.0471277]}, "properties": {"tract_geoid": "48121021618", "land_sqmi": 1.846, "population": 5036, "median_household_income": 64240.0, "poverty_count": 1566, "poverty_universe": 5018, "snap_households": 317, "snap_universe": 1869, "pct_low_access_half_mile": 64.61}}, {"type": "Feature", "geometry": {"type": "Point", "coordinates": [-96.9620283, 33.028864]}, "properties": {"tract_geoid": "48121021619", "land_sqmi": 4.061, "population": 3510, "median_household_income": 85703.0, "poverty_count": 292, "poverty_universe": 3510, "snap_households": 145, "snap_universe": 1197, "pct_low_access_half_mile": 32.53}}, {"type": "Feature", "geometry": {"type": "Point", "coordinates": [-96.9598393, 33.0066833]}, "properties": {"tract_geoid": "48121021620", "land_sqmi": 1.318, "population": 3675, "median_household_income": 71545.0, "poverty_count": 435, "poverty_universe": 3675, "snap_households": 147, "snap_universe": 1856, "pct_low_access_half_mile": 54.29}}, {"type": "Feature", "geometry": {"type": "Point", "coordinates": [-96.9230605, 32.9961728]}, "properties": {"tract_geoid": "48121021621", "land_sqmi": 1.541, "population": 3495, "median_household_income": 153655.0, "poverty_count": 17, "poverty_universe": 3495, "snap_households": 40, "snap_universe": 1285, "pct_low_access_half_mile": 56.82}}, {"type": "Feature", "geometry": {"type": "Point", "coordinates": [-96.9267263, 33.007002]}, "properties": {"tract_geoid": "48121021622", "land_sqmi": 1.761, "population": 6606, "median_household_income": 151813.0, "poverty_count": 308, "poverty_universe": 6579, "snap_households": 61, "snap_universe": 2494, "pct_low_access_half_mile": 67.61}}, {"type": "Feature", "geometry": {"type": "Point", "coordinates": [-96.8471481, 33.0755145]}, "properties": {"tract_geoid": "48121021626", "land_sqmi": 1.307, "population": 2243, "median_household_income": 233854.0, "poverty_count": 92, "poverty_universe": 2236, "snap_households": 0, "snap_universe": 891, "pct_low_access_half_mile": 98.44}}, {"type": "Feature", "geometry": {"type": "Point", "coordinates": [-96.9079607, 33.0214643]}, "properties": {"tract_geoid": "48121021630", "land_sqmi": 0.772, "population": 5444, "median_household_income": 107783.0, "poverty_count": 502, "poverty_universe": 5444, "snap_households": 258, "snap_universe": 1848, "pct_low_access_half_mile": 52.78}}, {"type": "Feature", "geometry": {"type": "Point", "coordinates": [-96.8942332, 33.017439]}, "properties": {"tract_geoid": "48121021631", "land_sqmi": 0.966, "population": 5743, "median_household_income": 156128.0, "poverty_count": 154, "poverty_universe": 5743, "snap_households": 40, "snap_universe": 2077, "pct_low_access_half_mile": 75.82}}, {"type": "Feature", "geometry": {"type": "Point", "coordinates": [-96.8562905, 33.0183707]}, "properties": {"tract_geoid": "48121021632", "land_sqmi": 1.453, "population": 3351, "median_household_income": 118182.0, "poverty_count": 153, "poverty_universe": 3351, "snap_households": 11, "snap_universe": 1454, "pct_low_access_half_mile": 72.49}}, {"type": "Feature", "geometry": {"type": "Point", "coordinates": [-96.8780283, 33.0181501]}, "properties": {"tract_geoid": "48121021633", "land_sqmi": 0.835, "population": 4972, "median_household_income": 143450.0, "poverty_count": 277, "poverty_universe": 4877, "snap_households": 48, "snap_universe": 1765, "pct_low_access_half_mile": 68.72}}, {"type": "Feature", "geometry": {"type": "Point", "coordinates": [-96.8530842, 33.0066881]}, "properties": {"tract_geoid": "48121021634", "land_sqmi": 0.355, "population": 4609, "median_household_income": 48168.0, "poverty_count": 983, "poverty_universe": 4609, "snap_households": 439, "snap_universe": 2832, "pct_low_access_half_mile": 33.35}}, {"type": "Feature", "geometry": {"type": "Point", "coordinates": [-96.8479734, 33.0023345]}, "properties": {"tract_geoid": "48121021635", "land_sqmi": 0.38, "population": 4604, "median_household_income": 61341.0, "poverty_count": 470, "poverty_universe": 4507, "snap_households": 269, "snap_universe": 2330, "pct_low_access_half_mile": 22.13}}, {"type": "Feature", "geometry": {"type": "Point", "coordinates": [-96.860687, 32.9941579]}, "properties": {"tract_geoid": "48121021637", "land_sqmi": 0.621, "population": 4231, "median_household_income": 53289.0, "poverty_count": 693, "poverty_universe": 4231, "snap_households": 274, "snap_universe": 2114, "pct_low_access_half_mile": 6.17}}, {"type": "Feature", "geometry": {"type": "Point", "coordinates": [-96.8697884, 32.9945908]}, "properties": {"tract_geoid": "48121021638", "land_sqmi": 0.39, "population": 3992, "median_household_income": 56155.0, "poverty_count": 191, "poverty_universe": 3992, "snap_households": 71, "snap_universe": 1715, "pct_low_access_half_mile": 9.83}}, {"type": "Feature", "geometry": {"type": "Point", "coordinates": [-96.8760426, 33.0289505]}, "properties": {"tract_geoid": "48121021639", "land_sqmi": 0.518, "population": 3016, "median_household_income": 111042.0, "poverty_count": 232, "poverty_universe": 3016, "snap_households": 39, "snap_universe": 1235, "pct_low_access_half_mile": 80.05}}, {"type": "Feature", "geometry": {"type": "Point", "coordinates": [-96.8707605, 33.032792]}, "properties": {"tract_geoid": "48121021640", "land_sqmi": 0.554, "population": 2416, "median_household_income": 123219.0, "poverty_count": 47, "poverty_universe": 2416, "snap_households": 0, "snap_universe": 1077, "pct_low_access_half_mile": 80.36}}, {"type": "Feature", "geometry": {"type": "Point", "coordinates": [-96.8494786, 32.9950469]}, "properties": {"tract_geoid": "48121021641", "land_sqmi": 0.184, "population": 4392, "median_household_income": 59335.0, "poverty_count": 284, "poverty_universe": 4392, "snap_households": 241, "snap_universe": 2730, "pct_low_access_half_mile": 11.21}}, {"type": "Feature", "geometry": {"type": "Point", "coordinates": [-96.8495301, 32.990277]}, "properties": {"tract_geoid": "48121021642", "land_sqmi": 0.236, "population": 3635, "median_household_income": 57522.0, "poverty_count": 243, "poverty_universe": 3635, "snap_households": 71, "snap_universe": 2155, "pct_low_access_half_mile": 32.87}}, {"type": "Feature", "geometry": {"type": "Point", "coordinates": [-96.8950537, 33.030546]}, "properties": {"tract_geoid": "48121021643", "land_sqmi": 0.909, "population": 5223, "median_household_income": 182614.0, "poverty_count": 206, "poverty_universe": 5095, "snap_households": 11, "snap_universe": 1763, "pct_low_access_half_mile": 72.45}}, {"type": "Feature", "geometry": {"type": "Point", "coordinates": [-96.8974669, 33.0388672]}, "properties": {"tract_geoid": "48121021644", "land_sqmi": 0.78, "population": 2123, "median_household_income": 197500.0, "poverty_count": 67, "poverty_universe": 2123, "snap_households": 3, "snap_universe": 754, "pct_low_access_half_mile": 77.02}}, {"type": "Feature", "geometry": {"type": "Point", "coordinates": [-96.9508707, 33.036857]}, "properties": {"tract_geoid": "48121021645", "land_sqmi": 4.244, "population": 1759, "median_household_income": 58750.0, "poverty_count": 728, "poverty_universe": 1759, "snap_households": 98, "snap_universe": 594, "pct_low_access_half_mile": 97.79}}, {"type": "Feature", "geometry": {"type": "Point", "coordinates": [-96.9374614, 33.0271159]}, "properties": {"tract_geoid": "48121021646", "land_sqmi": 1.348, "population": 6093, "median_household_income": 88611.0, "poverty_count": 364, "poverty_universe": 6093, "snap_households": 109, "snap_universe": 2904, "pct_low_access_half_mile": 77.7}}, {"type": "Feature", "geometry": {"type": "Point", "coordinates": [-96.8505804, 33.0563577]}, "properties": {"tract_geoid": "48121021647", "land_sqmi": 0.472, "population": 4587, "median_household_income": 85332.0, "poverty_count": 215, "poverty_universe": 4587, "snap_households": 66, "snap_universe": 2926, "pct_low_access_half_mile": 100.0}}, {"type": "Feature", "geometry": {"type": "Point", "coordinates": [-96.8447025, 33.0391975]}, "properties": {"tract_geoid": "48121021648", "land_sqmi": 1.34, "population": 3360, "median_household_income": 124063.0, "poverty_count": 144, "poverty_universe": 3250, "snap_households": 0, "snap_universe": 1595, "pct_low_access_half_mile": 95.62}}, {"type": "Feature", "geometry": {"type": "Point", "coordinates": [-96.93616, 33.0122944]}, "properties": {"tract_geoid": "48121021649", "land_sqmi": 0.719, "population": 3718, "median_household_income": 115859.0, "poverty_count": 80, "poverty_universe": 3718, "snap_households": 12, "snap_universe": 1237, "pct_low_access_half_mile": 70.73}}, {"type": "Feature", "geometry": {"type": "Point", "coordinates": [-96.923801, 33.0318898]}, "properties": {"tract_geoid": "48121021650", "land_sqmi": 0.943, "population": 5129, "median_household_income": 128095.0, "poverty_count": 137, "poverty_universe": 5129, "snap_households": 79, "snap_universe": 1796, "pct_low_access_half_mile": 81.94}}, {"type": "Feature", "geometry": {"type": "Point", "coordinates": [-96.869001, 33.0416584]}, "properties": {"tract_geoid": "48121021651", "land_sqmi": 1.946, "population": 6830, "median_household_income": 116107.0, "poverty_count": 378, "poverty_universe": 6830, "snap_households": 104, "snap_universe": 2737, "pct_low_access_half_mile": 96.81}}, {"type": "Feature", "geometry": {"type": "Point", "coordinates": [-96.906774, 33.0382975]}, "properties": {"tract_geoid": "48121021652", "land_sqmi": 1.054, "population": 3782, "median_household_income": 214472.0, "poverty_count": 251, "poverty_universe": 3782, "snap_households": 18, "snap_universe": 1228, "pct_low_access_half_mile": 80.08}}, {"type": "Feature", "geometry": {"type": "Point", "coordinates": [-96.8817843, 33.0561448]}, "properties": {"tract_geoid": "48121021653", "land_sqmi": 1.553, "population": 2891, "median_household_income": 114914.0, "poverty_count": 60, "poverty_universe": 2891, "snap_households": 83, "snap_universe": 1088, "pct_low_access_half_mile": 68.63}}, {"type": "Feature", "geometry": {"type": "Point", "coordinates": [-96.9034272, 33.0532713]}, "properties": {"tract_geoid": "48121021654", "land_sqmi": 1.319, "population": 4494, "median_household_income": 138542.0, "poverty_count": 210, "poverty_universe": 4494, "snap_households": 64, "snap_universe": 1693, "pct_low_access_half_mile": 79.33}}, {"type": "Feature", "geometry": {"type": "Point", "coordinates": [-96.8642603, 33.0671935]}, "properties": {"tract_geoid": "48121021655", "land_sqmi": 1.662, "population": 2354, "median_household_income": 101563.0, "poverty_count": 55, "poverty_universe": 2354, "snap_households": 0, "snap_universe": 1434, "pct_low_access_half_mile": 43.0}}, {"type": "Feature", "geometry": {"type": "Point", "coordinates": [-97.0345627, 33.0617336]}, "properties": {"tract_geoid": "48121021715", "land_sqmi": 0.837, "population": 4909, "median_household_income": 103098.0, "poverty_count": 168, "poverty_universe": 4909, "snap_households": 0, "snap_universe": 1883, "pct_low_access_half_mile": 70.27}}, {"type": "Feature", "geometry": {"type": "Point", "coordinates": [-97.0188524, 33.052519]}, "properties": {"tract_geoid": "48121021716", "land_sqmi": 1.167, "population": 5579, "median_household_income": 65676.0, "poverty_count": 323, "poverty_universe": 5480, "snap_households": 256, "snap_universe": 2400, "pct_low_access_half_mile": 52.67}}, {"type": "Feature", "geometry": {"type": "Point", "coordinates": [-97.0361061, 33.0497788]}, "properties": {"tract_geoid": "48121021717", "land_sqmi": 1.073, "population": 5259, "median_household_income": 72220.0, "poverty_count": 615, "poverty_universe": 5259, "snap_households": 32, "snap_universe": 2137, "pct_low_access_half_mile": 52.02}}, {"type": "Feature", "geometry": {"type": "Point", "coordinates": [-97.0899662, 33.0852613]}, "properties": {"tract_geoid": "48121021719", "land_sqmi": 4.124, "population": 5624, "median_household_income": 170110.0, "poverty_count": 202, "poverty_universe": 5581, "snap_households": 3, "snap_universe": 1825, "pct_low_access_half_mile": 76.24}}, {"type": "Feature", "geometry": {"type": "Point", "coordinates": [-97.052508, 33.0657868]}, "properties": {"tract_geoid": "48121021720", "land_sqmi": 0.755, "population": 3242, "median_household_income": 218924.0, "poverty_count": 0, "poverty_universe": 3226, "snap_households": 0, "snap_universe": 985, "pct_low_access_half_mile": 85.16}}, {"type": "Feature", "geometry": {"type": "Point", "coordinates": [-97.0527802, 33.055546]}, "properties": {"tract_geoid": "48121021721", "land_sqmi": 0.695, "population": 4031, "median_household_income": 118495.0, "poverty_count": 20, "poverty_universe": 4031, "snap_households": 43, "snap_universe": 1487, "pct_low_access_half_mile": 100.0}}, {"type": "Feature", "geometry": {"type": "Point", "coordinates": [-97.0565458, 33.0449489]}, "properties": {"tract_geoid": "48121021722", "land_sqmi": 0.956, "population": 3702, "median_household_income": 112857.0, "poverty_count": 145, "poverty_universe": 3702, "snap_households": 17, "snap_universe": 1550, "pct_low_access_half_mile": 70.31}}, {"type": "Feature", "geometry": {"type": "Point", "coordinates": [-97.0322997, 33.0238447]}, "properties": {"tract_geoid": "48121021723", "land_sqmi": 0.212, "population": 1503, "median_household_income": 115060.0, "poverty_count": 33, "poverty_universe": 1503, "snap_households": 33, "snap_universe": 523, "pct_low_access_half_mile": 100.0}}, {"type": "Feature", "geometry": {"type": "Point", "coordinates": [-97.0479236, 33.0294175]}, "properties": {"tract_geoid": "48121021724", "land_sqmi": 1.277, "population": 4281, "median_household_income": 179343.0, "poverty_count": 132, "poverty_universe": 4281, "snap_households": 14, "snap_universe": 1463, "pct_low_access_half_mile": 93.46}}, {"type": "Feature", "geometry": {"type": "Point", "coordinates": [-97.0659816, 33.0264632]}, "properties": {"tract_geoid": "48121021725", "land_sqmi": 0.702, "population": 4048, "median_household_income": 138473.0, "poverty_count": 56, "poverty_universe": 4048, "snap_households": 54, "snap_universe": 1555, "pct_low_access_half_mile": 83.96}}, {"type": "Feature", "geometry": {"type": "Point", "coordinates": [-97.0588078, 33.0168459]}, "properties": {"tract_geoid": "48121021726", "land_sqmi": 0.573, "population": 3606, "median_household_income": 141875.0, "poverty_count": 0, "poverty_universe": 3584, "snap_households": 40, "snap_universe": 1146, "pct_low_access_half_mile": 95.82}}, {"type": "Feature", "geometry": {"type": "Point", "coordinates": [-97.0510032, 33.0007782]}, "properties": {"tract_geoid": "48121021727", "land_sqmi": 3.538, "population": 5219, "median_household_income": 169322.0, "poverty_count": 398, "poverty_universe": 5219, "snap_households": 20, "snap_universe": 1794, "pct_low_access_half_mile": 84.66}}, {"type": "Feature", "geometry": {"type": "Point", "coordinates": [-97.0115066, 33.0017146]}, "properties": {"tract_geoid": "48121021728", "land_sqmi": 1.791, "population": 4520, "median_household_income": 72061.0, "poverty_count": 348, "poverty_universe": 4520, "snap_households": 154, "snap_universe": 1789, "pct_low_access_half_mile": 28.13}}, {"type": "Feature", "geometry": {"type": "Point", "coordinates": [-97.0380972, 33.0145982]}, "properties": {"tract_geoid": "48121021729", "land_sqmi": 0.545, "population": 2946, "median_household_income": 114988.0, "poverty_count": 265, "poverty_universe": 2946, "snap_households": 0, "snap_universe": 1181, "pct_low_access_half_mile": 82.74}}, {"type": "Feature", "geometry": {"type": "Point", "coordinates": [-97.0255879, 33.0158237]}, "properties": {"tract_geoid": "48121021730", "land_sqmi": 0.695, "population": 3115, "median_household_income": 129615.0, "poverty_count": 52, "poverty_universe": 3113, "snap_households": 0, "snap_universe": 1134, "pct_low_access_half_mile": 92.97}}, {"type": "Feature", "geometry": {"type": "Point", "coordinates": [-97.0127729, 33.0123121]}, "properties": {"tract_geoid": "48121021731", "land_sqmi": 0.748, "population": 3577, "median_household_income": 133260.0, "poverty_count": 10, "poverty_universe": 3577, "snap_households": 10, "snap_universe": 1225, "pct_low_access_half_mile": 51.94}}, {"type": "Feature", "geometry": {"type": "Point", "coordinates": [-96.9987734, 33.0135129]}, "properties": {"tract_geoid": "48121021732", "land_sqmi": 0.291, "population": 2170, "median_household_income": 89815.0, "poverty_count": 58, "poverty_universe": 2161, "snap_households": 32, "snap_universe": 884, "pct_low_access_half_mile": 41.88}}, {"type": "Feature", "geometry": {"type": "Point", "coordinates": [-96.998714, 33.0072131]}, "properties": {"tract_geoid": "48121021733", "land_sqmi": 0.303, "population": 2693, "median_household_income": 74158.0, "poverty_count": 79, "poverty_universe": 2685, "snap_households": 42, "snap_universe": 1191, "pct_low_access_half_mile": 0.0}}, {"type": "Feature", "geometry": {"type": "Point", "coordinates": [-96.9902903, 33.0118098]}, "properties": {"tract_geoid": "48121021734", "land_sqmi": 0.209, "population": 3642, "median_household_income": 51496.0, "poverty_count": 217, "poverty_universe": 3642, "snap_households": 97, "snap_universe": 1838, "pct_low_access_half_mile": 13.7}}, {"type": "Feature", "geometry": {"type": "Point", "coordinates": [-96.9829579, 33.007703]}, "properties": {"tract_geoid": "48121021735", "land_sqmi": 0.476, "population": 3397, "median_household_income": 68888.0, "poverty_count": 109, "poverty_universe": 3371, "snap_households": 5, "snap_universe": 1855, "pct_low_access_half_mile": 23.22}}, {"type": "Feature", "geometry": {"type": "Point", "coordinates": [-96.9879614, 33.000511]}, "properties": {"tract_geoid": "48121021736", "land_sqmi": 0.311, "population": 2599, "median_household_income": 69803.0, "poverty_count": 96, "poverty_universe": 2599, "snap_households": 30, "snap_universe": 1197, "pct_low_access_half_mile": 50.93}}, {"type": "Feature", "geometry": {"type": "Point", "coordinates": [-96.9919117, 32.9931913]}, "properties": {"tract_geoid": "48121021737", "land_sqmi": 0.928, "population": 5853, "median_household_income": 110875.0, "poverty_count": 184, "poverty_universe": 5748, "snap_households": 96, "snap_universe": 2371, "pct_low_access_half_mile": 77.85}}, {"type": "Feature", "geometry": {"type": "Point", "coordinates": [-96.9671793, 32.9959627]}, "properties": {"tract_geoid": "48121021738", "land_sqmi": 1.613, "population": 3051, "median_household_income": 87411.0, "poverty_count": 196, "poverty_universe": 2952, "snap_households": 48, "snap_universe": 1498, "pct_low_access_half_mile": 89.83}}, {"type": "Feature", "geometry": {"type": "Point", "coordinates": [-96.9875047, 33.0193872]}, "properties": {"tract_geoid": "48121021739", "land_sqmi": 0.449, "population": 3209, "median_household_income": 56955.0, "poverty_count": 674, "poverty_universe": 3209, "snap_households": 246, "snap_universe": 1611, "pct_low_access_half_mile": 0.36}}, {"type": "Feature", "geometry": {"type": "Point", "coordinates": [-97.0013819, 33.0223646]}, "properties": {"tract_geoid": "48121021740", "land_sqmi": 0.713, "population": 5425, "median_household_income": 70572.0, "poverty_count": 542, "poverty_universe": 5425, "snap_households": 451, "snap_universe": 2103, "pct_low_access_half_mile": 46.64}}, {"type": "Feature", "geometry": {"type": "Point", "coordinates": [-97.0166682, 33.0233781]}, "properties": {"tract_geoid": "48121021741", "land_sqmi": 0.51, "population": 2284, "median_household_income": 95382.0, "poverty_count": 72, "poverty_universe": 2271, "snap_households": 52, "snap_universe": 735, "pct_low_access_half_mile": 58.83}}, {"type": "Feature", "geometry": {"type": "Point", "coordinates": [-97.0340716, 33.0333174]}, "properties": {"tract_geoid": "48121021742", "land_sqmi": 1.082, "population": 7357, "median_household_income": 98578.0, "poverty_count": 204, "poverty_universe": 7328, "snap_households": 170, "snap_universe": 2655, "pct_low_access_half_mile": 60.6}}, {"type": "Feature", "geometry": {"type": "Point", "coordinates": [-97.0279109, 33.0386994]}, "properties": {"tract_geoid": "48121021743", "land_sqmi": 0.427, "population": 3290, "median_household_income": 65389.0, "poverty_count": 421, "poverty_universe": 3290, "snap_households": 142, "snap_universe": 1433, "pct_low_access_half_mile": 9.22}}, {"type": "Feature", "geometry": {"type": "Point", "coordinates": [-97.0119094, 33.0396982]}, "properties": {"tract_geoid": "48121021744", "land_sqmi": 0.579, "population": 3622, "median_household_income": 66392.0, "poverty_count": 166, "poverty_universe": 3622, "snap_households": 122, "snap_universe": 1152, "pct_low_access_half_mile": 0.0}}, {"type": "Feature", "geometry": {"type": "Point", "coordinates": [-97.0064187, 33.0315012]}, "properties": {"tract_geoid": "48121021745", "land_sqmi": 0.773, "population": 5477, "median_household_income": 79650.0, "poverty_count": 420, "poverty_universe": 5439, "snap_households": 175, "snap_universe": 1659, "pct_low_access_half_mile": 18.4}}, {"type": "Feature", "geometry": {"type": "Point", "coordinates": [-97.1176424, 33.0678449]}, "properties": {"tract_geoid": "48121021746", "land_sqmi": 3.864, "population": 4016, "median_household_income": 207059.0, "poverty_count": 144, "poverty_universe": 4010, "snap_households": 0, "snap_universe": 1350, "pct_low_access_half_mile": 84.9}}, {"type": "Feature", "geometry": {"type": "Point", "coordinates": [-97.0800992, 33.0452844]}, "properties": {"tract_geoid": "48121021748", "land_sqmi": 1.109, "population": 3944, "median_household_income": 142549.0, "poverty_count": 97, "poverty_universe": 3897, "snap_households": 0, "snap_universe": 1366, "pct_low_access_half_mile": 88.72}}, {"type": "Feature", "geometry": {"type": "Point", "coordinates": [-97.1017513, 33.0549453]}, "properties": {"tract_geoid": "48121021749", "land_sqmi": 1.415, "population": 3845, "median_household_income": 235804.0, "poverty_count": 137, "poverty_universe": 3838, "snap_households": 0, "snap_universe": 1153, "pct_low_access_half_mile": 89.66}}, {"type": "Feature", "geometry": {"type": "Point", "coordinates": [-97.1101542, 33.0254072]}, "properties": {"tract_geoid": "48121021750", "land_sqmi": 4.892, "population": 4605, "median_household_income": 250001.0, "poverty_count": 67, "poverty_universe": 4505, "snap_households": 0, "snap_universe": 1521, "pct_low_access_half_mile": 84.16}}, {"type": "Feature", "geometry": {"type": "Point", "coordinates": [-97.0983777, 33.0281391]}, "properties": {"tract_geoid": "48121021751", "land_sqmi": 0.829, "population": 4687, "median_household_income": 250001.0, "poverty_count": 143, "poverty_universe": 4687, "snap_households": 16, "snap_universe": 1405, "pct_low_access_half_mile": 99.92}}, {"type": "Feature", "geometry": {"type": "Point", "coordinates": [-97.0843884, 33.0244365]}, "properties": {"tract_geoid": "48121021752", "land_sqmi": 0.997, "population": 4895, "median_household_income": 191563.0, "poverty_count": 96, "poverty_universe": 4895, "snap_households": 0, "snap_universe": 1643, "pct_low_access_half_mile": 95.28}}, {"type": "Feature", "geometry": {"type": "Point", "coordinates": [-97.1294791, 33.1010052]}, "properties": {"tract_geoid": "48121021754", "land_sqmi": 1.81, "population": 5413, "median_household_income": 226076.0, "poverty_count": 116, "poverty_universe": 5413, "snap_households": 12, "snap_universe": 1633, "pct_low_access_half_mile": 93.47}}, {"type": "Feature", "geometry": {"type": "Point", "coordinates": [-97.1190398, 33.0934461]}, "properties": {"tract_geoid": "48121021755", "land_sqmi": 2.631, "population": 10055, "median_household_income": 178106.0, "poverty_count": 96, "poverty_universe": 10055, "snap_households": 0, "snap_universe": 3232, "pct_low_access_half_mile": 97.95}}, {"type": "Feature", "geometry": {"type": "Point", "coordinates": [-97.072145, 32.9971973]}, "properties": {"tract_geoid": "48121021756", "land_sqmi": 0.925, "population": 3794, "median_household_income": 135393.0, "poverty_count": 29, "poverty_universe": 3794, "snap_households": 15, "snap_universe": 1817, "pct_low_access_half_mile": 67.72}}, {"type": "Feature", "geometry": {"type": "Point", "coordinates": [-97.0942016, 33.0049655]}, "properties": {"tract_geoid": "48121021757", "land_sqmi": 2.586, "population": 3439, "median_household_income": 145625.0, "poverty_count": 200, "poverty_universe": 3439, "snap_households": 32, "snap_universe": 1180, "pct_low_access_half_mile": 93.33}}, {"type": "Feature", "geometry": {"type": "Point", "coordinates": [-97.0700753, 33.0629636]}, "properties": {"tract_geoid": "48121021758", "land_sqmi": 1.369, "population": 3936, "median_household_income": 163068.0, "poverty_count": 141, "poverty_universe": 3936, "snap_households": 0, "snap_universe": 1347, "pct_low_access_half_mile": 66.51}}, {"type": "Feature", "geometry": {"type": "Point", "coordinates": [-97.0675923, 33.0472925]}, "properties": {"tract_geoid": "48121021759", "land_sqmi": 0.579, "population": 2445, "median_household_income": 113529.0, "poverty_count": 130, "poverty_universe": 2445, "snap_households": 23, "snap_universe": 1316, "pct_low_access_half_mile": 60.77}}, {"type": "Feature", "geometry": {"type": "Point", "coordinates": [-96.848414, 33.0991518]}, "properties": {"tract_geoid": "48121021800", "land_sqmi": 1.541, "population": 5086, "median_household_income": 174255.0, "poverty_count": 93, "poverty_universe": 5051, "snap_households": 30, "snap_universe": 1992, "pct_low_access_half_mile": 89.09}}, {"type": "Feature", "geometry": {"type": "Point", "coordinates": [-96.854177, 33.1263805]}, "properties": {"tract_geoid": "48121021900", "land_sqmi": 2.433, "population": 6139, "median_household_income": 218451.0, "poverty_count": 328, "poverty_universe": 6109, "snap_households": 0, "snap_universe": 1967, "pct_low_access_half_mile": 85.39}}, {"type": "Feature", "geometry": {"type": "Point", "coordinates": [-96.7208365, 32.5252691]}, "properties": {"tract_geoid": "48139060103", "land_sqmi": 12.602, "population": 4653, "median_household_income": 88631.0, "poverty_count": 646, "poverty_universe": 4653, "snap_households": 7, "snap_universe": 1685, "pct_low_access_half_mile": 89.57}}, {"type": "Feature", "geometry": {"type": "Point", "coordinates": [-96.6334007, 32.5113542]}, "properties": {"tract_geoid": "48139060104", "land_sqmi": 14.533, "population": 4156, "median_household_income": 78906.0, "poverty_count": 529, "poverty_universe": 4108, "snap_households": 146, "snap_universe": 1260, "pct_low_access_half_mile": 50.17}}, {"type": "Feature", "geometry": {"type": "Point", "coordinates": [-96.604717, 32.4589021]}, "properties": {"tract_geoid": "48139060105", "land_sqmi": 56.174, "population": 4049, "median_household_income": 95000.0, "poverty_count": 568, "poverty_universe": 4041, "snap_households": 106, "snap_universe": 1352, "pct_low_access_half_mile": 89.77}}, {"type": "Feature", "geometry": {"type": "Point", "coordinates": [-96.7011039, 32.4643834]}, "properties": {"tract_geoid": "48139060106", "land_sqmi": 27.992, "population": 3003, "median_household_income": 67286.0, "poverty_count": 570, "poverty_universe": 3000, "snap_households": 47, "snap_universe": 905, "pct_low_access_half_mile": 90.19}}, {"type": "Feature", "geometry": {"type": "Point", "coordinates": [-96.8090687, 32.5242594]}, "properties": {"tract_geoid": "48139060206", "land_sqmi": 4.781, "population": 7344, "median_household_income": 73462.0, "poverty_count": 818, "poverty_universe": 7198, "snap_households": 174, "snap_universe": 2380, "pct_low_access_half_mile": 54.12}}, {"type": "Feature", "geometry": {"type": "Point", "coordinates": [-96.7765119, 32.5187416]}, "properties": {"tract_geoid": "48139060207", "land_sqmi": 8.02, "population": 8428, "median_household_income": 97066.0, "poverty_count": 1229, "poverty_universe": 8428, "snap_households": 237, "snap_universe": 2707, "pct_low_access_half_mile": 82.72}}, {"type": "Feature", "geometry": {"type": "Point", "coordinates": [-96.8693036, 32.4833204]}, "properties": {"tract_geoid": "48139060209", "land_sqmi": 14.006, "population": 5644, "median_household_income": 125426.0, "poverty_count": 127, "poverty_universe": 5644, "snap_households": 44, "snap_universe": 1902, "pct_low_access_half_mile": 99.86}}, {"type": "Feature", "geometry": {"type": "Point", "coordinates": [-96.9034592, 32.4216248]}, "properties": {"tract_geoid": "48139060211", "land_sqmi": 27.371, "population": 4642, "median_household_income": 111250.0, "poverty_count": 342, "poverty_universe": 4619, "snap_households": 53, "snap_universe": 1524, "pct_low_access_half_mile": 99.38}}, {"type": "Feature", "geometry": {"type": "Point", "coordinates": [-96.8281866, 32.4398392]}, "properties": {"tract_geoid": "48139060212", "land_sqmi": 7.511, "population": 8537, "median_household_income": 90181.0, "poverty_count": 337, "poverty_universe": 8537, "snap_households": 178, "snap_universe": 2862, "pct_low_access_half_mile": 81.53}}, {"type": "Feature", "geometry": {"type": "Point", "coordinates": [-96.8387054, 32.5104567]}, "properties": {"tract_geoid": "48139060215", "land_sqmi": 5.845, "population": 4465, "median_household_income": 129010.0, "poverty_count": 224, "poverty_universe": 4465, "snap_households": 56, "snap_universe": 1304, "pct_low_access_half_mile": 93.67}}, {"type": "Feature", "geometry": {"type": "Point", "coordinates": [-96.8720051, 32.5393014]}, "properties": {"tract_geoid": "48139060216", "land_sqmi": 6.34, "population": 8942, "median_household_income": 117384.0, "poverty_count": 113, "poverty_universe": 8942, "snap_households": 21, "snap_universe": 3272, "pct_low_access_half_mile": 93.39}}, {"type": "Feature", "geometry": {"type": "Point", "coordinates": [-96.766436, 32.4156083]}, "properties": {"tract_geoid": "48139060217", "land_sqmi": 23.533, "population": 8936, "median_household_income": 99219.0, "poverty_count": 228, "poverty_universe": 8914, "snap_households": 138, "snap_universe": 3181, "pct_low_access_half_mile": 88.22}}, {"type": "Feature", "geometry": {"type": "Point", "coordinates": [-96.7744929, 32.4800015]}, "properties": {"tract_geoid": "48139060218", "land_sqmi": 6.963, "population": 2701, "median_household_income": 118173.0, "poverty_count": 139, "poverty_universe": 2699, "snap_households": 52, "snap_universe": 959, "pct_low_access_half_mile": 84.07}}, {"type": "Feature", "geometry": {"type": "Point", "coordinates": [-96.8059938, 32.472405]}, "properties": {"tract_geoid": "48139060219", "land_sqmi": 7.965, "population": 4448, "median_household_income": 126023.0, "poverty_count": 85, "poverty_universe": 4414, "snap_households": 62, "snap_universe": 1689, "pct_low_access_half_mile": 93.08}}, {"type": "Feature", "geometry": {"type": "Point", "coordinates": [-96.958996, 32.4931609]}, "properties": {"tract_geoid": "48139060220", "land_sqmi": 1.061, "population": 4179, "median_household_income": 116078.0, "poverty_count": 710, "poverty_universe": 4165, "snap_households": 73, "snap_universe": 1355, "pct_low_access_half_mile": 100.0}}, {"type": "Feature", "geometry": {"type": "Point", "coordinates": [-96.9121909, 32.5077458]}, "properties": {"tract_geoid": "48139060221", "land_sqmi": 9.264, "population": 7588, "median_household_income": 151000.0, "poverty_count": 182, "poverty_universe": 7502, "snap_households": 97, "snap_universe": 2410, "pct_low_access_half_mile": 100.0}}, {"type": "Feature", "geometry": {"type": "Point", "coordinates": [-96.8280166, 32.404202]}, "properties": {"tract_geoid": "48139060300", "land_sqmi": 1.798, "population": 4484, "median_household_income": 73304.0, "poverty_count": 256, "poverty_universe": 4433, "snap_households": 174, "snap_universe": 1483, "pct_low_access_half_mile": 71.36}}, {"type": "Feature", "geometry": {"type": "Point", "coordinates": [-96.8256498, 32.3607682]}, "properties": {"tract_geoid": "48139060400", "land_sqmi": 8.542, "population": 5978, "median_household_income": 52000.0, "poverty_count": 1193, "poverty_universe": 5383, "snap_households": 416, "snap_universe": 1986, "pct_low_access_half_mile": 79.61}}, {"type": "Feature", "geometry": {"type": "Point", "coordinates": [-96.8603455, 32.3875435]}, "properties": {"tract_geoid": "48139060500", "land_sqmi": 2.233, "population": 3158, "median_household_income": 60032.0, "poverty_count": 325, "poverty_universe": 3073, "snap_households": 330, "snap_universe": 1101, "pct_low_access_half_mile": 57.82}}, {"type": "Feature", "geometry": {"type": "Point", "coordinates": [-96.8441041, 32.4124249]}, "properties": {"tract_geoid": "48139060601", "land_sqmi": 1.584, "population": 5763, "median_household_income": 81997.0, "poverty_count": 627, "poverty_universe": 5763, "snap_households": 260, "snap_universe": 2271, "pct_low_access_half_mile": 35.1}}, {"type": "Feature", "geometry": {"type": "Point", "coordinates": [-96.8626996, 32.4137135]}, "properties": {"tract_geoid": "48139060602", "land_sqmi": 1.809, "population": 4735, "median_household_income": 74787.0, "poverty_count": 546, "poverty_universe": 4170, "snap_households": 69, "snap_universe": 1628, "pct_low_access_half_mile": 73.91}}, {"type": "Feature", "geometry": {"type": "Point", "coordinates": [-96.9566125, 32.5053931]}, "properties": {"tract_geoid": "48139060702", "land_sqmi": 15.524, "population": 5890, "median_household_income": 101723.0, "poverty_count": 658, "poverty_universe": 5882, "snap_households": 323, "snap_universe": 2155, "pct_low_access_half_mile": 74.39}}, {"type": "Feature", "geometry": {"type": "Point", "coordinates": [-97.0224345, 32.5289423]}, "properties": {"tract_geoid": "48139060704", "land_sqmi": 20.734, "population": 5307, "median_household_income": 78654.0, "poverty_count": 303, "poverty_universe": 5307, "snap_households": 177, "snap_universe": 2012, "pct_low_access_half_mile": 77.07}}, {"type": "Feature", "geometry": {"type": "Point", "coordinates": [-96.9714157, 32.4374733]}, "properties": {"tract_geoid": "48139060801", "land_sqmi": 14.774, "population": 10913, "median_household_income": 158943.0, "poverty_count": 459, "poverty_universe": 10818, "snap_households": 14, "snap_universe": 3665, "pct_low_access_half_mile": 95.41}}, {"type": "Feature", "geometry": {"type": "Point", "coordinates": [-97.0391317, 32.4369275]}, "properties": {"tract_geoid": "48139060802", "land_sqmi": 19.523, "population": 9631, "median_household_income": 117297.0, "poverty_count": 301, "poverty_universe": 9587, "snap_households": 125, "snap_universe": 2888, "pct_low_access_half_mile": 78.21}}, {"type": "Feature", "geometry": {"type": "Point", "coordinates": [-97.0675051, 32.480739]}, "properties": {"tract_geoid": "48139060803", "land_sqmi": 13.737, "population": 2544, "median_household_income": 82542.0, "poverty_count": 256, "poverty_universe": 2528, "snap_households": 68, "snap_universe": 755, "pct_low_access_half_mile": 77.09}}, {"type": "Feature", "geometry": {"type": "Point", "coordinates": [-96.9830067, 32.3304399]}, "properties": {"tract_geoid": "48139060900", "land_sqmi": 89.688, "population": 8643, "median_household_income": 101300.0, "poverty_count": 435, "poverty_universe": 8593, "snap_households": 49, "snap_universe": 2710, "pct_low_access_half_mile": 92.09}}, {"type": "Feature", "geometry": {"type": "Point", "coordinates": [-96.9275869, 32.1750728]}, "properties": {"tract_geoid": "48139061000", "land_sqmi": 146.673, "population": 5171, "median_household_income": 61853.0, "poverty_count": 724, "poverty_universe": 5144, "snap_households": 312, "snap_universe": 1753, "pct_low_access_half_mile": 67.03}}, {"type": "Feature", "geometry": {"type": "Point", "coordinates": [-96.8462922, 32.311058]}, "properties": {"tract_geoid": "48139061100", "land_sqmi": 76.328, "population": 6020, "median_household_income": 88558.0, "poverty_count": 456, "poverty_universe": 5930, "snap_households": 168, "snap_universe": 1925, "pct_low_access_half_mile": 96.54}}, {"type": "Feature", "geometry": {"type": "Point", "coordinates": [-96.7528266, 32.2111227]}, "properties": {"tract_geoid": "48139061200", "land_sqmi": 82.473, "population": 2222, "median_household_income": 75729.0, "poverty_count": 130, "poverty_universe": 2216, "snap_households": 59, "snap_universe": 753, "pct_low_access_half_mile": 77.59}}, {"type": "Feature", "geometry": {"type": "Point", "coordinates": [-96.6927716, 32.3269773]}, "properties": {"tract_geoid": "48139061300", "land_sqmi": 55.25, "population": 4161, "median_household_income": 101924.0, "poverty_count": 66, "poverty_universe": 4161, "snap_households": 7, "snap_universe": 1347, "pct_low_access_half_mile": 99.56}}, {"type": "Feature", "geometry": {"type": "Point", "coordinates": [-96.664335, 32.3313875]}, "properties": {"tract_geoid": "48139061401", "land_sqmi": 3.077, "population": 2696, "median_household_income": 72742.0, "poverty_count": 389, "poverty_universe": 2696, "snap_households": 167, "snap_universe": 1060, "pct_low_access_half_mile": 53.99}}, {"type": "Feature", "geometry": {"type": "Point", "coordinates": [-96.6549677, 32.3472587]}, "properties": {"tract_geoid": "48139061402", "land_sqmi": 3.868, "population": 5775, "median_household_income": 87000.0, "poverty_count": 335, "poverty_universe": 5775, "snap_households": 164, "snap_universe": 2118, "pct_low_access_half_mile": 79.76}}, {"type": "Feature", "geometry": {"type": "Point", "coordinates": [-96.6320195, 32.3070789]}, "properties": {"tract_geoid": "48139061500", "land_sqmi": 6.181, "population": 6188, "median_household_income": 63299.0, "poverty_count": 1202, "poverty_universe": 5921, "snap_households": 241, "snap_universe": 1929, "pct_low_access_half_mile": 66.9}}, {"type": "Feature", "geometry": {"type": "Point", "coordinates": [-96.6161945, 32.3451068]}, "properties": {"tract_geoid": "48139061600", "land_sqmi": 8.274, "population": 7390, "median_household_income": 72639.0, "poverty_count": 531, "poverty_universe": 7390, "snap_households": 361, "snap_universe": 2639, "pct_low_access_half_mile": 51.52}}, {"type": "Feature", "geometry": {"type": "Point", "coordinates": [-96.5182328, 32.350298]}, "properties": {"tract_geoid": "48139061700", "land_sqmi": 129.718, "population": 5543, "median_household_income": 99761.0, "poverty_count": 333, "poverty_universe": 5543, "snap_households": 70, "snap_universe": 1927, "pct_low_access_half_mile": 98.87}}, {"type": "Feature", "geometry": {"type": "Point", "coordinates": [-97.7965969, 32.4577256]}, "properties": {"tract_geoid": "48221160100", "land_sqmi": 9.362, "population": 5712, "median_household_income": 66831.0, "poverty_count": 487, "poverty_universe": 5185, "snap_households": 95, "snap_universe": 1997, "pct_low_access_half_mile": 70.31}}, {"type": "Feature", "geometry": {"type": "Point", "coordinates": [-97.6636113, 32.4291676]}, "properties": {"tract_geoid": "48221160204", "land_sqmi": 39.782, "population": 3507, "median_household_income": 98676.0, "poverty_count": 118, "poverty_universe": 3507, "snap_households": 0, "snap_universe": 1344, "pct_low_access_half_mile": 76.14}}, {"type": "Feature", "geometry": {"type": "Point", "coordinates": [-97.7605886, 32.4327062]}, "properties": {"tract_geoid": "48221160206", "land_sqmi": 4.197, "population": 5021, "median_household_income": 62016.0, "poverty_count": 849, "poverty_universe": 4834, "snap_households": 69, "snap_universe": 2277, "pct_low_access_half_mile": 64.19}}, {"type": "Feature", "geometry": {"type": "Point", "coordinates": [-97.661862, 32.343805]}, "properties": {"tract_geoid": "48221160210", "land_sqmi": 19.057, "population": 6413, "median_household_income": 107771.0, "poverty_count": 218, "poverty_universe": 6413, "snap_households": 75, "snap_universe": 2725, "pct_low_access_half_mile": 99.83}}, {"type": "Feature", "geometry": {"type": "Point", "coordinates": [-97.7644593, 32.4080844]}, "properties": {"tract_geoid": "48221160211", "land_sqmi": 3.593, "population": 4019, "median_household_income": 76034.0, "poverty_count": 589, "poverty_universe": 4019, "snap_households": 127, "snap_universe": 1602, "pct_low_access_half_mile": 91.01}}, {"type": "Feature", "geometry": {"type": "Point", "coordinates": [-97.7289002, 32.3692452]}, "properties": {"tract_geoid": "48221160212", "land_sqmi": 21.521, "population": 3894, "median_household_income": 88750.0, "poverty_count": 110, "poverty_universe": 3894, "snap_households": 42, "snap_universe": 1343, "pct_low_access_half_mile": 79.5}}, {"type": "Feature", "geometry": {"type": "Point", "coordinates": [-97.6904779, 32.430856]}, "properties": {"tract_geoid": "48221160213", "land_sqmi": 1.94, "population": 3911, "median_household_income": 112543.0, "poverty_count": 141, "poverty_universe": 3911, "snap_households": 11, "snap_universe": 1760, "pct_low_access_half_mile": 87.55}}, {"type": "Feature", "geometry": {"type": "Point", "coordinates": [-97.7200165, 32.4238565]}, "properties": {"tract_geoid": "48221160214", "land_sqmi": 5.023, "population": 4391, "median_household_income": 104648.0, "poverty_count": 158, "poverty_universe": 4391, "snap_households": 131, "snap_universe": 1729, "pct_low_access_half_mile": 88.66}}, {"type": "Feature", "geometry": {"type": "Point", "coordinates": [-97.8298251, 32.4873487]}, "properties": {"tract_geoid": "48221160215", "land_sqmi": 2.891, "population": 3100, "median_household_income": 33580.0, "poverty_count": 578, "poverty_universe": 3100, "snap_households": 79, "snap_universe": 1434, "pct_low_access_half_mile": 94.02}}, {"type": "Feature", "geometry": {"type": "Point", "coordinates": [-97.8137826, 32.5241266]}, "properties": {"tract_geoid": "48221160216", "land_sqmi": 16.837, "population": 3166, "median_household_income": 99000.0, "poverty_count": 291, "poverty_universe": 3166, "snap_households": 23, "snap_universe": 1228, "pct_low_access_half_mile": 89.08}}, {"type": "Feature", "geometry": {"type": "Point", "coordinates": [-97.7045604, 32.5233007]}, "properties": {"tract_geoid": "48221160217", "land_sqmi": 39.271, "population": 5336, "median_household_income": 86731.0, "poverty_count": 441, "poverty_universe": 5336, "snap_households": 176, "snap_universe": 1808, "pct_low_access_half_mile": 97.41}}, {"type": "Feature", "geometry": {"type": "Point", "coordinates": [-97.7438702, 32.4595293]}, "properties": {"tract_geoid": "48221160218", "land_sqmi": 7.713, "population": 4517, "median_household_income": 126912.0, "poverty_count": 207, "poverty_universe": 4517, "snap_households": 35, "snap_universe": 1720, "pct_low_access_half_mile": 97.65}}, {"type": "Feature", "geometry": {"type": "Point", "coordinates": [-97.9494664, 32.4758742]}, "properties": {"tract_geoid": "48221160302", "land_sqmi": 140.876, "population": 5433, "median_household_income": 76352.0, "poverty_count": 700, "poverty_universe": 5410, "snap_households": 188, "snap_universe": 1775, "pct_low_access_half_mile": 88.34}}, {"type": "Feature", "geometry": {"type": "Point", "coordinates": [-97.8758475, 32.3356181]}, "properties": {"tract_geoid": "48221160303", "land_sqmi": 108.626, "population": 5778, "median_household_income": 78452.0, "poverty_count": 304, "poverty_universe": 5675, "snap_households": 113, "snap_universe": 2246, "pct_low_access_half_mile": 88.25}}, {"type": "Feature", "geometry": {"type": "Point", "coordinates": [-95.9453378, 33.3100983]}, "properties": {"tract_geoid": "48231960100", "land_sqmi": 100.055, "population": 3376, "median_household_income": 64688.0, "poverty_count": 569, "poverty_universe": 2959, "snap_households": 202, "snap_universe": 1027, "pct_low_access_half_mile": 89.11}}, {"type": "Feature", "geometry": {"type": "Point", "coordinates": [-96.0579081, 33.3496399]}, "properties": {"tract_geoid": "48231960200", "land_sqmi": 49.152, "population": 2400, "median_household_income": 70114.0, "poverty_count": 294, "poverty_universe": 2400, "snap_households": 96, "snap_universe": 868, "pct_low_access_half_mile": 74.07}}, {"type": "Feature", "geometry": {"type": "Point", "coordinates": [-96.2087079, 33.2859146]}, "properties": {"tract_geoid": "48231960300", "land_sqmi": 104.388, "population": 4565, "median_household_income": 69338.0, "poverty_count": 862, "poverty_universe": 4509, "snap_households": 266, "snap_universe": 1576, "pct_low_access_half_mile": 89.63}}, {"type": "Feature", "geometry": {"type": "Point", "coordinates": [-96.0936475, 33.1900457]}, "properties": {"tract_geoid": "48231960400", "land_sqmi": 92.461, "population": 5849, "median_household_income": 76304.0, "poverty_count": 670, "poverty_universe": 5849, "snap_households": 375, "snap_universe": 2118, "pct_low_access_half_mile": 88.15}}, {"type": "Feature", "geometry": {"type": "Point", "coordinates": [-95.8857214, 33.2440445]}, "properties": {"tract_geoid": "48231960500", "land_sqmi": 10.476, "population": 3968, "median_household_income": 60066.0, "poverty_count": 887, "poverty_universe": 3920, "snap_households": 268, "snap_universe": 1717, "pct_low_access_half_mile": 50.64}}, {"type": "Feature", "geometry": {"type": "Point", "coordinates": [-95.9058054, 33.2386233]}, "properties": {"tract_geoid": "48231960600", "land_sqmi": 1.22, "population": 4406, "median_household_income": 40603.0, "poverty_count": 851, "poverty_universe": 2684, "snap_households": 129, "snap_universe": 1135, "pct_low_access_half_mile": 26.6}}, {"type": "Feature", "geometry": {"type": "Point", "coordinates": [-95.9346065, 33.0825024]}, "properties": {"tract_geoid": "48231960700", "land_sqmi": 131.197, "population": 6059, "median_household_income": 76620.0, "poverty_count": 401, "poverty_universe": 6056, "snap_households": 294, "snap_universe": 2183, "pct_low_access_half_mile": 95.22}}, {"type": "Feature", "geometry": {"type": "Point", "coordinates": [-96.1417824, 33.151747]}, "properties": {"tract_geoid": "48231960800", "land_sqmi": 5.661, "population": 4192, "median_household_income": 51413.0, "poverty_count": 581, "poverty_universe": 4162, "snap_households": 199, "snap_universe": 1486, "pct_low_access_half_mile": 62.67}}, {"type": "Feature", "geometry": {"type": "Point", "coordinates": [-96.1239084, 33.1317636]}, "properties": {"tract_geoid": "48231960900", "land_sqmi": 2.06, "population": 5375, "median_household_income": 40668.0, "poverty_count": 699, "poverty_universe": 5200, "snap_households": 305, "snap_universe": 1979, "pct_low_access_half_mile": 26.59}}, {"type": "Feature", "geometry": {"type": "Point", "coordinates": [-96.0858691, 33.1330841]}, "properties": {"tract_geoid": "48231961000", "land_sqmi": 3.369, "population": 4624, "median_household_income": 63297.0, "poverty_count": 560, "poverty_universe": 4336, "snap_households": 250, "snap_universe": 1844, "pct_low_access_half_mile": 58.61}}, {"type": "Feature", "geometry": {"type": "Point", "coordinates": [-96.0862377, 33.0266851]}, "properties": {"tract_geoid": "48231961101", "land_sqmi": 20.116, "population": 5265, "median_household_income": 84974.0, "poverty_count": 302, "poverty_universe": 5172, "snap_households": 147, "snap_universe": 1832, "pct_low_access_half_mile": 98.52}}, {"type": "Feature", "geometry": {"type": "Point", "coordinates": [-96.0275588, 33.0556329]}, "properties": {"tract_geoid": "48231961102", "land_sqmi": 41.113, "population": 3398, "median_household_income": 93484.0, "poverty_count": 546, "poverty_universe": 3398, "snap_households": 48, "snap_universe": 1206, "pct_low_access_half_mile": 97.88}}, {"type": "Feature", "geometry": {"type": "Point", "coordinates": [-96.085059, 33.106992]}, "properties": {"tract_geoid": "48231961200", "land_sqmi": 4.894, "population": 6015, "median_household_income": 74286.0, "poverty_count": 946, "poverty_universe": 6015, "snap_households": 217, "snap_universe": 2330, "pct_low_access_half_mile": 65.24}}, {"type": "Feature", "geometry": {"type": "Point", "coordinates": [-96.1509124, 33.0667214]}, "properties": {"tract_geoid": "48231961300", "land_sqmi": 47.997, "population": 7923, "median_household_income": 73196.0, "poverty_count": 671, "poverty_universe": 7818, "snap_households": 544, "snap_universe": 2891, "pct_low_access_half_mile": 72.48}}, {"type": "Feature", "geometry": {"type": "Point", "coordinates": [-96.2314033, 33.0125884]}, "properties": {"tract_geoid": "48231961401", "land_sqmi": 29.703, "population": 7958, "median_household_income": 91134.0, "poverty_count": 568, "poverty_universe": 7954, "snap_households": 164, "snap_universe": 2557, "pct_low_access_half_mile": 99.05}}, {"type": "Feature", "geometry": {"type": "Point", "coordinates": [-96.2594176, 33.1159762]}, "properties": {"tract_geoid": "48231961402", "land_sqmi": 49.876, "population": 5546, "median_household_income": 97143.0, "poverty_count": 450, "poverty_universe": 5540, "snap_households": 101, "snap_universe": 1878, "pct_low_access_half_mile": 92.67}}, {"type": "Feature", "geometry": {"type": "Point", "coordinates": [-96.2276136, 32.8804409]}, "properties": {"tract_geoid": "48231961501", "land_sqmi": 39.636, "population": 3047, "median_household_income": 95662.0, "poverty_count": 140, "poverty_universe": 3047, "snap_households": 45, "snap_universe": 1224, "pct_low_access_half_mile": 99.37}}, {"type": "Feature", "geometry": {"type": "Point", "coordinates": [-96.2322016, 32.9514398]}, "properties": {"tract_geoid": "48231961502", "land_sqmi": 38.016, "population": 6561, "median_household_income": 94321.0, "poverty_count": 585, "poverty_universe": 6501, "snap_households": 157, "snap_universe": 2137, "pct_low_access_half_mile": 99.39}}, {"type": "Feature", "geometry": {"type": "Point", "coordinates": [-96.0958091, 32.9428217]}, "properties": {"tract_geoid": "48231961503", "land_sqmi": 36.153, "population": 5026, "median_household_income": 67857.0, "poverty_count": 824, "poverty_universe": 4958, "snap_households": 217, "snap_universe": 1752, "pct_low_access_half_mile": 86.24}}, {"type": "Feature", "geometry": {"type": "Point", "coordinates": [-96.0554212, 32.8962939]}, "properties": {"tract_geoid": "48231961600", "land_sqmi": 23.058, "population": 6523, "median_household_income": 56250.0, "poverty_count": 727, "poverty_universe": 6508, "snap_households": 466, "snap_universe": 2676, "pct_low_access_half_mile": 80.21}}, {"type": "Feature", "geometry": {"type": "Point", "coordinates": [-96.047179, 32.8463158]}, "properties": {"tract_geoid": "48231961700", "land_sqmi": 9.815, "population": 2841, "median_household_income": 48125.0, "poverty_count": 507, "poverty_universe": 2841, "snap_households": 274, "snap_universe": 1133, "pct_low_access_half_mile": 84.45}}, {"type": "Feature", "geometry": {"type": "Point", "coordinates": [-97.5498676, 32.4189861]}, "properties": {"tract_geoid": "48251130100", "land_sqmi": 134.33, "population": 8184, "median_household_income": 98188.0, "poverty_count": 509, "poverty_universe": 8178, "snap_households": 138, "snap_universe": 2802, "pct_low_access_half_mile": 85.73}}, {"type": "Feature", "geometry": {"type": "Point", "coordinates": [-97.3354608, 32.5487729]}, "properties": {"tract_geoid": "48251130205", "land_sqmi": 0.834, "population": 4530, "median_household_income": 71392.0, "poverty_count": 373, "poverty_universe": 4530, "snap_households": 178, "snap_universe": 1935, "pct_low_access_half_mile": 66.47}}, {"type": "Feature", "geometry": {"type": "Point", "coordinates": [-97.3377805, 32.4495084]}, "properties": {"tract_geoid": "48251130210", "land_sqmi": 13.127, "population": 6296, "median_household_income": 61372.0, "poverty_count": 442, "poverty_universe": 6296, "snap_households": 190, "snap_universe": 2236, "pct_low_access_half_mile": 84.13}}, {"type": "Feature", "geometry": {"type": "Point", "coordinates": [-97.3310615, 32.4778083]}, "properties": {"tract_geoid": "48251130211", "land_sqmi": 15.442, "population": 7031, "median_household_income": 110143.0, "poverty_count": 1292, "poverty_universe": 7031, "snap_households": 39, "snap_universe": 2352, "pct_low_access_half_mile": 81.58}}, {"type": "Feature", "geometry": {"type": "Point", "coordinates": [-97.4618843, 32.521689]}, "properties": {"tract_geoid": "48251130212", "land_sqmi": 21.028, "population": 5956, "median_household_income": 75438.0, "poverty_count": 756, "poverty_universe": 5940, "snap_households": 194, "snap_universe": 1809, "pct_low_access_half_mile": 93.78}}, {"type": "Feature", "geometry": {"type": "Point", "coordinates": [-97.4559116, 32.4608176]}, "properties": {"tract_geoid": "48251130213", "land_sqmi": 19.843, "population": 5611, "median_household_income": 60357.0, "poverty_count": 1070, "poverty_universe": 5559, "snap_households": 399, "snap_universe": 1806, "pct_low_access_half_mile": 98.52}}, {"type": "Feature", "geometry": {"type": "Point", "coordinates": [-97.3987732, 32.4805068]}, "properties": {"tract_geoid": "48251130214", "land_sqmi": 11.504, "population": 6623, "median_household_income": 78566.0, "poverty_count": 939, "poverty_universe": 6623, "snap_households": 198, "snap_universe": 2409, "pct_low_access_half_mile": 68.68}}, {"type": "Feature", "geometry": {"type": "Point", "coordinates": [-97.3902668, 32.5291038]}, "properties": {"tract_geoid": "48251130215", "land_sqmi": 13.034, "population": 6905, "median_household_income": 118958.0, "poverty_count": 186, "poverty_universe": 6874, "snap_households": 28, "snap_universe": 2410, "pct_low_access_half_mile": 78.47}}, {"type": "Feature", "geometry": {"type": "Point", "coordinates": [-97.3576721, 32.5471591]}, "properties": {"tract_geoid": "48251130216", "land_sqmi": 0.687, "population": 5593, "median_household_income": 101738.0, "poverty_count": 785, "poverty_universe": 5593, "snap_households": 67, "snap_universe": 1775, "pct_low_access_half_mile": 66.13}}, {"type": "Feature", "geometry": {"type": "Point", "coordinates": [-97.3506101, 32.5380544]}, "properties": {"tract_geoid": "48251130217", "land_sqmi": 0.628, "population": 2708, "median_household_income": 74403.0, "poverty_count": 84, "poverty_universe": 2708, "snap_households": 53, "snap_universe": 1014, "pct_low_access_half_mile": 77.0}}, {"type": "Feature", "geometry": {"type": "Point", "coordinates": [-97.3376513, 32.543458]}, "properties": {"tract_geoid": "48251130218", "land_sqmi": 0.834, "population": 3715, "median_household_income": 74623.0, "poverty_count": 459, "poverty_universe": 3715, "snap_households": 39, "snap_universe": 1266, "pct_low_access_half_mile": 47.47}}, {"type": "Feature", "geometry": {"type": "Point", "coordinates": [-97.2965435, 32.4874965]}, "properties": {"tract_geoid": "48251130219", "land_sqmi": 5.172, "population": 3046, "median_household_income": 89290.0, "poverty_count": 122, "poverty_universe": 3039, "snap_households": 11, "snap_universe": 1133, "pct_low_access_half_mile": 99.93}}, {"type": "Feature", "geometry": {"type": "Point", "coordinates": [-97.3006573, 32.5310903]}, "properties": {"tract_geoid": "48251130220", "land_sqmi": 5.22, "population": 5713, "median_household_income": 110651.0, "poverty_count": 681, "poverty_universe": 5713, "snap_households": 17, "snap_universe": 2187, "pct_low_access_half_mile": 71.66}}, {"type": "Feature", "geometry": {"type": "Point", "coordinates": [-97.3284941, 32.5196028]}, "properties": {"tract_geoid": "48251130221", "land_sqmi": 1.906, "population": 4019, "median_household_income": 80346.0, "poverty_count": 166, "poverty_universe": 4019, "snap_households": 149, "snap_universe": 1169, "pct_low_access_half_mile": 78.48}}, {"type": "Feature", "geometry": {"type": "Point", "coordinates": [-97.323783, 32.532394]}, "properties": {"tract_geoid": "48251130222", "land_sqmi": 1.41, "population": 3309, "median_household_income": 82253.0, "poverty_count": 59, "poverty_universe": 3247, "snap_households": 45, "snap_universe": 1265, "pct_low_access_half_mile": 78.93}}, {"type": "Feature", "geometry": {"type": "Point", "coordinates": [-97.4287592, 32.3900566]}, "properties": {"tract_geoid": "48251130302", "land_sqmi": 27.021, "population": 5829, "median_household_income": 60855.0, "poverty_count": 939, "poverty_universe": 5525, "snap_households": 249, "snap_universe": 2146, "pct_low_access_half_mile": 61.39}}, {"type": "Feature", "geometry": {"type": "Point", "coordinates": [-97.324656, 32.3664346]}, "properties": {"tract_geoid": "48251130303", "land_sqmi": 11.288, "population": 4517, "median_household_income": 51922.0, "poverty_count": 555, "poverty_universe": 4412, "snap_households": 174, "snap_universe": 1671, "pct_low_access_half_mile": 89.03}}, {"type": "Feature", "geometry": {"type": "Point", "coordinates": [-97.3557201, 32.4022189]}, "properties": {"tract_geoid": "48251130304", "land_sqmi": 11.07, "population": 5959, "median_household_income": 81528.0, "poverty_count": 730, "poverty_universe": 5499, "snap_households": 114, "snap_universe": 1933, "pct_low_access_half_mile": 71.86}}, {"type": "Feature", "geometry": {"type": "Point", "coordinates": [-97.2309775, 32.5287385]}, "properties": {"tract_geoid": "48251130405", "land_sqmi": 16.576, "population": 6986, "median_household_income": 109917.0, "poverty_count": 551, "poverty_universe": 6986, "snap_households": 0, "snap_universe": 2323, "pct_low_access_half_mile": 95.55}}, {"type": "Feature", "geometry": {"type": "Point", "coordinates": [-97.244775, 32.4940175]}, "properties": {"tract_geoid": "48251130406", "land_sqmi": 14.018, "population": 5736, "median_household_income": 101676.0, "poverty_count": 180, "poverty_universe": 5729, "snap_households": 53, "snap_universe": 2007, "pct_low_access_half_mile": 94.93}}, {"type": "Feature", "geometry": {"type": "Point", "coordinates": [-97.1706344, 32.4840951]}, "properties": {"tract_geoid": "48251130411", "land_sqmi": 6.992, "population": 4082, "median_household_income": 66071.0, "poverty_count": 1003, "poverty_universe": 4082, "snap_households": 149, "snap_universe": 1044, "pct_low_access_half_mile": 87.39}}, {"type": "Feature", "geometry": {"type": "Point", "coordinates": [-97.121339, 32.4716314]}, "properties": {"tract_geoid": "48251130412", "land_sqmi": 21.969, "population": 6623, "median_household_income": 106750.0, "poverty_count": 443, "poverty_universe": 6593, "snap_households": 181, "snap_universe": 2014, "pct_low_access_half_mile": 90.19}}, {"type": "Feature", "geometry": {"type": "Point", "coordinates": [-97.1210975, 32.3848501]}, "properties": {"tract_geoid": "48251130413", "land_sqmi": 22.322, "population": 4316, "median_household_income": 64545.0, "poverty_count": 733, "poverty_universe": 3307, "snap_households": 164, "snap_universe": 1028, "pct_low_access_half_mile": 72.87}}, {"type": "Feature", "geometry": {"type": "Point", "coordinates": [-97.2576778, 32.3555761]}, "properties": {"tract_geoid": "48251130414", "land_sqmi": 17.4, "population": 3046, "median_household_income": 82344.0, "poverty_count": 654, "poverty_universe": 3046, "snap_households": 126, "snap_universe": 951, "pct_low_access_half_mile": 100.0}}, {"type": "Feature", "geometry": {"type": "Point", "coordinates": [-97.2652406, 32.4183041]}, "properties": {"tract_geoid": "48251130415", "land_sqmi": 18.574, "population": 3618, "median_household_income": 69048.0, "poverty_count": 571, "poverty_universe": 3519, "snap_households": 129, "snap_universe": 1206, "pct_low_access_half_mile": 83.25}}, {"type": "Feature", "geometry": {"type": "Point", "coordinates": [-97.2208596, 32.4513761]}, "properties": {"tract_geoid": "48251130416", "land_sqmi": 13.462, "population": 3216, "median_household_income": 65840.0, "poverty_count": 439, "poverty_universe": 3216, "snap_households": 44, "snap_universe": 967, "pct_low_access_half_mile": 92.05}}, {"type": "Feature", "geometry": {"type": "Point", "coordinates": [-97.1806988, 32.3944497]}, "properties": {"tract_geoid": "48251130417", "land_sqmi": 21.297, "population": 5304, "median_household_income": 88963.0, "poverty_count": 458, "poverty_universe": 5158, "snap_households": 143, "snap_universe": 1622, "pct_low_access_half_mile": 84.72}}, {"type": "Feature", "geometry": {"type": "Point", "coordinates": [-97.1013462, 32.5411558]}, "properties": {"tract_geoid": "48251130418", "land_sqmi": 2.151, "population": 3046, "median_household_income": 150994.0, "poverty_count": 26, "poverty_universe": 3046, "snap_households": 28, "snap_universe": 869, "pct_low_access_half_mile": 95.11}}, {"type": "Feature", "geometry": {"type": "Point", "coordinates": [-97.1453784, 32.5249601]}, "properties": {"tract_geoid": "48251130419", "land_sqmi": 12.986, "population": 2803, "median_household_income": 113739.0, "poverty_count": 29, "poverty_universe": 2665, "snap_households": 56, "snap_universe": 946, "pct_low_access_half_mile": 87.9}}, {"type": "Feature", "geometry": {"type": "Point", "coordinates": [-97.1773402, 32.31201]}, "properties": {"tract_geoid": "48251130501", "land_sqmi": 55.674, "population": 4167, "median_household_income": 93034.0, "poverty_count": 172, "poverty_universe": 4167, "snap_households": 32, "snap_universe": 1490, "pct_low_access_half_mile": 85.61}}, {"type": "Feature", "geometry": {"type": "Point", "coordinates": [-97.2760699, 32.2591896]}, "properties": {"tract_geoid": "48251130502", "land_sqmi": 43.779, "population": 4410, "median_household_income": 76502.0, "poverty_count": 462, "poverty_universe": 4334, "snap_households": 106, "snap_universe": 1393, "pct_low_access_half_mile": 89.83}}, {"type": "Feature", "geometry": {"type": "Point", "coordinates": [-97.5251298, 32.2508168]}, "properties": {"tract_geoid": "48251130602", "land_sqmi": 61.099, "population": 3545, "median_household_income": 110052.0, "poverty_count": 162, "poverty_universe": 3545, "snap_households": 119, "snap_universe": 1168, "pct_low_access_half_mile": 91.5}}, {"type": "Feature", "geometry": {"type": "Point", "coordinates": [-97.3509889, 32.2818731]}, "properties": {"tract_geoid": "48251130603", "land_sqmi": 32.174, "population": 6026, "median_household_income": 55878.0, "poverty_count": 923, "poverty_universe": 6022, "snap_households": 145, "snap_universe": 1941, "pct_low_access_half_mile": 88.22}}, {"type": "Feature", "geometry": {"type": "Point", "coordinates": [-97.4670791, 32.2201683]}, "properties": {"tract_geoid": "48251130604", "land_sqmi": 60.594, "population": 2882, "median_household_income": 85509.0, "poverty_count": 174, "poverty_universe": 2882, "snap_households": 16, "snap_universe": 1234, "pct_low_access_half_mile": 88.99}}, {"type": "Feature", "geometry": {"type": "Point", "coordinates": [-97.4036242, 32.3587783]}, "properties": {"tract_geoid": "48251130700", "land_sqmi": 1.064, "population": 4485, "median_household_income": 70142.0, "poverty_count": 576, "poverty_universe": 4485, "snap_households": 96, "snap_universe": 1575, "pct_low_access_half_mile": 21.54}}, {"type": "Feature", "geometry": {"type": "Point", "coordinates": [-97.3900698, 32.3658084]}, "properties": {"tract_geoid": "48251130800", "land_sqmi": 1.907, "population": 4804, "median_household_income": 53159.0, "poverty_count": 798, "poverty_universe": 4257, "snap_households": 253, "snap_universe": 1317, "pct_low_access_half_mile": 14.63}}, {"type": "Feature", "geometry": {"type": "Point", "coordinates": [-97.3741634, 32.3623858]}, "properties": {"tract_geoid": "48251130900", "land_sqmi": 3.15, "population": 2884, "median_household_income": 47262.0, "poverty_count": 503, "poverty_universe": 2884, "snap_households": 157, "snap_universe": 996, "pct_low_access_half_mile": 71.59}}, {"type": "Feature", "geometry": {"type": "Point", "coordinates": [-97.3998227, 32.3307588]}, "properties": {"tract_geoid": "48251131000", "land_sqmi": 1.677, "population": 5048, "median_household_income": 89519.0, "poverty_count": 306, "poverty_universe": 5036, "snap_households": 62, "snap_universe": 1841, "pct_low_access_half_mile": 83.38}}, {"type": "Feature", "geometry": {"type": "Point", "coordinates": [-97.4026571, 32.3439099]}, "properties": {"tract_geoid": "48251131100", "land_sqmi": 1.538, "population": 6249, "median_household_income": 63886.0, "poverty_count": 623, "poverty_universe": 6249, "snap_households": 248, "snap_universe": 2227, "pct_low_access_half_mile": 11.45}}, {"type": "Feature", "geometry": {"type": "Point", "coordinates": [-96.3936861, 32.750194]}, "properties": {"tract_geoid": "48257050204", "land_sqmi": 9.789, "population": 10851, "median_household_income": 78764.0, "poverty_count": 1722, "poverty_universe": 10826, "snap_households": 309, "snap_universe": 3338, "pct_low_access_half_mile": 98.76}}, {"type": "Feature", "geometry": {"type": "Point", "coordinates": [-96.4805358, 32.8019532]}, "properties": {"tract_geoid": "48257050207", "land_sqmi": 1.967, "population": 11496, "median_household_income": 78566.0, "poverty_count": 867, "poverty_universe": 11447, "snap_households": 372, "snap_universe": 3483, "pct_low_access_half_mile": 61.38}}, {"type": "Feature", "geometry": {"type": "Point", "coordinates": [-96.500077, 32.7600315]}, "properties": {"tract_geoid": "48257050208", "land_sqmi": 16.872, "population": 5815, "median_household_income": 76151.0, "poverty_count": 601, "poverty_universe": 5815, "snap_households": 277, "snap_universe": 1761, "pct_low_access_half_mile": 79.47}}, {"type": "Feature", "geometry": {"type": "Point", "coordinates": [-96.4379733, 32.7681314]}, "properties": {"tract_geoid": "48257050209", "land_sqmi": 4.285, "population": 12036, "median_household_income": 104354.0, "poverty_count": 1058, "poverty_universe": 11955, "snap_households": 314, "snap_universe": 3989, "pct_low_access_half_mile": 73.29}}, {"type": "Feature", "geometry": {"type": "Point", "coordinates": [-96.4370896, 32.789169]}, "properties": {"tract_geoid": "48257050210", "land_sqmi": 11.794, "population": 1939, "median_household_income": 109950.0, "poverty_count": 90, "poverty_universe": 1939, "snap_households": 0, "snap_universe": 631, "pct_low_access_half_mile": 95.33}}, {"type": "Feature", "geometry": {"type": "Point", "coordinates": [-96.4557617, 32.6721605]}, "properties": {"tract_geoid": "48257050211", "land_sqmi": 10.123, "population": 12287, "median_household_income": 90769.0, "poverty_count": 956, "poverty_universe": 12228, "snap_households": 373, "snap_universe": 3424, "pct_low_access_half_mile": 46.41}}, {"type": "Feature", "geometry": {"type": "Point", "coordinates": [-96.3976648, 32.7016529]}, "properties": {"tract_geoid": "48257050212", "land_sqmi": 9.987, "population": 5033, "median_household_income": 142917.0, "poverty_count": 111, "poverty_universe": 5028, "snap_households": 15, "snap_universe": 1523, "pct_low_access_half_mile": 91.81}}, {"type": "Feature", "geometry": {"type": "Point", "coordinates": [-96.4229509, 32.7246461]}, "properties": {"tract_geoid": "48257050213", "land_sqmi": 7.239, "population": 6446, "median_household_income": 147587.0, "poverty_count": 177, "poverty_universe": 6446, "snap_households": 77, "snap_universe": 1952, "pct_low_access_half_mile": 76.83}}, {"type": "Feature", "geometry": {"type": "Point", "coordinates": [-96.4623792, 32.7426404]}, "properties": {"tract_geoid": "48257050214", "land_sqmi": 1.556, "population": 3276, "median_household_income": 72041.0, "poverty_count": 109, "poverty_universe": 3276, "snap_households": 210, "snap_universe": 1078, "pct_low_access_half_mile": 88.13}}, {"type": "Feature", "geometry": {"type": "Point", "coordinates": [-96.4851299, 32.6923619]}, "properties": {"tract_geoid": "48257050215", "land_sqmi": 15.366, "population": 8768, "median_household_income": 153705.0, "poverty_count": 297, "poverty_universe": 8768, "snap_households": 83, "snap_universe": 2483, "pct_low_access_half_mile": 92.95}}, {"type": "Feature", "geometry": {"type": "Point", "coordinates": [-96.311757, 32.7477676]}, "properties": {"tract_geoid": "48257050300", "land_sqmi": 5.024, "population": 4253, "median_household_income": 64703.0, "poverty_count": 564, "poverty_universe": 4175, "snap_households": 318, "snap_universe": 1336, "pct_low_access_half_mile": 60.65}}, {"type": "Feature", "geometry": {"type": "Point", "coordinates": [-96.2546127, 32.7430666]}, "properties": {"tract_geoid": "48257050401", "land_sqmi": 3.446, "population": 2977, "median_household_income": 47490.0, "poverty_count": 294, "poverty_universe": 2784, "snap_households": 74, "snap_universe": 921, "pct_low_access_half_mile": 36.52}}, {"type": "Feature", "geometry": {"type": "Point", "coordinates": [-96.2791623, 32.7717339]}, "properties": {"tract_geoid": "48257050402", "land_sqmi": 6.872, "population": 5860, "median_household_income": 76875.0, "poverty_count": 1170, "poverty_universe": 5860, "snap_households": 61, "snap_universe": 1751, "pct_low_access_half_mile": 75.51}}, {"type": "Feature", "geometry": {"type": "Point", "coordinates": [-96.2916586, 32.7232192]}, "properties": {"tract_geoid": "48257050500", "land_sqmi": 8.058, "population": 5600, "median_household_income": 49231.0, "poverty_count": 1064, "poverty_universe": 5296, "snap_households": 217, "snap_universe": 1890, "pct_low_access_half_mile": 73.68}}, {"type": "Feature", "geometry": {"type": "Point", "coordinates": [-96.2533895, 32.8071043]}, "properties": {"tract_geoid": "48257050601", "land_sqmi": 57.956, "population": 3914, "median_household_income": 103409.0, "poverty_count": 293, "poverty_universe": 3910, "snap_households": 50, "snap_universe": 1196, "pct_low_access_half_mile": 100.0}}, {"type": "Feature", "geometry": {"type": "Point", "coordinates": [-96.1442759, 32.7368722]}, "properties": {"tract_geoid": "48257050602", "land_sqmi": 85.802, "population": 4644, "median_household_income": 83532.0, "poverty_count": 141, "poverty_universe": 4644, "snap_households": 78, "snap_universe": 1627, "pct_low_access_half_mile": 92.11}}, {"type": "Feature", "geometry": {"type": "Point", "coordinates": [-96.3400143, 32.6447786]}, "properties": {"tract_geoid": "48257050701", "land_sqmi": 59.49, "population": 5153, "median_household_income": 115150.0, "poverty_count": 458, "poverty_universe": 4977, "snap_households": 78, "snap_universe": 1621, "pct_low_access_half_mile": 97.56}}, {"type": "Feature", "geometry": {"type": "Point", "coordinates": [-96.1595732, 32.5591152]}, "properties": {"tract_geoid": "48257050703", "land_sqmi": 55.46, "population": 3855, "median_household_income": 78470.0, "poverty_count": 519, "poverty_universe": 3855, "snap_households": 124, "snap_universe": 1273, "pct_low_access_half_mile": 95.64}}, {"type": "Feature", "geometry": {"type": "Point", "coordinates": [-96.1703456, 32.6403494]}, "properties": {"tract_geoid": "48257050704", "land_sqmi": 60.699, "population": 6831, "median_household_income": 59041.0, "poverty_count": 952, "poverty_universe": 6824, "snap_households": 426, "snap_universe": 2011, "pct_low_access_half_mile": 100.0}}, {"type": "Feature", "geometry": {"type": "Point", "coordinates": [-96.3926435, 32.5809271]}, "properties": {"tract_geoid": "48257050801", "land_sqmi": 23.435, "population": 4226, "median_household_income": 95000.0, "poverty_count": 299, "poverty_universe": 4226, "snap_households": 52, "snap_universe": 1306, "pct_low_access_half_mile": 92.78}}, {"type": "Feature", "geometry": {"type": "Point", "coordinates": [-96.4622484, 32.5546916]}, "properties": {"tract_geoid": "48257050802", "land_sqmi": 77.404, "population": 8358, "median_household_income": 116485.0, "poverty_count": 807, "poverty_universe": 8356, "snap_households": 141, "snap_universe": 2493, "pct_low_access_half_mile": 85.17}}, {"type": "Feature", "geometry": {"type": "Point", "coordinates": [-96.2983642, 32.6007095]}, "properties": {"tract_geoid": "48257051000", "land_sqmi": 3.292, "population": 1296, "median_household_income": 49469.0, "poverty_count": 200, "poverty_universe": 1222, "snap_households": 42, "snap_universe": 395, "pct_low_access_half_mile": 22.17}}, {"type": "Feature", "geometry": {"type": "Point", "coordinates": [-96.3058284, 32.5754084]}, "properties": {"tract_geoid": "48257051100", "land_sqmi": 9.186, "population": 6171, "median_household_income": 61111.0, "poverty_count": 889, "poverty_universe": 6101, "snap_households": 305, "snap_universe": 1928, "pct_low_access_half_mile": 53.23}}, {"type": "Feature", "geometry": {"type": "Point", "coordinates": [-96.2026436, 32.4817043]}, "properties": {"tract_geoid": "48257051201", "land_sqmi": 79.823, "population": 3734, "median_household_income": 66923.0, "poverty_count": 475, "poverty_universe": 3309, "snap_households": 79, "snap_universe": 1044, "pct_low_access_half_mile": 100.0}}, {"type": "Feature", "geometry": {"type": "Point", "coordinates": [-96.3537943, 32.4689949]}, "properties": {"tract_geoid": "48257051202", "land_sqmi": 73.324, "population": 5874, "median_household_income": 93750.0, "poverty_count": 356, "poverty_universe": 5849, "snap_households": 255, "snap_universe": 1860, "pct_low_access_half_mile": 90.53}}, {"type": "Feature", "geometry": {"type": "Point", "coordinates": [-96.1657746, 32.4136672]}, "properties": {"tract_geoid": "48257051301", "land_sqmi": 39.648, "population": 6811, "median_household_income": 69515.0, "poverty_count": 531, "poverty_universe": 6660, "snap_households": 287, "snap_universe": 2409, "pct_low_access_half_mile": 71.99}}, {"type": "Feature", "geometry": {"type": "Point", "coordinates": [-96.3300516, 32.3917126]}, "properties": {"tract_geoid": "48257051302", "land_sqmi": 42.886, "population": 3214, "median_household_income": 69167.0, "poverty_count": 419, "poverty_universe": 3214, "snap_households": 149, "snap_universe": 980, "pct_low_access_half_mile": 99.53}}, {"type": "Feature", "geometry": {"type": "Point", "coordinates": [-97.7557327, 32.7538197]}, "properties": {"tract_geoid": "48367140101", "land_sqmi": 3.522, "population": 6125, "median_household_income": 71769.0, "poverty_count": 1246, "poverty_universe": 5896, "snap_households": 166, "snap_universe": 2044, "pct_low_access_half_mile": 68.47}}, {"type": "Feature", "geometry": {"type": "Point", "coordinates": [-97.7854221, 32.7729795]}, "properties": {"tract_geoid": "48367140102", "land_sqmi": 4.41, "population": 4943, "median_household_income": 55682.0, "poverty_count": 749, "poverty_universe": 4393, "snap_households": 181, "snap_universe": 1874, "pct_low_access_half_mile": 48.28}}, {"type": "Feature", "geometry": {"type": "Point", "coordinates": [-97.8005426, 32.7432336]}, "properties": {"tract_geoid": "48367140201", "land_sqmi": 2.03, "population": 2790, "median_household_income": 41803.0, "poverty_count": 552, "poverty_universe": 2702, "snap_households": 129, "snap_universe": 1282, "pct_low_access_half_mile": 15.41}}, {"type": "Feature", "geometry": {"type": "Point", "coordinates": [-97.7804944, 32.7426077]}, "properties": {"tract_geoid": "48367140202", "land_sqmi": 2.383, "population": 3760, "median_household_income": 49125.0, "poverty_count": 336, "poverty_universe": 3042, "snap_households": 94, "snap_universe": 1818, "pct_low_access_half_mile": 47.58}}, {"type": "Feature", "geometry": {"type": "Point", "coordinates": [-97.8275885, 32.7527761]}, "properties": {"tract_geoid": "48367140300", "land_sqmi": 7.18, "population": 7365, "median_household_income": 91969.0, "poverty_count": 357, "poverty_universe": 7279, "snap_households": 218, "snap_universe": 2414, "pct_low_access_half_mile": 55.88}}, {"type": "Feature", "geometry": {"type": "Point", "coordinates": [-97.6737994, 32.9753319]}, "properties": {"tract_geoid": "48367140403", "land_sqmi": 22.801, "population": 9211, "median_household_income": 97734.0, "poverty_count": 596, "poverty_universe": 9206, "snap_households": 239, "snap_universe": 2934, "pct_low_access_half_mile": 76.85}}, {"type": "Feature", "geometry": {"type": "Point", "coordinates": [-97.5932192, 32.8909122]}, "properties": {"tract_geoid": "48367140408", "land_sqmi": 14.54, "population": 6241, "median_household_income": 103468.0, "poverty_count": 335, "poverty_universe": 6149, "snap_households": 54, "snap_universe": 2106, "pct_low_access_half_mile": 94.71}}, {"type": "Feature", "geometry": {"type": "Point", "coordinates": [-97.6374712, 32.9135805]}, "properties": {"tract_geoid": "48367140409", "land_sqmi": 6.245, "population": 4073, "median_household_income": 86033.0, "poverty_count": 445, "poverty_universe": 4025, "snap_households": 160, "snap_universe": 1282, "pct_low_access_half_mile": 97.73}}, {"type": "Feature", "geometry": {"type": "Point", "coordinates": [-97.7536003, 32.9403796]}, "properties": {"tract_geoid": "48367140410", "land_sqmi": 30.322, "population": 4786, "median_household_income": 110000.0, "poverty_count": 273, "poverty_universe": 4786, "snap_households": 111, "snap_universe": 1398, "pct_low_access_half_mile": 93.33}}, {"type": "Feature", "geometry": {"type": "Point", "coordinates": [-97.7127204, 32.8687769]}, "properties": {"tract_geoid": "48367140411", "land_sqmi": 31.493, "population": 5486, "median_household_income": 110417.0, "poverty_count": 436, "poverty_universe": 5486, "snap_households": 85, "snap_universe": 1912, "pct_low_access_half_mile": 96.42}}, {"type": "Feature", "geometry": {"type": "Point", "coordinates": [-97.5854205, 32.9296887]}, "properties": {"tract_geoid": "48367140412", "land_sqmi": 10.381, "population": 4546, "median_household_income": 86875.0, "poverty_count": 711, "poverty_universe": 4533, "snap_households": 258, "snap_universe": 1462, "pct_low_access_half_mile": 75.63}}, {"type": "Feature", "geometry": {"type": "Point", "coordinates": [-97.5796685, 32.9724391]}, "properties": {"tract_geoid": "48367140413", "land_sqmi": 13.555, "population": 3434, "median_household_income": 82903.0, "poverty_count": 411, "poverty_universe": 3434, "snap_households": 118, "snap_universe": 1307, "pct_low_access_half_mile": 92.43}}, {"type": "Feature", "geometry": {"type": "Point", "coordinates": [-97.5848971, 32.8471099]}, "properties": {"tract_geoid": "48367140414", "land_sqmi": 10.954, "population": 3430, "median_household_income": 140179.0, "poverty_count": 43, "poverty_universe": 3430, "snap_households": 0, "snap_universe": 1091, "pct_low_access_half_mile": 96.54}}, {"type": "Feature", "geometry": {"type": "Point", "coordinates": [-97.6727429, 32.8459853]}, "properties": {"tract_geoid": "48367140415", "land_sqmi": 30.85, "population": 3863, "median_household_income": 106106.0, "poverty_count": 360, "poverty_universe": 3863, "snap_households": 102, "snap_universe": 1393, "pct_low_access_half_mile": 98.57}}, {"type": "Feature", "geometry": {"type": "Point", "coordinates": [-97.620536, 32.8038967]}, "properties": {"tract_geoid": "48367140416", "land_sqmi": 24.863, "population": 4552, "median_household_income": 115174.0, "poverty_count": 66, "poverty_universe": 4552, "snap_households": 0, "snap_universe": 1687, "pct_low_access_half_mile": 94.97}}, {"type": "Feature", "geometry": {"type": "Point", "coordinates": [-97.9705401, 32.8845659]}, "properties": {"tract_geoid": "48367140502", "land_sqmi": 133.529, "population": 6478, "median_household_income": 113438.0, "poverty_count": 439, "poverty_universe": 6424, "snap_households": 23, "snap_universe": 2238, "pct_low_access_half_mile": 94.84}}, {"type": "Feature", "geometry": {"type": "Point", "coordinates": [-97.8144014, 32.8703744]}, "properties": {"tract_geoid": "48367140503", "land_sqmi": 41.264, "population": 5628, "median_household_income": 105855.0, "poverty_count": 350, "poverty_universe": 5589, "snap_households": 129, "snap_universe": 1808, "pct_low_access_half_mile": 95.06}}, {"type": "Feature", "geometry": {"type": "Point", "coordinates": [-97.8618019, 32.9369928]}, "properties": {"tract_geoid": "48367140504", "land_sqmi": 64.448, "population": 3771, "median_household_income": 69620.0, "poverty_count": 461, "poverty_universe": 3750, "snap_households": 44, "snap_universe": 1351, "pct_low_access_half_mile": 93.82}}, {"type": "Feature", "geometry": {"type": "Point", "coordinates": [-97.9539526, 32.7207355]}, "properties": {"tract_geoid": "48367140601", "land_sqmi": 108.66, "population": 10984, "median_household_income": 112255.0, "poverty_count": 749, "poverty_universe": 10970, "snap_households": 217, "snap_universe": 3285, "pct_low_access_half_mile": 93.4}}, {"type": "Feature", "geometry": {"type": "Point", "coordinates": [-97.9195618, 32.6191746]}, "properties": {"tract_geoid": "48367140603", "land_sqmi": 121.642, "population": 10071, "median_household_income": 92028.0, "poverty_count": 816, "poverty_universe": 10071, "snap_households": 44, "snap_universe": 3453, "pct_low_access_half_mile": 95.55}}, {"type": "Feature", "geometry": {"type": "Point", "coordinates": [-97.7601217, 32.6044075]}, "properties": {"tract_geoid": "48367140604", "land_sqmi": 55.922, "population": 4447, "median_household_income": 69423.0, "poverty_count": 530, "poverty_universe": 4447, "snap_households": 81, "snap_universe": 1674, "pct_low_access_half_mile": 99.24}}, {"type": "Feature", "geometry": {"type": "Point", "coordinates": [-97.6298495, 32.7124269]}, "properties": {"tract_geoid": "48367140707", "land_sqmi": 9.428, "population": 4102, "median_household_income": 171237.0, "poverty_count": 137, "poverty_universe": 4102, "snap_households": 4, "snap_universe": 1311, "pct_low_access_half_mile": 92.71}}, {"type": "Feature", "geometry": {"type": "Point", "coordinates": [-97.7285047, 32.7284365]}, "properties": {"tract_geoid": "48367140708", "land_sqmi": 10.243, "population": 5181, "median_household_income": 162708.0, "poverty_count": 134, "poverty_universe": 5170, "snap_households": 79, "snap_universe": 2043, "pct_low_access_half_mile": 76.68}}, {"type": "Feature", "geometry": {"type": "Point", "coordinates": [-97.6622429, 32.6882337]}, "properties": {"tract_geoid": "48367140709", "land_sqmi": 11.644, "population": 6757, "median_household_income": 163003.0, "poverty_count": 109, "poverty_universe": 6717, "snap_households": 5, "snap_universe": 1957, "pct_low_access_half_mile": 94.98}}, {"type": "Feature", "geometry": {"type": "Point", "coordinates": [-97.6644627, 32.6361194]}, "properties": {"tract_geoid": "48367140710", "land_sqmi": 65.911, "population": 4367, "median_household_income": 171875.0, "poverty_count": 125, "poverty_universe": 4367, "snap_households": 55, "snap_universe": 1449, "pct_low_access_half_mile": 96.67}}, {"type": "Feature", "geometry": {"type": "Point", "coordinates": [-97.6983371, 32.767402]}, "properties": {"tract_geoid": "48367140711", "land_sqmi": 8.936, "population": 6531, "median_household_income": 115167.0, "poverty_count": 516, "poverty_universe": 6461, "snap_households": 38, "snap_universe": 2532, "pct_low_access_half_mile": 79.6}}, {"type": "Feature", "geometry": {"type": "Point", "coordinates": [-97.6976798, 32.7447833]}, "properties": {"tract_geoid": "48367140712", "land_sqmi": 3.447, "population": 2283, "median_household_income": 115099.0, "poverty_count": 57, "poverty_universe": 2283, "snap_households": 43, "snap_universe": 821, "pct_low_access_half_mile": 89.67}}, {"type": "Feature", "geometry": {"type": "Point", "coordinates": [-97.5771675, 32.6715945]}, "properties": {"tract_geoid": "48367140713", "land_sqmi": 37.48, "population": 6779, "median_household_income": 167485.0, "poverty_count": 235, "poverty_universe": 6779, "snap_households": 3, "snap_universe": 2151, "pct_low_access_half_mile": 100.0}}, {"type": "Feature", "geometry": {"type": "Point", "coordinates": [-97.6293025, 32.7517407]}, "properties": {"tract_geoid": "48367140714", "land_sqmi": 15.637, "population": 6095, "median_household_income": 112584.0, "poverty_count": 548, "poverty_universe": 6033, "snap_households": 28, "snap_universe": 2160, "pct_low_access_half_mile": 95.18}}, {"type": "Feature", "geometry": {"type": "Point", "coordinates": [-96.4805699, 32.940187]}, "properties": {"tract_geoid": "48397040101", "land_sqmi": 2.112, "population": 8053, "median_household_income": 152981.0, "poverty_count": 63, "poverty_universe": 8053, "snap_households": 40, "snap_universe": 2775, "pct_low_access_half_mile": 78.9}}, {"type": "Feature", "geometry": {"type": "Point", "coordinates": [-96.4749934, 32.968217]}, "properties": {"tract_geoid": "48397040103", "land_sqmi": 1.894, "population": 3888, "median_household_income": 149018.0, "poverty_count": 157, "poverty_universe": 3888, "snap_households": 0, "snap_universe": 1325, "pct_low_access_half_mile": 85.21}}, {"type": "Feature", "geometry": {"type": "Point", "coordinates": [-96.5106921, 32.9671626]}, "properties": {"tract_geoid": "48397040104", "land_sqmi": 1.405, "population": 3410, "median_household_income": 118287.0, "poverty_count": 180, "poverty_universe": 3410, "snap_households": 0, "snap_universe": 1171, "pct_low_access_half_mile": 90.03}}, {"type": "Feature", "geometry": {"type": "Point", "coordinates": [-96.4312346, 32.9533365]}, "properties": {"tract_geoid": "48397040201", "land_sqmi": 3.205, "population": 1344, "median_household_income": 117813.0, "poverty_count": 9, "poverty_universe": 1344, "snap_households": 0, "snap_universe": 536, "pct_low_access_half_mile": 100.0}}, {"type": "Feature", "geometry": {"type": "Point", "coordinates": [-96.4526116, 32.9488292]}, "properties": {"tract_geoid": "48397040202", "land_sqmi": 1.96, "population": 5710, "median_household_income": 147589.0, "poverty_count": 99, "poverty_universe": 5710, "snap_households": 65, "snap_universe": 1785, "pct_low_access_half_mile": 75.86}}, {"type": "Feature", "geometry": {"type": "Point", "coordinates": [-96.4528516, 32.9752222]}, "properties": {"tract_geoid": "48397040203", "land_sqmi": 1.953, "population": 2349, "median_household_income": 140781.0, "poverty_count": 72, "poverty_universe": 2349, "snap_households": 36, "snap_universe": 783, "pct_low_access_half_mile": 89.7}}, {"type": "Feature", "geometry": {"type": "Point", "coordinates": [-96.50895, 32.9060268]}, "properties": {"tract_geoid": "48397040301", "land_sqmi": 1.244, "population": 6055, "median_household_income": 109853.0, "poverty_count": 814, "poverty_universe": 5754, "snap_households": 65, "snap_universe": 1872, "pct_low_access_half_mile": 88.21}}, {"type": "Feature", "geometry": {"type": "Point", "coordinates": [-96.4788842, 32.9001951]}, "properties": {"tract_geoid": "48397040303", "land_sqmi": 1.306, "population": 3139, "median_household_income": 112698.0, "poverty_count": 187, "poverty_universe": 3139, "snap_households": 6, "snap_universe": 1355, "pct_low_access_half_mile": 79.58}}, {"type": "Feature", "geometry": {"type": "Point", "coordinates": [-96.4593505, 32.911388]}, "properties": {"tract_geoid": "48397040304", "land_sqmi": 0.728, "population": 2902, "median_household_income": 64079.0, "poverty_count": 262, "poverty_universe": 2902, "snap_households": 73, "snap_universe": 1454, "pct_low_access_half_mile": 51.26}}, {"type": "Feature", "geometry": {"type": "Point", "coordinates": [-96.4384601, 32.9225492]}, "properties": {"tract_geoid": "48397040305", "land_sqmi": 4.488, "population": 3912, "median_household_income": 86300.0, "poverty_count": 283, "poverty_universe": 3607, "snap_households": 195, "snap_universe": 1624, "pct_low_access_half_mile": 68.13}}, {"type": "Feature", "geometry": {"type": "Point", "coordinates": [-96.3974293, 32.975397]}, "properties": {"tract_geoid": "48397040403", "land_sqmi": 5.86, "population": 3473, "median_household_income": 118171.0, "poverty_count": 360, "poverty_universe": 3473, "snap_households": 100, "snap_universe": 1289, "pct_low_access_half_mile": 84.56}}, {"type": "Feature", "geometry": {"type": "Point", "coordinates": [-96.3963516, 32.9339983]}, "properties": {"tract_geoid": "48397040404", "land_sqmi": 2.39, "population": 2968, "median_household_income": 115884.0, "poverty_count": 214, "poverty_universe": 2963, "snap_households": 95, "snap_universe": 1061, "pct_low_access_half_mile": 58.77}}, {"type": "Feature", "geometry": {"type": "Point", "coordinates": [-96.3486975, 32.9639153]}, "properties": {"tract_geoid": "48397040405", "land_sqmi": 3.091, "population": 3721, "median_household_income": 117257.0, "poverty_count": 124, "poverty_universe": 3721, "snap_households": 58, "snap_universe": 987, "pct_low_access_half_mile": 22.03}}, {"type": "Feature", "geometry": {"type": "Point", "coordinates": [-96.3880783, 32.9464772]}, "properties": {"tract_geoid": "48397040406", "land_sqmi": 0.698, "population": 4140, "median_household_income": 127721.0, "poverty_count": 0, "poverty_universe": 4130, "snap_households": 71, "snap_universe": 1167, "pct_low_access_half_mile": 82.05}}, {"type": "Feature", "geometry": {"type": "Point", "coordinates": [-96.4044371, 32.9502345]}, "properties": {"tract_geoid": "48397040407", "land_sqmi": 3.772, "population": 3870, "median_household_income": 194375.0, "poverty_count": 155, "poverty_universe": 3870, "snap_households": 20, "snap_universe": 1048, "pct_low_access_half_mile": 100.0}}, {"type": "Feature", "geometry": {"type": "Point", "coordinates": [-96.3936667, 32.9178871]}, "properties": {"tract_geoid": "48397040408", "land_sqmi": 3.836, "population": 3346, "median_household_income": 116250.0, "poverty_count": 137, "poverty_universe": 3346, "snap_households": 39, "snap_universe": 1090, "pct_low_access_half_mile": 89.78}}, {"type": "Feature", "geometry": {"type": "Point", "coordinates": [-96.3566056, 32.9263004]}, "properties": {"tract_geoid": "48397040409", "land_sqmi": 6.588, "population": 4697, "median_household_income": 125667.0, "poverty_count": 415, "poverty_universe": 4657, "snap_households": 76, "snap_universe": 1390, "pct_low_access_half_mile": 99.61}}, {"type": "Feature", "geometry": {"type": "Point", "coordinates": [-96.3386637, 32.9550491]}, "properties": {"tract_geoid": "48397040410", "land_sqmi": 1.201, "population": 4485, "median_household_income": 96867.0, "poverty_count": 130, "poverty_universe": 4485, "snap_households": 70, "snap_universe": 1434, "pct_low_access_half_mile": 67.5}}, {"type": "Feature", "geometry": {"type": "Point", "coordinates": [-96.315225, 32.9566913]}, "properties": {"tract_geoid": "48397040411", "land_sqmi": 6.327, "population": 3249, "median_household_income": 140188.0, "poverty_count": 40, "poverty_universe": 3249, "snap_households": 20, "snap_universe": 1098, "pct_low_access_half_mile": 99.04}}, {"type": "Feature", "geometry": {"type": "Point", "coordinates": [-96.3280788, 32.916488]}, "properties": {"tract_geoid": "48397040412", "land_sqmi": 5.521, "population": 1707, "median_household_income": 109124.0, "poverty_count": 25, "poverty_universe": 1707, "snap_households": 8, "snap_universe": 566, "pct_low_access_half_mile": 100.0}}, {"type": "Feature", "geometry": {"type": "Point", "coordinates": [-96.4454913, 32.8867795]}, "properties": {"tract_geoid": "48397040503", "land_sqmi": 3.723, "population": 6446, "median_household_income": 77922.0, "poverty_count": 459, "poverty_universe": 6301, "snap_households": 135, "snap_universe": 1971, "pct_low_access_half_mile": 61.52}}, {"type": "Feature", "geometry": {"type": "Point", "coordinates": [-96.4621854, 32.8661925]}, "properties": {"tract_geoid": "48397040507", "land_sqmi": 4.407, "population": 5512, "median_household_income": 212273.0, "poverty_count": 173, "poverty_universe": 5502, "snap_households": 36, "snap_universe": 1774, "pct_low_access_half_mile": 83.07}}, {"type": "Feature", "geometry": {"type": "Point", "coordinates": [-96.4270726, 32.8348084]}, "properties": {"tract_geoid": "48397040508", "land_sqmi": 18.031, "population": 3447, "median_household_income": 219688.0, "poverty_count": 84, "poverty_universe": 3447, "snap_households": 3, "snap_universe": 1166, "pct_low_access_half_mile": 99.85}}, {"type": "Feature", "geometry": {"type": "Point", "coordinates": [-96.354729, 32.837325]}, "properties": {"tract_geoid": "48397040509", "land_sqmi": 5.715, "population": 3330, "median_household_income": 200313.0, "poverty_count": 19, "poverty_universe": 3330, "snap_households": 67, "snap_universe": 868, "pct_low_access_half_mile": 100.0}}, {"type": "Feature", "geometry": {"type": "Point", "coordinates": [-96.5048058, 32.8827113]}, "properties": {"tract_geoid": "48397040510", "land_sqmi": 1.833, "population": 5104, "median_household_income": 94375.0, "poverty_count": 100, "poverty_universe": 5075, "snap_households": 0, "snap_universe": 2288, "pct_low_access_half_mile": 85.72}}, {"type": "Feature", "geometry": {"type": "Point", "coordinates": [-96.4912449, 32.8296508]}, "properties": {"tract_geoid": "48397040511", "land_sqmi": 3.917, "population": 3312, "median_household_income": 173854.0, "poverty_count": 14, "poverty_universe": 3312, "snap_households": 38, "snap_universe": 1146, "pct_low_access_half_mile": 99.87}}, {"type": "Feature", "geometry": {"type": "Point", "coordinates": [-96.4259699, 32.8922228]}, "properties": {"tract_geoid": "48397040512", "land_sqmi": 2.113, "population": 4755, "median_household_income": 114853.0, "poverty_count": 179, "poverty_universe": 4713, "snap_households": 80, "snap_universe": 1574, "pct_low_access_half_mile": 82.34}}, {"type": "Feature", "geometry": {"type": "Point", "coordinates": [-96.393653, 32.8902232]}, "properties": {"tract_geoid": "48397040513", "land_sqmi": 10.525, "population": 5348, "median_household_income": 165383.0, "poverty_count": 22, "poverty_universe": 5348, "snap_households": 266, "snap_universe": 1720, "pct_low_access_half_mile": 98.96}}, {"type": "Feature", "geometry": {"type": "Point", "coordinates": [-96.3300991, 32.8558228]}, "properties": {"tract_geoid": "48397040514", "land_sqmi": 17.363, "population": 3259, "median_household_income": 142019.0, "poverty_count": 215, "poverty_universe": 3247, "snap_households": 109, "snap_universe": 1196, "pct_low_access_half_mile": 100.0}}, {"type": "Feature", "geometry": {"type": "Point", "coordinates": [-97.3002434, 32.7877302]}, "properties": {"tract_geoid": "48439100101", "land_sqmi": 0.94, "population": 5345, "median_household_income": 54065.0, "poverty_count": 541, "poverty_universe": 5345, "snap_households": 542, "snap_universe": 1704, "pct_low_access_half_mile": 0.0}}, {"type": "Feature", "geometry": {"type": "Point", "coordinates": [-97.3120553, 32.7833757]}, "properties": {"tract_geoid": "48439100102", "land_sqmi": 1.097, "population": 4757, "median_household_income": 75938.0, "poverty_count": 702, "poverty_universe": 4757, "snap_households": 212, "snap_universe": 1861, "pct_low_access_half_mile": 14.75}}, {"type": "Feature", "geometry": {"type": "Point", "coordinates": [-97.33153, 32.8029416]}, "properties": {"tract_geoid": "48439100201", "land_sqmi": 0.829, "population": 5243, "median_household_income": 54262.0, "poverty_count": 1852, "poverty_universe": 5243, "snap_households": 568, "snap_universe": 1336, "pct_low_access_half_mile": 31.19}}, {"type": "Feature", "geometry": {"type": "Point", "coordinates": [-97.3383234, 32.795892]}, "properties": {"tract_geoid": "48439100202", "land_sqmi": 2.244, "population": 4528, "median_household_income": 49636.0, "poverty_count": 383, "poverty_universe": 4482, "snap_households": 242, "snap_universe": 1396, "pct_low_access_half_mile": 8.03}}, {"type": "Feature", "geometry": {"type": "Point", "coordinates": [-97.3596311, 32.8166847]}, "properties": {"tract_geoid": "48439100300", "land_sqmi": 3.404, "population": 5530, "median_household_income": 51818.0, "poverty_count": 920, "poverty_universe": 5337, "snap_households": 530, "snap_universe": 1698, "pct_low_access_half_mile": 24.79}}, {"type": "Feature", "geometry": {"type": "Point", "coordinates": [-97.3662122, 32.7932151]}, "properties": {"tract_geoid": "48439100401", "land_sqmi": 0.298, "population": 2063, "median_household_income": 49091.0, "poverty_count": 860, "poverty_universe": 2063, "snap_households": 109, "snap_universe": 556, "pct_low_access_half_mile": 3.78}}, {"type": "Feature", "geometry": {"type": "Point", "coordinates": [-97.3644995, 32.7860771]}, "properties": {"tract_geoid": "48439100402", "land_sqmi": 0.641, "population": 3595, "median_household_income": 46790.0, "poverty_count": 751, "poverty_universe": 3595, "snap_households": 326, "snap_universe": 1257, "pct_low_access_half_mile": 0.0}}, {"type": "Feature", "geometry": {"type": "Point", "coordinates": [-97.3787642, 32.7897687]}, "properties": {"tract_geoid": "48439100503", "land_sqmi": 0.517, "population": 3205, "median_household_income": 75298.0, "poverty_count": 373, "poverty_universe": 3123, "snap_households": 116, "snap_universe": 778, "pct_low_access_half_mile": 2.48}}, {"type": "Feature", "geometry": {"type": "Point", "coordinates": [-97.390197, 32.7948953]}, "properties": {"tract_geoid": "48439100504", "land_sqmi": 0.974, "population": 3727, "median_household_income": 52074.0, "poverty_count": 903, "poverty_universe": 3727, "snap_households": 269, "snap_universe": 1265, "pct_low_access_half_mile": 29.41}}, {"type": "Feature", "geometry": {"type": "Point", "coordinates": [-97.3899539, 32.8157383]}, "properties": {"tract_geoid": "48439100505", "land_sqmi": 1.673, "population": 6112, "median_household_income": 44919.0, "poverty_count": 2185, "poverty_universe": 6112, "snap_households": 457, "snap_universe": 1976, "pct_low_access_half_mile": 51.32}}, {"type": "Feature", "geometry": {"type": "Point", "coordinates": [-97.3743147, 32.8036796]}, "properties": {"tract_geoid": "48439100506", "land_sqmi": 0.887, "population": 4857, "median_household_income": 56593.0, "poverty_count": 529, "poverty_universe": 4857, "snap_households": 299, "snap_universe": 1462, "pct_low_access_half_mile": 34.97}}, {"type": "Feature", "geometry": {"type": "Point", "coordinates": [-97.4549323, 32.7967823]}, "properties": {"tract_geoid": "48439100601", "land_sqmi": 9.207, "population": 2371, "median_household_income": 67388.0, "poverty_count": 189, "poverty_universe": 2345, "snap_households": 81, "snap_universe": 1267, "pct_low_access_half_mile": 98.26}}, {"type": "Feature", "geometry": {"type": "Point", "coordinates": [-97.4352551, 32.7758275]}, "properties": {"tract_geoid": "48439100602", "land_sqmi": 5.034, "population": 4388, "median_household_income": 43636.0, "poverty_count": 277, "poverty_universe": 2579, "snap_households": 173, "snap_universe": 1158, "pct_low_access_half_mile": 76.04}}, {"type": "Feature", "geometry": {"type": "Point", "coordinates": [-97.3815062, 32.7682255]}, "properties": {"tract_geoid": "48439100700", "land_sqmi": 2.12, "population": 5237, "median_household_income": 68536.0, "poverty_count": 578, "poverty_universe": 5123, "snap_households": 307, "snap_universe": 2131, "pct_low_access_half_mile": 17.16}}, {"type": "Feature", "geometry": {"type": "Point", "coordinates": [-97.3565889, 32.7748461]}, "properties": {"tract_geoid": "48439100800", "land_sqmi": 1.024, "population": 4681, "median_household_income": 62827.0, "poverty_count": 977, "poverty_universe": 4681, "snap_households": 387, "snap_universe": 1563, "pct_low_access_half_mile": 9.05}}, {"type": "Feature", "geometry": {"type": "Point", "coordinates": [-97.3473996, 32.7801213]}, "properties": {"tract_geoid": "48439100900", "land_sqmi": 0.606, "population": 1947, "median_household_income": 37891.0, "poverty_count": 464, "poverty_universe": 1947, "snap_households": 127, "snap_universe": 724, "pct_low_access_half_mile": 0.49}}, {"type": "Feature", "geometry": {"type": "Point", "coordinates": [-97.2457631, 32.7794896]}, "properties": {"tract_geoid": "48439101201", "land_sqmi": 6.626, "population": 1826, "median_household_income": 76265.0, "poverty_count": 88, "poverty_universe": 1769, "snap_households": 109, "snap_universe": 686, "pct_low_access_half_mile": 66.3}}, {"type": "Feature", "geometry": {"type": "Point", "coordinates": [-97.2931153, 32.7677796]}, "properties": {"tract_geoid": "48439101202", "land_sqmi": 2.112, "population": 4420, "median_household_income": 55824.0, "poverty_count": 442, "poverty_universe": 4410, "snap_households": 203, "snap_universe": 1776, "pct_low_access_half_mile": 13.87}}, {"type": "Feature", "geometry": {"type": "Point", "coordinates": [-97.2160427, 32.7415251]}, "properties": {"tract_geoid": "48439101301", "land_sqmi": 1.277, "population": 5619, "median_household_income": 63625.0, "poverty_count": 1047, "poverty_universe": 5619, "snap_households": 335, "snap_universe": 1878, "pct_low_access_half_mile": 40.8}}, {"type": "Feature", "geometry": {"type": "Point", "coordinates": [-97.2170457, 32.726968]}, "properties": {"tract_geoid": "48439101302", "land_sqmi": 1.642, "population": 3346, "median_household_income": 70222.0, "poverty_count": 872, "poverty_universe": 3346, "snap_households": 180, "snap_universe": 959, "pct_low_access_half_mile": 11.68}}, {"type": "Feature", "geometry": {"type": "Point", "coordinates": [-97.2482006, 32.7554223]}, "properties": {"tract_geoid": "48439101401", "land_sqmi": 1.49, "population": 5796, "median_household_income": 55436.0, "poverty_count": 915, "poverty_universe": 5796, "snap_households": 420, "snap_universe": 2086, "pct_low_access_half_mile": 68.95}}, {"type": "Feature", "geometry": {"type": "Point", "coordinates": [-97.2615276, 32.7389672]}, "properties": {"tract_geoid": "48439101402", "land_sqmi": 0.824, "population": 4710, "median_household_income": 56548.0, "poverty_count": 497, "poverty_universe": 4669, "snap_households": 241, "snap_universe": 1264, "pct_low_access_half_mile": 0.08}}, {"type": "Feature", "geometry": {"type": "Point", "coordinates": [-97.2443886, 32.7385747]}, "properties": {"tract_geoid": "48439101403", "land_sqmi": 1.091, "population": 5631, "median_household_income": 49799.0, "poverty_count": 1559, "poverty_universe": 5599, "snap_households": 462, "snap_universe": 1705, "pct_low_access_half_mile": 11.48}}, {"type": "Feature", "geometry": {"type": "Point", "coordinates": [-97.2764165, 32.7461281]}, "properties": {"tract_geoid": "48439101500", "land_sqmi": 1.56, "population": 4326, "median_household_income": 50477.0, "poverty_count": 953, "poverty_universe": 4149, "snap_households": 145, "snap_universe": 1531, "pct_low_access_half_mile": 37.19}}, {"type": "Feature", "geometry": {"type": "Point", "coordinates": [-97.3132291, 32.7547953]}, "properties": {"tract_geoid": "48439101700", "land_sqmi": 1.208, "population": 1675, "median_household_income": 43482.0, "poverty_count": 921, "poverty_universe": 1670, "snap_households": 70, "snap_universe": 283, "pct_low_access_half_mile": 59.48}}, {"type": "Feature", "geometry": {"type": "Point", "coordinates": [-97.3574318, 32.749691]}, "properties": {"tract_geoid": "48439102000", "land_sqmi": 1.971, "population": 4417, "median_household_income": 86059.0, "poverty_count": 621, "poverty_universe": 4417, "snap_households": 0, "snap_universe": 3259, "pct_low_access_half_mile": 2.84}}, {"type": "Feature", "geometry": {"type": "Point", "coordinates": [-97.3706915, 32.7543295]}, "properties": {"tract_geoid": "48439102101", "land_sqmi": 0.481, "population": 2509, "median_household_income": 132808.0, "poverty_count": 358, "poverty_universe": 2509, "snap_households": 0, "snap_universe": 1299, "pct_low_access_half_mile": 38.53}}, {"type": "Feature", "geometry": {"type": "Point", "coordinates": [-97.3708453, 32.7647651]}, "properties": {"tract_geoid": "48439102102", "land_sqmi": 0.94, "population": 2746, "median_household_income": 76514.0, "poverty_count": 318, "poverty_universe": 2730, "snap_households": 346, "snap_universe": 1429, "pct_low_access_half_mile": 56.43}}, {"type": "Feature", "geometry": {"type": "Point", "coordinates": [-97.3856595, 32.753407]}, "properties": {"tract_geoid": "48439102201", "land_sqmi": 1.743, "population": 4167, "median_household_income": 111118.0, "poverty_count": 492, "poverty_universe": 4148, "snap_households": 89, "snap_universe": 1577, "pct_low_access_half_mile": 59.71}}, {"type": "Feature", "geometry": {"type": "Point", "coordinates": [-97.3951748, 32.7394464]}, "properties": {"tract_geoid": "48439102202", "land_sqmi": 0.733, "population": 2566, "median_household_income": 115000.0, "poverty_count": 63, "poverty_universe": 2566, "snap_households": 75, "snap_universe": 1506, "pct_low_access_half_mile": 26.35}}, {"type": "Feature", "geometry": {"type": "Point", "coordinates": [-97.4407985, 32.7278784]}, "properties": {"tract_geoid": "48439102301", "land_sqmi": 1.572, "population": 2728, "median_household_income": 39877.0, "poverty_count": 404, "poverty_universe": 2728, "snap_households": 239, "snap_universe": 1359, "pct_low_access_half_mile": 5.9}}, {"type": "Feature", "geometry": {"type": "Point", "coordinates": [-97.4465599, 32.7051171]}, "properties": {"tract_geoid": "48439102302", "land_sqmi": 1.367, "population": 5676, "median_household_income": 51225.0, "poverty_count": 1012, "poverty_universe": 5676, "snap_households": 299, "snap_universe": 1965, "pct_low_access_half_mile": 13.43}}, {"type": "Feature", "geometry": {"type": "Point", "coordinates": [-97.4182836, 32.7226005]}, "properties": {"tract_geoid": "48439102401", "land_sqmi": 1.218, "population": 4234, "median_household_income": 67888.0, "poverty_count": 407, "poverty_universe": 4168, "snap_households": 121, "snap_universe": 2074, "pct_low_access_half_mile": 25.72}}, {"type": "Feature", "geometry": {"type": "Point", "coordinates": [-97.4308231, 32.7113931]}, "properties": {"tract_geoid": "48439102402", "land_sqmi": 1.426, "population": 4385, "median_household_income": 121359.0, "poverty_count": 786, "poverty_universe": 4385, "snap_households": 109, "snap_universe": 1855, "pct_low_access_half_mile": 75.51}}, {"type": "Feature", "geometry": {"type": "Point", "coordinates": [-97.4044193, 32.7216788]}, "properties": {"tract_geoid": "48439102500", "land_sqmi": 1.05, "population": 4425, "median_household_income": 45692.0, "poverty_count": 1177, "poverty_universe": 4425, "snap_households": 359, "snap_universe": 1568, "pct_low_access_half_mile": 26.55}}, {"type": "Feature", "geometry": {"type": "Point", "coordinates": [-97.3963778, 32.7277533]}, "properties": {"tract_geoid": "48439102601", "land_sqmi": 0.765, "population": 3042, "median_household_income": 47463.0, "poverty_count": 326, "poverty_universe": 2918, "snap_households": 266, "snap_universe": 1640, "pct_low_access_half_mile": 75.53}}, {"type": "Feature", "geometry": {"type": "Point", "coordinates": [-97.3813856, 32.7304474]}, "properties": {"tract_geoid": "48439102602", "land_sqmi": 1.105, "population": 3468, "median_household_income": 79537.0, "poverty_count": 284, "poverty_universe": 3468, "snap_households": 113, "snap_universe": 1426, "pct_low_access_half_mile": 45.95}}, {"type": "Feature", "geometry": {"type": "Point", "coordinates": [-97.376175, 32.7408091]}, "properties": {"tract_geoid": "48439102700", "land_sqmi": 0.674, "population": 3309, "median_household_income": 96250.0, "poverty_count": 132, "poverty_universe": 3309, "snap_households": 16, "snap_universe": 1596, "pct_low_access_half_mile": 20.01}}, {"type": "Feature", "geometry": {"type": "Point", "coordinates": [-97.2817878, 32.733049]}, "properties": {"tract_geoid": "48439103500", "land_sqmi": 1.492, "population": 4614, "median_household_income": 43056.0, "poverty_count": 861, "poverty_universe": 4127, "snap_households": 239, "snap_universe": 1418, "pct_low_access_half_mile": 1.78}}, {"type": "Feature", "geometry": {"type": "Point", "coordinates": [-97.2474764, 32.7261058]}, "properties": {"tract_geoid": "48439103601", "land_sqmi": 0.789, "population": 2152, "median_household_income": 43495.0, "poverty_count": 523, "poverty_universe": 2152, "snap_households": 244, "snap_universe": 673, "pct_low_access_half_mile": 46.25}}, {"type": "Feature", "geometry": {"type": "Point", "coordinates": [-97.2311902, 32.7262157]}, "properties": {"tract_geoid": "48439103602", "land_sqmi": 0.556, "population": 2737, "median_household_income": 63454.0, "poverty_count": 722, "poverty_universe": 2737, "snap_households": 220, "snap_universe": 896, "pct_low_access_half_mile": 3.33}}, {"type": "Feature", "geometry": {"type": "Point", "coordinates": [-97.2801287, 32.7228854]}, "properties": {"tract_geoid": "48439103701", "land_sqmi": 0.642, "population": 4549, "median_household_income": 58125.0, "poverty_count": 714, "poverty_universe": 4487, "snap_households": 352, "snap_universe": 1330, "pct_low_access_half_mile": 34.4}}, {"type": "Feature", "geometry": {"type": "Point", "coordinates": [-97.2634647, 32.7233734]}, "properties": {"tract_geoid": "48439103702", "land_sqmi": 0.575, "population": 3980, "median_household_income": 53884.0, "poverty_count": 962, "poverty_universe": 3852, "snap_households": 363, "snap_universe": 955, "pct_low_access_half_mile": 2.13}}, {"type": "Feature", "geometry": {"type": "Point", "coordinates": [-97.3023796, 32.721307]}, "properties": {"tract_geoid": "48439103800", "land_sqmi": 1.123, "population": 4025, "median_household_income": 35565.0, "poverty_count": 1464, "poverty_universe": 3984, "snap_households": 609, "snap_universe": 1358, "pct_low_access_half_mile": 3.78}}, {"type": "Feature", "geometry": {"type": "Point", "coordinates": [-97.3376555, 32.7232203]}, "properties": {"tract_geoid": "48439104100", "land_sqmi": 0.502, "population": 3400, "median_household_income": 96520.0, "poverty_count": 266, "poverty_universe": 3390, "snap_households": 113, "snap_universe": 1351, "pct_low_access_half_mile": 26.55}}, {"type": "Feature", "geometry": {"type": "Point", "coordinates": [-97.3691055, 32.6947187]}, "properties": {"tract_geoid": "48439104202", "land_sqmi": 0.83, "population": 3517, "median_household_income": 100382.0, "poverty_count": 735, "poverty_universe": 3485, "snap_households": 12, "snap_universe": 1374, "pct_low_access_half_mile": 15.35}}, {"type": "Feature", "geometry": {"type": "Point", "coordinates": [-97.3663666, 32.7065158]}, "properties": {"tract_geoid": "48439104203", "land_sqmi": 0.461, "population": 4457, "median_household_income": 108211.0, "poverty_count": 93, "poverty_universe": 518, "snap_households": 7, "snap_universe": 169, "pct_low_access_half_mile": 10.8}}, {"type": "Feature", "geometry": {"type": "Point", "coordinates": [-97.3612344, 32.7170159]}, "properties": {"tract_geoid": "48439104204", "land_sqmi": 0.849, "population": 2671, "median_household_income": 152750.0, "poverty_count": 188, "poverty_universe": 2671, "snap_households": 0, "snap_universe": 1010, "pct_low_access_half_mile": 87.52}}, {"type": "Feature", "geometry": {"type": "Point", "coordinates": [-97.356422, 32.7053485]}, "properties": {"tract_geoid": "48439104301", "land_sqmi": 0.527, "population": 2417, "median_household_income": 53912.0, "poverty_count": 641, "poverty_universe": 2183, "snap_households": 0, "snap_universe": 1146, "pct_low_access_half_mile": 9.4}}, {"type": "Feature", "geometry": {"type": "Point", "coordinates": [-97.3481702, 32.7159835]}, "properties": {"tract_geoid": "48439104302", "land_sqmi": 0.598, "population": 3397, "median_household_income": 89583.0, "poverty_count": 301, "poverty_universe": 3397, "snap_households": 0, "snap_universe": 1498, "pct_low_access_half_mile": 35.05}}, {"type": "Feature", "geometry": {"type": "Point", "coordinates": [-97.3378157, 32.7083682]}, "properties": {"tract_geoid": "48439104400", "land_sqmi": 0.962, "population": 6280, "median_household_income": 77946.0, "poverty_count": 1001, "poverty_universe": 6280, "snap_households": 107, "snap_universe": 1992, "pct_low_access_half_mile": 10.13}}, {"type": "Feature", "geometry": {"type": "Point", "coordinates": [-97.3257756, 32.7067531]}, "properties": {"tract_geoid": "48439104502", "land_sqmi": 0.714, "population": 2932, "median_household_income": 61938.0, "poverty_count": 643, "poverty_universe": 2932, "snap_households": 130, "snap_universe": 925, "pct_low_access_half_mile": 34.22}}, {"type": "Feature", "geometry": {"type": "Point", "coordinates": [-97.3261499, 32.6914408]}, "properties": {"tract_geoid": "48439104503", "land_sqmi": 0.647, "population": 2429, "median_household_income": 43807.0, "poverty_count": 473, "poverty_universe": 2429, "snap_households": 197, "snap_universe": 785, "pct_low_access_half_mile": 43.42}}, {"type": "Feature", "geometry": {"type": "Point", "coordinates": [-97.3108519, 32.6915446]}, "properties": {"tract_geoid": "48439104504", "land_sqmi": 1.115, "population": 2886, "median_household_income": 37267.0, "poverty_count": 968, "poverty_universe": 2886, "snap_households": 319, "snap_universe": 1077, "pct_low_access_half_mile": 47.39}}, {"type": "Feature", "geometry": {"type": "Point", "coordinates": [-97.3121071, 32.7082367]}, "properties": {"tract_geoid": "48439104505", "land_sqmi": 1.063, "population": 5758, "median_household_income": 43441.0, "poverty_count": 2068, "poverty_universe": 5728, "snap_households": 474, "snap_universe": 1945, "pct_low_access_half_mile": 6.24}}, {"type": "Feature", "geometry": {"type": "Point", "coordinates": [-97.2700833, 32.7115226]}, "properties": {"tract_geoid": "48439104601", "land_sqmi": 0.872, "population": 5561, "median_household_income": 51478.0, "poverty_count": 879, "poverty_universe": 5561, "snap_households": 510, "snap_universe": 1380, "pct_low_access_half_mile": 12.51}}, {"type": "Feature", "geometry": {"type": "Point", "coordinates": [-97.2726468, 32.6991526]}, "properties": {"tract_geoid": "48439104602", "land_sqmi": 0.907, "population": 5179, "median_household_income": 44057.0, "poverty_count": 1198, "poverty_universe": 5141, "snap_households": 254, "snap_universe": 1233, "pct_low_access_half_mile": 44.26}}, {"type": "Feature", "geometry": {"type": "Point", "coordinates": [-97.2702155, 32.6854512]}, "properties": {"tract_geoid": "48439104603", "land_sqmi": 0.959, "population": 4171, "median_household_income": 43617.0, "poverty_count": 1029, "poverty_universe": 4153, "snap_households": 344, "snap_universe": 1148, "pct_low_access_half_mile": 45.18}}, {"type": "Feature", "geometry": {"type": "Point", "coordinates": [-97.2886112, 32.7118108]}, "properties": {"tract_geoid": "48439104604", "land_sqmi": 1.285, "population": 3309, "median_household_income": 35365.0, "poverty_count": 875, "poverty_universe": 3286, "snap_households": 237, "snap_universe": 1135, "pct_low_access_half_mile": 20.36}}, {"type": "Feature", "geometry": {"type": "Point", "coordinates": [-97.2933408, 32.6956316]}, "properties": {"tract_geoid": "48439104605", "land_sqmi": 1.753, "population": 5245, "median_household_income": 46126.0, "poverty_count": 1232, "poverty_universe": 5142, "snap_households": 467, "snap_universe": 1620, "pct_low_access_half_mile": 35.83}}, {"type": "Feature", "geometry": {"type": "Point", "coordinates": [-97.3360335, 32.6917208]}, "properties": {"tract_geoid": "48439104701", "land_sqmi": 0.48, "population": 4622, "median_household_income": 54500.0, "poverty_count": 671, "poverty_universe": 4580, "snap_households": 154, "snap_universe": 1328, "pct_low_access_half_mile": 13.05}}, {"type": "Feature", "geometry": {"type": "Point", "coordinates": [-97.3329797, 32.674054]}, "properties": {"tract_geoid": "48439104702", "land_sqmi": 1.325, "population": 3051, "median_household_income": 53085.0, "poverty_count": 869, "poverty_universe": 3051, "snap_households": 217, "snap_universe": 933, "pct_low_access_half_mile": 15.15}}, {"type": "Feature", "geometry": {"type": "Point", "coordinates": [-97.3515442, 32.6782741]}, "properties": {"tract_geoid": "48439104802", "land_sqmi": 0.937, "population": 5057, "median_household_income": 54650.0, "poverty_count": 1488, "poverty_universe": 4926, "snap_households": 454, "snap_universe": 1349, "pct_low_access_half_mile": 11.42}}, {"type": "Feature", "geometry": {"type": "Point", "coordinates": [-97.3460228, 32.6957223]}, "properties": {"tract_geoid": "48439104803", "land_sqmi": 0.728, "population": 6445, "median_household_income": 47628.0, "poverty_count": 1580, "poverty_universe": 6436, "snap_households": 312, "snap_universe": 1852, "pct_low_access_half_mile": 17.46}}, {"type": "Feature", "geometry": {"type": "Point", "coordinates": [-97.3562081, 32.6901965]}, "properties": {"tract_geoid": "48439104804", "land_sqmi": 0.822, "population": 2908, "median_household_income": 59750.0, "poverty_count": 310, "poverty_universe": 2908, "snap_households": 104, "snap_universe": 798, "pct_low_access_half_mile": 1.95}}, {"type": "Feature", "geometry": {"type": "Point", "coordinates": [-97.2978904, 32.8023517]}, "properties": {"tract_geoid": "48439104900", "land_sqmi": 0.944, "population": 2594, "median_household_income": 56719.0, "poverty_count": 177, "poverty_universe": 2542, "snap_households": 101, "snap_universe": 957, "pct_low_access_half_mile": 27.8}}, {"type": "Feature", "geometry": {"type": "Point", "coordinates": [-97.3060309, 32.8511135]}, "properties": {"tract_geoid": "48439105007", "land_sqmi": 1.96, "population": 6172, "median_household_income": 70976.0, "poverty_count": 452, "poverty_universe": 6172, "snap_households": 0, "snap_universe": 3254, "pct_low_access_half_mile": 69.87}}, {"type": "Feature", "geometry": {"type": "Point", "coordinates": [-97.3249829, 32.850019]}, "properties": {"tract_geoid": "48439105008", "land_sqmi": 1.994, "population": 9753, "median_household_income": 76496.0, "poverty_count": 651, "poverty_universe": 9730, "snap_households": 225, "snap_universe": 3647, "pct_low_access_half_mile": 71.02}}, {"type": "Feature", "geometry": {"type": "Point", "coordinates": [-97.319, 32.8178655]}, "properties": {"tract_geoid": "48439105009", "land_sqmi": 8.718, "population": 6682, "median_household_income": 50428.0, "poverty_count": 1443, "poverty_universe": 6588, "snap_households": 406, "snap_universe": 2014, "pct_low_access_half_mile": 53.21}}, {"type": "Feature", "geometry": {"type": "Point", "coordinates": [-97.4585258, 32.7309752]}, "properties": {"tract_geoid": "48439105201", "land_sqmi": 0.883, "population": 6101, "median_household_income": 32604.0, "poverty_count": 2210, "poverty_universe": 5850, "snap_households": 809, "snap_universe": 2559, "pct_low_access_half_mile": 33.04}}, {"type": "Feature", "geometry": {"type": "Point", "coordinates": [-97.4680894, 32.7207216]}, "properties": {"tract_geoid": "48439105203", "land_sqmi": 0.618, "population": 3143, "median_household_income": 39656.0, "poverty_count": 1106, "poverty_universe": 3143, "snap_households": 98, "snap_universe": 1167, "pct_low_access_half_mile": 8.51}}, {"type": "Feature", "geometry": {"type": "Point", "coordinates": [-97.4775924, 32.7313787]}, "properties": {"tract_geoid": "48439105204", "land_sqmi": 0.355, "population": 3713, "median_household_income": 40259.0, "poverty_count": 1346, "poverty_universe": 3713, "snap_households": 632, "snap_universe": 1769, "pct_low_access_half_mile": 54.66}}, {"type": "Feature", "geometry": {"type": "Point", "coordinates": [-97.4706544, 32.7278943]}, "properties": {"tract_geoid": "48439105206", "land_sqmi": 0.247, "population": 2459, "median_household_income": 46172.0, "poverty_count": 618, "poverty_universe": 2459, "snap_households": 329, "snap_universe": 1325, "pct_low_access_half_mile": 0.0}}, {"type": "Feature", "geometry": {"type": "Point", "coordinates": [-97.4702914, 32.7349714]}, "properties": {"tract_geoid": "48439105207", "land_sqmi": 0.203, "population": 2955, "median_household_income": 28546.0, "poverty_count": 1345, "poverty_universe": 2955, "snap_households": 373, "snap_universe": 1345, "pct_low_access_half_mile": 0.13}}, {"type": "Feature", "geometry": {"type": "Point", "coordinates": [-97.3726604, 32.7177183]}, "properties": {"tract_geoid": "48439105403", "land_sqmi": 2.079, "population": 6513, "median_household_income": 100022.0, "poverty_count": 526, "poverty_universe": 6376, "snap_households": 0, "snap_universe": 2944, "pct_low_access_half_mile": 74.54}}, {"type": "Feature", "geometry": {"type": "Point", "coordinates": [-97.3838627, 32.6852165]}, "properties": {"tract_geoid": "48439105404", "land_sqmi": 1.268, "population": 4230, "median_household_income": 174949.0, "poverty_count": 357, "poverty_universe": 4230, "snap_households": 0, "snap_universe": 1582, "pct_low_access_half_mile": 80.67}}, {"type": "Feature", "geometry": {"type": "Point", "coordinates": [-97.4015581, 32.7005598]}, "properties": {"tract_geoid": "48439105405", "land_sqmi": 2.998, "population": 5551, "median_household_income": 81813.0, "poverty_count": 554, "poverty_universe": 5538, "snap_households": 167, "snap_universe": 2771, "pct_low_access_half_mile": 66.28}}, {"type": "Feature", "geometry": {"type": "Point", "coordinates": [-97.4182203, 32.7017178]}, "properties": {"tract_geoid": "48439105407", "land_sqmi": 0.237, "population": 2558, "median_household_income": 79732.0, "poverty_count": 45, "poverty_universe": 2452, "snap_households": 24, "snap_universe": 1605, "pct_low_access_half_mile": 99.06}}, {"type": "Feature", "geometry": {"type": "Point", "coordinates": [-97.4279781, 32.6961091]}, "properties": {"tract_geoid": "48439105408", "land_sqmi": 0.75, "population": 2755, "median_household_income": 85938.0, "poverty_count": 124, "poverty_universe": 2700, "snap_households": 0, "snap_universe": 1294, "pct_low_access_half_mile": 81.5}}, {"type": "Feature", "geometry": {"type": "Point", "coordinates": [-97.3792964, 32.6628176]}, "properties": {"tract_geoid": "48439105502", "land_sqmi": 1.352, "population": 7297, "median_household_income": 80417.0, "poverty_count": 670, "poverty_universe": 7226, "snap_households": 614, "snap_universe": 2278, "pct_low_access_half_mile": 51.72}}, {"type": "Feature", "geometry": {"type": "Point", "coordinates": [-97.3970221, 32.6533881]}, "properties": {"tract_geoid": "48439105503", "land_sqmi": 1.405, "population": 6380, "median_household_income": 65646.0, "poverty_count": 1151, "poverty_universe": 6138, "snap_households": 49, "snap_universe": 2370, "pct_low_access_half_mile": 47.02}}, {"type": "Feature", "geometry": {"type": "Point", "coordinates": [-97.3934377, 32.6710609]}, "properties": {"tract_geoid": "48439105505", "land_sqmi": 0.828, "population": 4980, "median_household_income": 65015.0, "poverty_count": 1268, "poverty_universe": 4980, "snap_households": 416, "snap_universe": 1999, "pct_low_access_half_mile": 11.36}}, {"type": "Feature", "geometry": {"type": "Point", "coordinates": [-97.3726359, 32.6376772]}, "properties": {"tract_geoid": "48439105511", "land_sqmi": 1.074, "population": 6374, "median_household_income": 77990.0, "poverty_count": 678, "poverty_universe": 6374, "snap_households": 425, "snap_universe": 2325, "pct_low_access_half_mile": 25.59}}, {"type": "Feature", "geometry": {"type": "Point", "coordinates": [-97.3836428, 32.6452495]}, "properties": {"tract_geoid": "48439105512", "land_sqmi": 1.021, "population": 5235, "median_household_income": 104877.0, "poverty_count": 240, "poverty_universe": 5182, "snap_households": 127, "snap_universe": 1662, "pct_low_access_half_mile": 52.61}}, {"type": "Feature", "geometry": {"type": "Point", "coordinates": [-97.4148467, 32.6687083]}, "properties": {"tract_geoid": "48439105513", "land_sqmi": 0.555, "population": 3498, "median_household_income": 55495.0, "poverty_count": 370, "poverty_universe": 3273, "snap_households": 327, "snap_universe": 1717, "pct_low_access_half_mile": 30.65}}, {"type": "Feature", "geometry": {"type": "Point", "coordinates": [-97.4050535, 32.6751811]}, "properties": {"tract_geoid": "48439105514", "land_sqmi": 1.061, "population": 2985, "median_household_income": 46267.0, "poverty_count": 312, "poverty_universe": 2985, "snap_households": 250, "snap_universe": 1778, "pct_low_access_half_mile": 19.75}}, {"type": "Feature", "geometry": {"type": "Point", "coordinates": [-97.4041123, 32.6380399]}, "properties": {"tract_geoid": "48439105515", "land_sqmi": 1.065, "population": 7124, "median_household_income": 84583.0, "poverty_count": 1131, "poverty_universe": 7025, "snap_households": 445, "snap_universe": 2568, "pct_low_access_half_mile": 26.0}}, {"type": "Feature", "geometry": {"type": "Point", "coordinates": [-97.398332, 32.6303064]}, "properties": {"tract_geoid": "48439105516", "land_sqmi": 0.353, "population": 2754, "median_household_income": 78966.0, "poverty_count": 256, "poverty_universe": 2674, "snap_households": 140, "snap_universe": 968, "pct_low_access_half_mile": 52.78}}, {"type": "Feature", "geometry": {"type": "Point", "coordinates": [-97.4088525, 32.6552565]}, "properties": {"tract_geoid": "48439105517", "land_sqmi": 0.421, "population": 3281, "median_household_income": 53018.0, "poverty_count": 486, "poverty_universe": 3236, "snap_households": 240, "snap_universe": 1545, "pct_low_access_half_mile": 31.35}}, {"type": "Feature", "geometry": {"type": "Point", "coordinates": [-97.4202004, 32.654578]}, "properties": {"tract_geoid": "48439105518", "land_sqmi": 1.045, "population": 2736, "median_household_income": 87521.0, "poverty_count": 130, "poverty_universe": 2688, "snap_households": 0, "snap_universe": 1559, "pct_low_access_half_mile": 62.89}}, {"type": "Feature", "geometry": {"type": "Point", "coordinates": [-97.42455, 32.6738144]}, "properties": {"tract_geoid": "48439105519", "land_sqmi": 1.104, "population": 5100, "median_household_income": 75767.0, "poverty_count": 680, "poverty_universe": 5048, "snap_households": 42, "snap_universe": 2362, "pct_low_access_half_mile": 62.43}}, {"type": "Feature", "geometry": {"type": "Point", "coordinates": [-97.4402332, 32.6616019]}, "properties": {"tract_geoid": "48439105520", "land_sqmi": 1.613, "population": 2457, "median_household_income": 250001.0, "poverty_count": 133, "poverty_universe": 2457, "snap_households": 0, "snap_universe": 847, "pct_low_access_half_mile": 94.63}}, {"type": "Feature", "geometry": {"type": "Point", "coordinates": [-97.3670721, 32.6767091]}, "properties": {"tract_geoid": "48439105600", "land_sqmi": 0.987, "population": 5435, "median_household_income": 83833.0, "poverty_count": 495, "poverty_universe": 5435, "snap_households": 135, "snap_universe": 1808, "pct_low_access_half_mile": 43.43}}, {"type": "Feature", "geometry": {"type": "Point", "coordinates": [-97.3611513, 32.663473]}, "properties": {"tract_geoid": "48439105701", "land_sqmi": 0.817, "population": 4350, "median_household_income": 74438.0, "poverty_count": 419, "poverty_universe": 4350, "snap_households": 180, "snap_universe": 1432, "pct_low_access_half_mile": 21.91}}, {"type": "Feature", "geometry": {"type": "Point", "coordinates": [-97.3639703, 32.654737]}, "properties": {"tract_geoid": "48439105703", "land_sqmi": 0.684, "population": 3401, "median_household_income": 52500.0, "poverty_count": 409, "poverty_universe": 3388, "snap_households": 459, "snap_universe": 1378, "pct_low_access_half_mile": 28.03}}, {"type": "Feature", "geometry": {"type": "Point", "coordinates": [-97.3644503, 32.6421357]}, "properties": {"tract_geoid": "48439105705", "land_sqmi": 0.605, "population": 4239, "median_household_income": 54556.0, "poverty_count": 654, "poverty_universe": 4239, "snap_households": 210, "snap_universe": 1884, "pct_low_access_half_mile": 17.34}}, {"type": "Feature", "geometry": {"type": "Point", "coordinates": [-97.353888, 32.6416157]}, "properties": {"tract_geoid": "48439105706", "land_sqmi": 0.601, "population": 3706, "median_household_income": 61074.0, "poverty_count": 977, "poverty_universe": 3706, "snap_households": 228, "snap_universe": 1125, "pct_low_access_half_mile": 76.36}}, {"type": "Feature", "geometry": {"type": "Point", "coordinates": [-97.3427828, 32.6653847]}, "properties": {"tract_geoid": "48439105800", "land_sqmi": 0.643, "population": 4430, "median_household_income": 53515.0, "poverty_count": 504, "poverty_universe": 4382, "snap_households": 477, "snap_universe": 1435, "pct_low_access_half_mile": 4.36}}, {"type": "Feature", "geometry": {"type": "Point", "coordinates": [-97.3196131, 32.6770287]}, "properties": {"tract_geoid": "48439105901", "land_sqmi": 0.83, "population": 4357, "median_household_income": 55212.0, "poverty_count": 932, "poverty_universe": 4321, "snap_households": 343, "snap_universe": 1131, "pct_low_access_half_mile": 4.97}}, {"type": "Feature", "geometry": {"type": "Point", "coordinates": [-97.2954118, 32.6752024]}, "properties": {"tract_geoid": "48439105902", "land_sqmi": 2.279, "population": 6187, "median_household_income": 38973.0, "poverty_count": 2003, "poverty_universe": 4634, "snap_households": 595, "snap_universe": 1373, "pct_low_access_half_mile": 79.16}}, {"type": "Feature", "geometry": {"type": "Point", "coordinates": [-97.2978643, 32.6480468]}, "properties": {"tract_geoid": "48439106002", "land_sqmi": 5.453, "population": 3842, "median_household_income": 60727.0, "poverty_count": 417, "poverty_universe": 3842, "snap_households": 318, "snap_universe": 1186, "pct_low_access_half_mile": 41.83}}, {"type": "Feature", "geometry": {"type": "Point", "coordinates": [-97.2780611, 32.6199352]}, "properties": {"tract_geoid": "48439106004", "land_sqmi": 8.078, "population": 9041, "median_household_income": 72929.0, "poverty_count": 851, "poverty_universe": 8809, "snap_households": 332, "snap_universe": 2485, "pct_low_access_half_mile": 74.71}}, {"type": "Feature", "geometry": {"type": "Point", "coordinates": [-97.3262118, 32.6484257]}, "properties": {"tract_geoid": "48439106005", "land_sqmi": 1.152, "population": 4258, "median_household_income": 70805.0, "poverty_count": 219, "poverty_universe": 4258, "snap_households": 109, "snap_universe": 1306, "pct_low_access_half_mile": 56.88}}, {"type": "Feature", "geometry": {"type": "Point", "coordinates": [-97.3407406, 32.6419273]}, "properties": {"tract_geoid": "48439106006", "land_sqmi": 0.84, "population": 5201, "median_household_income": 58922.0, "poverty_count": 820, "poverty_universe": 5201, "snap_households": 459, "snap_universe": 1940, "pct_low_access_half_mile": 48.85}}, {"type": "Feature", "geometry": {"type": "Point", "coordinates": [-97.2507585, 32.6910774]}, "properties": {"tract_geoid": "48439106101", "land_sqmi": 1.402, "population": 1852, "median_household_income": 53274.0, "poverty_count": 233, "poverty_universe": 1776, "snap_households": 143, "snap_universe": 543, "pct_low_access_half_mile": 32.53}}, {"type": "Feature", "geometry": {"type": "Point", "coordinates": [-97.2510082, 32.6766218]}, "properties": {"tract_geoid": "48439106102", "land_sqmi": 1.12, "population": 4780, "median_household_income": 36407.0, "poverty_count": 1281, "poverty_universe": 4766, "snap_households": 344, "snap_universe": 1681, "pct_low_access_half_mile": 26.85}}, {"type": "Feature", "geometry": {"type": "Point", "coordinates": [-97.2586626, 32.7080075]}, "properties": {"tract_geoid": "48439106201", "land_sqmi": 0.595, "population": 4057, "median_household_income": 46136.0, "poverty_count": 812, "poverty_universe": 4032, "snap_households": 323, "snap_universe": 1096, "pct_low_access_half_mile": 10.3}}, {"type": "Feature", "geometry": {"type": "Point", "coordinates": [-97.246389, 32.7070413]}, "properties": {"tract_geoid": "48439106202", "land_sqmi": 1.201, "population": 4790, "median_household_income": 45455.0, "poverty_count": 651, "poverty_universe": 4701, "snap_households": 386, "snap_universe": 1690, "pct_low_access_half_mile": 24.36}}, {"type": "Feature", "geometry": {"type": "Point", "coordinates": [-97.2384623, 32.7154666]}, "properties": {"tract_geoid": "48439106300", "land_sqmi": 0.995, "population": 4615, "median_household_income": 41358.0, "poverty_count": 1684, "poverty_universe": 4615, "snap_households": 532, "snap_universe": 1152, "pct_low_access_half_mile": 27.87}}, {"type": "Feature", "geometry": {"type": "Point", "coordinates": [-97.2342791, 32.6936841]}, "properties": {"tract_geoid": "48439106400", "land_sqmi": 2.26, "population": 3250, "median_household_income": 48289.0, "poverty_count": 553, "poverty_universe": 3250, "snap_households": 87, "snap_universe": 1194, "pct_low_access_half_mile": 84.33}}, {"type": "Feature", "geometry": {"type": "Point", "coordinates": [-97.2269515, 32.7530613]}, "properties": {"tract_geoid": "48439106502", "land_sqmi": 0.951, "population": 2465, "median_household_income": 54718.0, "poverty_count": 443, "poverty_universe": 2455, "snap_households": 226, "snap_universe": 1121, "pct_low_access_half_mile": 68.25}}, {"type": "Feature", "geometry": {"type": "Point", "coordinates": [-97.2083283, 32.7524651]}, "properties": {"tract_geoid": "48439106503", "land_sqmi": 1.082, "population": 5241, "median_household_income": 54167.0, "poverty_count": 1766, "poverty_universe": 5241, "snap_households": 446, "snap_universe": 1922, "pct_low_access_half_mile": 37.28}}, {"type": "Feature", "geometry": {"type": "Point", "coordinates": [-97.2492064, 32.7641886]}, "properties": {"tract_geoid": "48439106507", "land_sqmi": 0.761, "population": 2366, "median_household_income": 64209.0, "poverty_count": 163, "poverty_universe": 2354, "snap_households": 70, "snap_universe": 1037, "pct_low_access_half_mile": 79.67}}, {"type": "Feature", "geometry": {"type": "Point", "coordinates": [-97.1588166, 32.7844649]}, "properties": {"tract_geoid": "48439106509", "land_sqmi": 5.863, "population": 6895, "median_household_income": 97696.0, "poverty_count": 449, "poverty_universe": 6876, "snap_households": 267, "snap_universe": 2511, "pct_low_access_half_mile": 86.29}}, {"type": "Feature", "geometry": {"type": "Point", "coordinates": [-97.1905321, 32.7525223]}, "properties": {"tract_geoid": "48439106512", "land_sqmi": 0.912, "population": 5094, "median_household_income": 68469.0, "poverty_count": 535, "poverty_universe": 5094, "snap_households": 240, "snap_universe": 2212, "pct_low_access_half_mile": 59.45}}, {"type": "Feature", "geometry": {"type": "Point", "coordinates": [-97.1904767, 32.7370133]}, "properties": {"tract_geoid": "48439106513", "land_sqmi": 1.047, "population": 3086, "median_household_income": 70913.0, "poverty_count": 183, "poverty_universe": 3086, "snap_households": 56, "snap_universe": 1086, "pct_low_access_half_mile": 73.65}}, {"type": "Feature", "geometry": {"type": "Point", "coordinates": [-97.174681, 32.7509863]}, "properties": {"tract_geoid": "48439106514", "land_sqmi": 1.709, "population": 5702, "median_household_income": 68045.0, "poverty_count": 392, "poverty_universe": 5680, "snap_households": 143, "snap_universe": 2395, "pct_low_access_half_mile": 30.1}}, {"type": "Feature", "geometry": {"type": "Point", "coordinates": [-97.2279428, 32.7720501]}, "properties": {"tract_geoid": "48439106515", "land_sqmi": 1.037, "population": 4146, "median_household_income": 51419.0, "poverty_count": 564, "poverty_universe": 4146, "snap_households": 429, "snap_universe": 1997, "pct_low_access_half_mile": 43.3}}, {"type": "Feature", "geometry": {"type": "Point", "coordinates": [-97.0463133, 32.8230674]}, "properties": {"tract_geoid": "48439106518", "land_sqmi": 3.01, "population": 6281, "median_household_income": 65799.0, "poverty_count": 669, "poverty_universe": 6281, "snap_households": 154, "snap_universe": 3615, "pct_low_access_half_mile": 49.66}}, {"type": "Feature", "geometry": {"type": "Point", "coordinates": [-97.2200941, 32.7659736]}, "properties": {"tract_geoid": "48439106519", "land_sqmi": 0.453, "population": 2127, "median_household_income": 33199.0, "poverty_count": 786, "poverty_universe": 2114, "snap_households": 249, "snap_universe": 985, "pct_low_access_half_mile": 7.09}}, {"type": "Feature", "geometry": {"type": "Point", "coordinates": [-97.231799, 32.7623732]}, "properties": {"tract_geoid": "48439106520", "land_sqmi": 0.237, "population": 4110, "median_household_income": 38732.0, "poverty_count": 1369, "poverty_universe": 4034, "snap_households": 340, "snap_universe": 1704, "pct_low_access_half_mile": 8.53}}, {"type": "Feature", "geometry": {"type": "Point", "coordinates": [-97.1836908, 32.7695062]}, "properties": {"tract_geoid": "48439106521", "land_sqmi": 2.056, "population": 5578, "median_household_income": 89240.0, "poverty_count": 512, "poverty_universe": 5578, "snap_households": 160, "snap_universe": 2027, "pct_low_access_half_mile": 62.77}}, {"type": "Feature", "geometry": {"type": "Point", "coordinates": [-97.2043698, 32.7696771]}, "properties": {"tract_geoid": "48439106522", "land_sqmi": 1.338, "population": 4462, "median_household_income": 68846.0, "poverty_count": 1211, "poverty_universe": 4445, "snap_households": 325, "snap_universe": 1560, "pct_low_access_half_mile": 42.57}}, {"type": "Feature", "geometry": {"type": "Point", "coordinates": [-97.0672633, 32.824747]}, "properties": {"tract_geoid": "48439106523", "land_sqmi": 0.949, "population": 4117, "median_household_income": 47100.0, "poverty_count": 511, "poverty_universe": 4117, "snap_households": 365, "snap_universe": 2115, "pct_low_access_half_mile": 39.91}}, {"type": "Feature", "geometry": {"type": "Point", "coordinates": [-97.1074785, 32.8131927]}, "properties": {"tract_geoid": "48439106524", "land_sqmi": 2.9, "population": 5353, "median_household_income": 99773.0, "poverty_count": 166, "poverty_universe": 5353, "snap_households": 67, "snap_universe": 1582, "pct_low_access_half_mile": 43.19}}, {"type": "Feature", "geometry": {"type": "Point", "coordinates": [-97.1995224, 32.8043792]}, "properties": {"tract_geoid": "48439106525", "land_sqmi": 0.52, "population": 2183, "median_household_income": 103672.0, "poverty_count": 405, "poverty_universe": 2157, "snap_households": 112, "snap_universe": 623, "pct_low_access_half_mile": 98.65}}, {"type": "Feature", "geometry": {"type": "Point", "coordinates": [-97.1940342, 32.793694]}, "properties": {"tract_geoid": "48439106526", "land_sqmi": 2.922, "population": 6742, "median_household_income": 122566.0, "poverty_count": 520, "poverty_universe": 6725, "snap_households": 279, "snap_universe": 2189, "pct_low_access_half_mile": 84.83}}, {"type": "Feature", "geometry": {"type": "Point", "coordinates": [-97.4276932, 32.8024271]}, "properties": {"tract_geoid": "48439106600", "land_sqmi": 1.407, "population": 2834, "median_household_income": 38250.0, "poverty_count": 545, "poverty_universe": 2834, "snap_households": 409, "snap_universe": 1315, "pct_low_access_half_mile": 81.37}}, {"type": "Feature", "geometry": {"type": "Point", "coordinates": [-97.4549573, 32.8457875]}, "properties": {"tract_geoid": "48439106700", "land_sqmi": 6.107, "population": 2275, "median_household_income": 78047.0, "poverty_count": 247, "poverty_universe": 2234, "snap_households": 68, "snap_universe": 836, "pct_low_access_half_mile": 76.36}}, {"type": "Feature", "geometry": {"type": "Point", "coordinates": [-97.2652236, 32.8079033]}, "properties": {"tract_geoid": "48439110102", "land_sqmi": 1.185, "population": 4296, "median_household_income": 43056.0, "poverty_count": 488, "poverty_universe": 4207, "snap_households": 430, "snap_universe": 1496, "pct_low_access_half_mile": 5.02}}, {"type": "Feature", "geometry": {"type": "Point", "coordinates": [-97.2664984, 32.8287531]}, "properties": {"tract_geoid": "48439110103", "land_sqmi": 0.672, "population": 4222, "median_household_income": 49429.0, "poverty_count": 127, "poverty_universe": 4222, "snap_households": 144, "snap_universe": 1787, "pct_low_access_half_mile": 40.76}}, {"type": "Feature", "geometry": {"type": "Point", "coordinates": [-97.2594524, 32.829802]}, "properties": {"tract_geoid": "48439110104", "land_sqmi": 0.721, "population": 3012, "median_household_income": 40133.0, "poverty_count": 198, "poverty_universe": 3012, "snap_households": 307, "snap_universe": 1700, "pct_low_access_half_mile": 4.2}}, {"type": "Feature", "geometry": {"type": "Point", "coordinates": [-97.2818401, 32.802352]}, "properties": {"tract_geoid": "48439110202", "land_sqmi": 1.025, "population": 4379, "median_household_income": 77933.0, "poverty_count": 240, "poverty_universe": 4379, "snap_households": 315, "snap_universe": 1273, "pct_low_access_half_mile": 21.06}}, {"type": "Feature", "geometry": {"type": "Point", "coordinates": [-97.2816937, 32.824787]}, "properties": {"tract_geoid": "48439110204", "land_sqmi": 2.134, "population": 8349, "median_household_income": 67813.0, "poverty_count": 2208, "poverty_universe": 8290, "snap_households": 542, "snap_universe": 2802, "pct_low_access_half_mile": 61.68}}, {"type": "Feature", "geometry": {"type": "Point", "coordinates": [-97.2813254, 32.8460027]}, "properties": {"tract_geoid": "48439110205", "land_sqmi": 1.046, "population": 5821, "median_household_income": 67869.0, "poverty_count": 473, "poverty_universe": 5755, "snap_households": 221, "snap_universe": 2334, "pct_low_access_half_mile": 52.11}}, {"type": "Feature", "geometry": {"type": "Point", "coordinates": [-97.2718125, 32.8517256]}, "properties": {"tract_geoid": "48439110206", "land_sqmi": 1.026, "population": 3180, "median_household_income": 56078.0, "poverty_count": 1022, "poverty_universe": 3180, "snap_households": 333, "snap_universe": 1150, "pct_low_access_half_mile": 56.39}}, {"type": "Feature", "geometry": {"type": "Point", "coordinates": [-97.2574151, 32.7927016]}, "properties": {"tract_geoid": "48439110301", "land_sqmi": 2.445, "population": 3240, "median_household_income": 40966.0, "poverty_count": 715, "poverty_universe": 3240, "snap_households": 240, "snap_universe": 1258, "pct_low_access_half_mile": 39.89}}, {"type": "Feature", "geometry": {"type": "Point", "coordinates": [-97.2825015, 32.7877651]}, "properties": {"tract_geoid": "48439110302", "land_sqmi": 1.131, "population": 4517, "median_household_income": 49593.0, "poverty_count": 526, "poverty_universe": 4517, "snap_households": 398, "snap_universe": 1833, "pct_low_access_half_mile": 9.93}}, {"type": "Feature", "geometry": {"type": "Point", "coordinates": [-97.4305479, 32.8129722]}, "properties": {"tract_geoid": "48439110401", "land_sqmi": 2.464, "population": 4667, "median_household_income": 83869.0, "poverty_count": 743, "poverty_universe": 4499, "snap_households": 186, "snap_universe": 1793, "pct_low_access_half_mile": 33.26}}, {"type": "Feature", "geometry": {"type": "Point", "coordinates": [-97.4020642, 32.802738]}, "properties": {"tract_geoid": "48439110402", "land_sqmi": 1.24, "population": 5387, "median_household_income": 40993.0, "poverty_count": 1399, "poverty_universe": 5290, "snap_households": 417, "snap_universe": 1768, "pct_low_access_half_mile": 43.95}}, {"type": "Feature", "geometry": {"type": "Point", "coordinates": [-97.3984257, 32.7766734]}, "properties": {"tract_geoid": "48439110500", "land_sqmi": 2.019, "population": 7516, "median_household_income": 65582.0, "poverty_count": 1009, "poverty_universe": 7344, "snap_households": 161, "snap_universe": 2305, "pct_low_access_half_mile": 28.04}}, {"type": "Feature", "geometry": {"type": "Point", "coordinates": [-97.4232569, 32.761945]}, "properties": {"tract_geoid": "48439110600", "land_sqmi": 2.073, "population": 2618, "median_household_income": 90750.0, "poverty_count": 463, "poverty_universe": 2618, "snap_households": 26, "snap_universe": 1087, "pct_low_access_half_mile": 47.08}}, {"type": "Feature", "geometry": {"type": "Point", "coordinates": [-97.470314, 32.7480838]}, "properties": {"tract_geoid": "48439110703", "land_sqmi": 1.273, "population": 5756, "median_household_income": 52518.0, "poverty_count": 290, "poverty_universe": 5477, "snap_households": 152, "snap_universe": 2122, "pct_low_access_half_mile": 66.49}}, {"type": "Feature", "geometry": {"type": "Point", "coordinates": [-97.450381, 32.7476706]}, "properties": {"tract_geoid": "48439110704", "land_sqmi": 1.984, "population": 4987, "median_household_income": 56163.0, "poverty_count": 880, "poverty_universe": 4757, "snap_households": 191, "snap_universe": 1720, "pct_low_access_half_mile": 14.27}}, {"type": "Feature", "geometry": {"type": "Point", "coordinates": [-97.4659425, 32.7723205]}, "properties": {"tract_geoid": "48439110705", "land_sqmi": 0.883, "population": 3710, "median_household_income": 78365.0, "poverty_count": 175, "poverty_universe": 3710, "snap_households": 86, "snap_universe": 1323, "pct_low_access_half_mile": 42.03}}, {"type": "Feature", "geometry": {"type": "Point", "coordinates": [-97.4662743, 32.7620721]}, "properties": {"tract_geoid": "48439110706", "land_sqmi": 1.133, "population": 3666, "median_household_income": 55819.0, "poverty_count": 438, "poverty_universe": 3666, "snap_households": 274, "snap_universe": 1452, "pct_low_access_half_mile": 22.87}}, {"type": "Feature", "geometry": {"type": "Point", "coordinates": [-97.4924649, 32.7497279]}, "properties": {"tract_geoid": "48439110805", "land_sqmi": 2.165, "population": 6647, "median_household_income": 90430.0, "poverty_count": 513, "poverty_universe": 6647, "snap_households": 101, "snap_universe": 2347, "pct_low_access_half_mile": 70.11}}, {"type": "Feature", "geometry": {"type": "Point", "coordinates": [-97.5215105, 32.7544552]}, "properties": {"tract_geoid": "48439110806", "land_sqmi": 4.74, "population": 5322, "median_household_income": 102929.0, "poverty_count": 114, "poverty_universe": 5322, "snap_households": 126, "snap_universe": 1988, "pct_low_access_half_mile": 76.58}}, {"type": "Feature", "geometry": {"type": "Point", "coordinates": [-97.5145975, 32.7266265]}, "properties": {"tract_geoid": "48439110807", "land_sqmi": 7.672, "population": 7861, "median_household_income": 105045.0, "poverty_count": 311, "poverty_universe": 7861, "snap_households": 199, "snap_universe": 2620, "pct_low_access_half_mile": 83.14}}, {"type": "Feature", "geometry": {"type": "Point", "coordinates": [-97.5202537, 32.6703841]}, "properties": {"tract_geoid": "48439110808", "land_sqmi": 21.07, "population": 5295, "median_household_income": 166532.0, "poverty_count": 147, "poverty_universe": 5295, "snap_households": 12, "snap_universe": 1930, "pct_low_access_half_mile": 100.0}}, {"type": "Feature", "geometry": {"type": "Point", "coordinates": [-97.4975023, 32.6625323]}, "properties": {"tract_geoid": "48439110809", "land_sqmi": 1.106, "population": 2593, "median_household_income": 100880.0, "poverty_count": 41, "poverty_universe": 2593, "snap_households": 26, "snap_universe": 1045, "pct_low_access_half_mile": 100.0}}, {"type": "Feature", "geometry": {"type": "Point", "coordinates": [-97.46284, 32.7069275]}, "properties": {"tract_geoid": "48439110901", "land_sqmi": 2.336, "population": 6057, "median_household_income": 102768.0, "poverty_count": 503, "poverty_universe": 6057, "snap_households": 148, "snap_universe": 2252, "pct_low_access_half_mile": 77.11}}, {"type": "Feature", "geometry": {"type": "Point", "coordinates": [-97.4181191, 32.6882591]}, "properties": {"tract_geoid": "48439110903", "land_sqmi": 0.789, "population": 1395, "median_household_income": 78995.0, "poverty_count": 91, "poverty_universe": 1386, "snap_households": 43, "snap_universe": 717, "pct_low_access_half_mile": 74.51}}, {"type": "Feature", "geometry": {"type": "Point", "coordinates": [-97.4356744, 32.6759835]}, "properties": {"tract_geoid": "48439110905", "land_sqmi": 2.938, "population": 4053, "median_household_income": 99306.0, "poverty_count": 278, "poverty_universe": 4046, "snap_households": 84, "snap_universe": 1637, "pct_low_access_half_mile": 99.52}}, {"type": "Feature", "geometry": {"type": "Point", "coordinates": [-97.4772941, 32.652673]}, "properties": {"tract_geoid": "48439110906", "land_sqmi": 5.755, "population": 4599, "median_household_income": 69742.0, "poverty_count": 246, "poverty_universe": 4542, "snap_households": 76, "snap_universe": 1784, "pct_low_access_half_mile": 65.23}}, {"type": "Feature", "geometry": {"type": "Point", "coordinates": [-97.4788542, 32.6730307]}, "properties": {"tract_geoid": "48439110907", "land_sqmi": 1.115, "population": 4003, "median_household_income": 101750.0, "poverty_count": 165, "poverty_universe": 4001, "snap_households": 46, "snap_universe": 1533, "pct_low_access_half_mile": 62.92}}, {"type": "Feature", "geometry": {"type": "Point", "coordinates": [-97.3406242, 32.6555296]}, "properties": {"tract_geoid": "48439111003", "land_sqmi": 1.293, "population": 3752, "median_household_income": 85236.0, "poverty_count": 169, "poverty_universe": 3614, "snap_households": 95, "snap_universe": 1259, "pct_low_access_half_mile": 52.53}}, {"type": "Feature", "geometry": {"type": "Point", "coordinates": [-97.4910722, 32.5964734]}, "properties": {"tract_geoid": "48439111010", "land_sqmi": 28.327, "population": 4371, "median_household_income": 110446.0, "poverty_count": 118, "poverty_universe": 4342, "snap_households": 8, "snap_universe": 1755, "pct_low_access_half_mile": 98.96}}, {"type": "Feature", "geometry": {"type": "Point", "coordinates": [-97.3515109, 32.5698856]}, "properties": {"tract_geoid": "48439111015", "land_sqmi": 1.43, "population": 2911, "median_household_income": 98194.0, "poverty_count": 216, "poverty_universe": 2871, "snap_households": 86, "snap_universe": 979, "pct_low_access_half_mile": 62.29}}, {"type": "Feature", "geometry": {"type": "Point", "coordinates": [-97.4261948, 32.5738427]}, "properties": {"tract_geoid": "48439111018", "land_sqmi": 13.021, "population": 2494, "median_household_income": 108750.0, "poverty_count": 76, "poverty_universe": 2494, "snap_households": 40, "snap_universe": 878, "pct_low_access_half_mile": 92.69}}, {"type": "Feature", "geometry": {"type": "Point", "coordinates": [-97.3360696, 32.6228838]}, "properties": {"tract_geoid": "48439111019", "land_sqmi": 2.328, "population": 4518, "median_household_income": 72367.0, "poverty_count": 390, "poverty_universe": 4418, "snap_households": 185, "snap_universe": 1530, "pct_low_access_half_mile": 35.33}}, {"type": "Feature", "geometry": {"type": "Point", "coordinates": [-97.3483764, 32.6284822]}, "properties": {"tract_geoid": "48439111020", "land_sqmi": 0.557, "population": 6146, "median_household_income": 49901.0, "poverty_count": 1297, "poverty_universe": 6146, "snap_households": 306, "snap_universe": 2218, "pct_low_access_half_mile": 39.44}}, {"type": "Feature", "geometry": {"type": "Point", "coordinates": [-97.3643826, 32.5949029]}, "properties": {"tract_geoid": "48439111021", "land_sqmi": 3.476, "population": 5182, "median_household_income": 99844.0, "poverty_count": 333, "poverty_universe": 5182, "snap_households": 72, "snap_universe": 1525, "pct_low_access_half_mile": 91.9}}, {"type": "Feature", "geometry": {"type": "Point", "coordinates": [-97.373433, 32.5651736]}, "properties": {"tract_geoid": "48439111022", "land_sqmi": 2.337, "population": 7293, "median_household_income": 100000.0, "poverty_count": 633, "poverty_universe": 7275, "snap_households": 192, "snap_universe": 2320, "pct_low_access_half_mile": 90.43}}, {"type": "Feature", "geometry": {"type": "Point", "coordinates": [-97.3728611, 32.6104147]}, "properties": {"tract_geoid": "48439111023", "land_sqmi": 1.12, "population": 8935, "median_household_income": 94340.0, "poverty_count": 1212, "poverty_universe": 8935, "snap_households": 400, "snap_universe": 2569, "pct_low_access_half_mile": 93.16}}, {"type": "Feature", "geometry": {"type": "Point", "coordinates": [-97.3775778, 32.621803]}, "properties": {"tract_geoid": "48439111024", "land_sqmi": 0.731, "population": 6234, "median_household_income": 79624.0, "poverty_count": 697, "poverty_universe": 6234, "snap_households": 298, "snap_universe": 1823, "pct_low_access_half_mile": 78.38}}, {"type": "Feature", "geometry": {"type": "Point", "coordinates": [-97.3627966, 32.6310074]}, "properties": {"tract_geoid": "48439111025", "land_sqmi": 0.367, "population": 4291, "median_household_income": 100521.0, "poverty_count": 511, "poverty_universe": 4278, "snap_households": 162, "snap_universe": 1376, "pct_low_access_half_mile": 70.65}}, {"type": "Feature", "geometry": {"type": "Point", "coordinates": [-97.362072, 32.6221858]}, "properties": {"tract_geoid": "48439111026", "land_sqmi": 0.91, "population": 6012, "median_household_income": 78723.0, "poverty_count": 393, "poverty_universe": 5979, "snap_households": 265, "snap_universe": 1780, "pct_low_access_half_mile": 68.73}}, {"type": "Feature", "geometry": {"type": "Point", "coordinates": [-97.3384214, 32.6040395]}, "properties": {"tract_geoid": "48439111027", "land_sqmi": 3.202, "population": 4681, "median_household_income": 93346.0, "poverty_count": 79, "poverty_universe": 4659, "snap_households": 13, "snap_universe": 1621, "pct_low_access_half_mile": 73.05}}, {"type": "Feature", "geometry": {"type": "Point", "coordinates": [-97.3436147, 32.5858536]}, "properties": {"tract_geoid": "48439111028", "land_sqmi": 1.938, "population": 9246, "median_household_income": 85735.0, "poverty_count": 1176, "poverty_universe": 9180, "snap_households": 599, "snap_universe": 2834, "pct_low_access_half_mile": 76.16}}, {"type": "Feature", "geometry": {"type": "Point", "coordinates": [-97.3398024, 32.5650253]}, "properties": {"tract_geoid": "48439111029", "land_sqmi": 1.666, "population": 8333, "median_household_income": 104646.0, "poverty_count": 614, "poverty_universe": 8318, "snap_households": 156, "snap_universe": 2434, "pct_low_access_half_mile": 90.96}}, {"type": "Feature", "geometry": {"type": "Point", "coordinates": [-97.3267069, 32.5600424]}, "properties": {"tract_geoid": "48439111030", "land_sqmi": 1.458, "population": 4068, "median_household_income": 79099.0, "poverty_count": 205, "poverty_universe": 4053, "snap_households": 158, "snap_universe": 1455, "pct_low_access_half_mile": 51.73}}, {"type": "Feature", "geometry": {"type": "Point", "coordinates": [-97.4179157, 32.6140113]}, "properties": {"tract_geoid": "48439111031", "land_sqmi": 1.869, "population": 2875, "median_household_income": 136165.0, "poverty_count": 209, "poverty_universe": 2875, "snap_households": 13, "snap_universe": 1209, "pct_low_access_half_mile": 99.28}}, {"type": "Feature", "geometry": {"type": "Point", "coordinates": [-97.401453, 32.6217783]}, "properties": {"tract_geoid": "48439111032", "land_sqmi": 1.322, "population": 6383, "median_household_income": 118337.0, "poverty_count": 321, "poverty_universe": 6383, "snap_households": 199, "snap_universe": 2065, "pct_low_access_half_mile": 77.99}}, {"type": "Feature", "geometry": {"type": "Point", "coordinates": [-97.4083176, 32.5955904]}, "properties": {"tract_geoid": "48439111033", "land_sqmi": 2.602, "population": 4975, "median_household_income": 128237.0, "poverty_count": 198, "poverty_universe": 4902, "snap_households": 24, "snap_universe": 1649, "pct_low_access_half_mile": 82.34}}, {"type": "Feature", "geometry": {"type": "Point", "coordinates": [-97.2633002, 32.6546299]}, "properties": {"tract_geoid": "48439111102", "land_sqmi": 2.294, "population": 6812, "median_household_income": 73565.0, "poverty_count": 1014, "poverty_universe": 6758, "snap_households": 423, "snap_universe": 2135, "pct_low_access_half_mile": 73.03}}, {"type": "Feature", "geometry": {"type": "Point", "coordinates": [-97.2586315, 32.6685022]}, "properties": {"tract_geoid": "48439111103", "land_sqmi": 1.07, "population": 3715, "median_household_income": 56517.0, "poverty_count": 476, "poverty_universe": 3715, "snap_households": 278, "snap_universe": 1225, "pct_low_access_half_mile": 59.23}}, {"type": "Feature", "geometry": {"type": "Point", "coordinates": [-97.2750243, 32.6709407]}, "properties": {"tract_geoid": "48439111104", "land_sqmi": 1.035, "population": 3551, "median_household_income": 52239.0, "poverty_count": 608, "poverty_universe": 3551, "snap_households": 270, "snap_universe": 1009, "pct_low_access_half_mile": 49.52}}, {"type": "Feature", "geometry": {"type": "Point", "coordinates": [-97.2842465, 32.6288274]}, "properties": {"tract_geoid": "48439111202", "land_sqmi": 1.761, "population": 6060, "median_household_income": 60068.0, "poverty_count": 1295, "poverty_universe": 6060, "snap_households": 591, "snap_universe": 2188, "pct_low_access_half_mile": 34.71}}, {"type": "Feature", "geometry": {"type": "Point", "coordinates": [-97.2878433, 32.5890599]}, "properties": {"tract_geoid": "48439111203", "land_sqmi": 6.541, "population": 9002, "median_household_income": 104754.0, "poverty_count": 215, "poverty_universe": 8789, "snap_households": 184, "snap_universe": 2588, "pct_low_access_half_mile": 89.63}}, {"type": "Feature", "geometry": {"type": "Point", "coordinates": [-97.2773026, 32.5648514]}, "properties": {"tract_geoid": "48439111204", "land_sqmi": 8.313, "population": 4948, "median_household_income": 122371.0, "poverty_count": 302, "poverty_universe": 4889, "snap_households": 27, "snap_universe": 1769, "pct_low_access_half_mile": 87.88}}, {"type": "Feature", "geometry": {"type": "Point", "coordinates": [-97.1252901, 32.5931368]}, "properties": {"tract_geoid": "48439111304", "land_sqmi": 1.746, "population": 6726, "median_household_income": 117764.0, "poverty_count": 215, "poverty_universe": 6726, "snap_households": 58, "snap_universe": 2464, "pct_low_access_half_mile": 69.73}}, {"type": "Feature", "geometry": {"type": "Point", "coordinates": [-97.1603839, 32.567788]}, "properties": {"tract_geoid": "48439111306", "land_sqmi": 4.852, "population": 6457, "median_household_income": 67391.0, "poverty_count": 1094, "poverty_universe": 6457, "snap_households": 57, "snap_universe": 2368, "pct_low_access_half_mile": 79.3}}, {"type": "Feature", "geometry": {"type": "Point", "coordinates": [-97.145848, 32.584734]}, "properties": {"tract_geoid": "48439111307", "land_sqmi": 1.327, "population": 3287, "median_household_income": 64123.0, "poverty_count": 485, "poverty_universe": 3287, "snap_households": 231, "snap_universe": 1168, "pct_low_access_half_mile": 41.3}}, {"type": "Feature", "geometry": {"type": "Point", "coordinates": [-97.1302705, 32.5747441]}, "properties": {"tract_geoid": "48439111308", "land_sqmi": 1.077, "population": 1852, "median_household_income": 75000.0, "poverty_count": 123, "poverty_universe": 1852, "snap_households": 116, "snap_universe": 730, "pct_low_access_half_mile": 19.57}}, {"type": "Feature", "geometry": {"type": "Point", "coordinates": [-97.1254867, 32.5576637]}, "properties": {"tract_geoid": "48439111309", "land_sqmi": 1.616, "population": 3618, "median_household_income": 66340.0, "poverty_count": 320, "poverty_universe": 3441, "snap_households": 78, "snap_universe": 1307, "pct_low_access_half_mile": 67.0}}, {"type": "Feature", "geometry": {"type": "Point", "coordinates": [-97.101299, 32.5953816]}, "properties": {"tract_geoid": "48439111311", "land_sqmi": 1.716, "population": 7457, "median_household_income": 134500.0, "poverty_count": 29, "poverty_universe": 7365, "snap_households": 17, "snap_universe": 2460, "pct_low_access_half_mile": 71.73}}, {"type": "Feature", "geometry": {"type": "Point", "coordinates": [-97.1035198, 32.5645889]}, "properties": {"tract_geoid": "48439111312", "land_sqmi": 4.055, "population": 3329, "median_household_income": 174107.0, "poverty_count": 46, "poverty_universe": 3216, "snap_households": 5, "snap_universe": 1132, "pct_low_access_half_mile": 84.79}}, {"type": "Feature", "geometry": {"type": "Point", "coordinates": [-97.0687251, 32.5568609]}, "properties": {"tract_geoid": "48439111314", "land_sqmi": 1.997, "population": 8461, "median_household_income": 150459.0, "poverty_count": 654, "poverty_universe": 8459, "snap_households": 99, "snap_universe": 2282, "pct_low_access_half_mile": 100.0}}, {"type": "Feature", "geometry": {"type": "Point", "coordinates": [-97.085978, 32.5992301]}, "properties": {"tract_geoid": "48439111315", "land_sqmi": 0.928, "population": 4236, "median_household_income": 104167.0, "poverty_count": 726, "poverty_universe": 4236, "snap_households": 0, "snap_universe": 1216, "pct_low_access_half_mile": 97.62}}, {"type": "Feature", "geometry": {"type": "Point", "coordinates": [-97.0901845, 32.6149452]}, "properties": {"tract_geoid": "48439111316", "land_sqmi": 1.583, "population": 6646, "median_household_income": 115938.0, "poverty_count": 97, "poverty_universe": 6646, "snap_households": 109, "snap_universe": 2029, "pct_low_access_half_mile": 97.88}}, {"type": "Feature", "geometry": {"type": "Point", "coordinates": [-97.2219513, 32.5713963]}, "properties": {"tract_geoid": "48439111317", "land_sqmi": 9.583, "population": 5426, "median_household_income": 97108.0, "poverty_count": 853, "poverty_universe": 5383, "snap_households": 104, "snap_universe": 1680, "pct_low_access_half_mile": 87.72}}, {"type": "Feature", "geometry": {"type": "Point", "coordinates": [-97.2041757, 32.5992757]}, "properties": {"tract_geoid": "48439111318", "land_sqmi": 7.072, "population": 6266, "median_household_income": 105243.0, "poverty_count": 648, "poverty_universe": 6246, "snap_households": 353, "snap_universe": 2068, "pct_low_access_half_mile": 96.84}}, {"type": "Feature", "geometry": {"type": "Point", "coordinates": [-97.078861, 32.5743059]}, "properties": {"tract_geoid": "48439111319", "land_sqmi": 3.659, "population": 10195, "median_household_income": 120509.0, "poverty_count": 806, "poverty_universe": 10133, "snap_households": 212, "snap_universe": 3107, "pct_low_access_half_mile": 82.63}}, {"type": "Feature", "geometry": {"type": "Point", "coordinates": [-97.0418878, 32.5807093]}, "properties": {"tract_geoid": "48439111320", "land_sqmi": 1.652, "population": 6009, "median_household_income": 147203.0, "poverty_count": 320, "poverty_universe": 6009, "snap_households": 2, "snap_universe": 1881, "pct_low_access_half_mile": 100.0}}, {"type": "Feature", "geometry": {"type": "Point", "coordinates": [-97.169682, 32.6424571]}, "properties": {"tract_geoid": "48439111402", "land_sqmi": 1.383, "population": 6831, "median_household_income": 105313.0, "poverty_count": 357, "poverty_universe": 6831, "snap_households": 85, "snap_universe": 2319, "pct_low_access_half_mile": 90.44}}, {"type": "Feature", "geometry": {"type": "Point", "coordinates": [-97.2305145, 32.6336509]}, "properties": {"tract_geoid": "48439111405", "land_sqmi": 6.839, "population": 2632, "median_household_income": 78986.0, "poverty_count": 193, "poverty_universe": 2629, "snap_households": 128, "snap_universe": 975, "pct_low_access_half_mile": 67.23}}, {"type": "Feature", "geometry": {"type": "Point", "coordinates": [-97.1598935, 32.6041516]}, "properties": {"tract_geoid": "48439111406", "land_sqmi": 2.838, "population": 4449, "median_household_income": 132222.0, "poverty_count": 132, "poverty_universe": 4449, "snap_households": 0, "snap_universe": 1376, "pct_low_access_half_mile": 74.61}}, {"type": "Feature", "geometry": {"type": "Point", "coordinates": [-97.1396182, 32.6236546]}, "properties": {"tract_geoid": "48439111407", "land_sqmi": 2.073, "population": 3768, "median_household_income": 160833.0, "poverty_count": 64, "poverty_universe": 3686, "snap_households": 18, "snap_universe": 1194, "pct_low_access_half_mile": 72.6}}, {"type": "Feature", "geometry": {"type": "Point", "coordinates": [-97.1923175, 32.6220588]}, "properties": {"tract_geoid": "48439111408", "land_sqmi": 4.52, "population": 4321, "median_household_income": 72245.0, "poverty_count": 803, "poverty_universe": 4278, "snap_households": 311, "snap_universe": 1691, "pct_low_access_half_mile": 93.46}}, {"type": "Feature", "geometry": {"type": "Point", "coordinates": [-97.1547822, 32.6356606]}, "properties": {"tract_geoid": "48439111409", "land_sqmi": 1.778, "population": 5731, "median_household_income": 127880.0, "poverty_count": 701, "poverty_universe": 5721, "snap_households": 42, "snap_universe": 2033, "pct_low_access_half_mile": 99.62}}, {"type": "Feature", "geometry": {"type": "Point", "coordinates": [-97.2133136, 32.6652225]}, "properties": {"tract_geoid": "48439111410", "land_sqmi": 0.706, "population": 3555, "median_household_income": 59104.0, "poverty_count": 178, "poverty_universe": 3555, "snap_households": 158, "snap_universe": 1780, "pct_low_access_half_mile": 65.35}}, {"type": "Feature", "geometry": {"type": "Point", "coordinates": [-97.2007467, 32.64269]}, "properties": {"tract_geoid": "48439111411", "land_sqmi": 2.398, "population": 5837, "median_household_income": 120074.0, "poverty_count": 405, "poverty_universe": 5792, "snap_households": 56, "snap_universe": 1911, "pct_low_access_half_mile": 90.19}}, {"type": "Feature", "geometry": {"type": "Point", "coordinates": [-97.1574881, 32.7316361]}, "properties": {"tract_geoid": "48439111505", "land_sqmi": 0.957, "population": 4910, "median_household_income": 98750.0, "poverty_count": 157, "poverty_universe": 4910, "snap_households": 80, "snap_universe": 1773, "pct_low_access_half_mile": 36.42}}, {"type": "Feature", "geometry": {"type": "Point", "coordinates": [-97.1615686, 32.7157439]}, "properties": {"tract_geoid": "48439111506", "land_sqmi": 1.677, "population": 6128, "median_household_income": 57360.0, "poverty_count": 890, "poverty_universe": 6093, "snap_households": 377, "snap_universe": 2655, "pct_low_access_half_mile": 37.65}}, {"type": "Feature", "geometry": {"type": "Point", "coordinates": [-97.0749765, 32.6669835]}, "properties": {"tract_geoid": "48439111513", "land_sqmi": 1.854, "population": 4660, "median_household_income": 78796.0, "poverty_count": 780, "poverty_universe": 4660, "snap_households": 143, "snap_universe": 1368, "pct_low_access_half_mile": 46.88}}, {"type": "Feature", "geometry": {"type": "Point", "coordinates": [-97.0841956, 32.6632227]}, "properties": {"tract_geoid": "48439111514", "land_sqmi": 1.369, "population": 5557, "median_household_income": 84587.0, "poverty_count": 79, "poverty_universe": 5557, "snap_households": 79, "snap_universe": 1784, "pct_low_access_half_mile": 70.32}}, {"type": "Feature", "geometry": {"type": "Point", "coordinates": [-97.1245117, 32.666147]}, "properties": {"tract_geoid": "48439111516", "land_sqmi": 1.679, "population": 7137, "median_household_income": 69271.0, "poverty_count": 640, "poverty_universe": 7137, "snap_households": 235, "snap_universe": 2189, "pct_low_access_half_mile": 32.55}}, {"type": "Feature", "geometry": {"type": "Point", "coordinates": [-97.0891636, 32.6989216]}, "properties": {"tract_geoid": "48439111522", "land_sqmi": 1.003, "population": 7058, "median_household_income": 66576.0, "poverty_count": 1112, "poverty_universe": 7058, "snap_households": 284, "snap_universe": 2047, "pct_low_access_half_mile": 39.77}}, {"type": "Feature", "geometry": {"type": "Point", "coordinates": [-97.1086153, 32.6833909]}, "properties": {"tract_geoid": "48439111525", "land_sqmi": 2.085, "population": 6931, "median_household_income": 65815.0, "poverty_count": 917, "poverty_universe": 6763, "snap_households": 274, "snap_universe": 2083, "pct_low_access_half_mile": 41.51}}, {"type": "Feature", "geometry": {"type": "Point", "coordinates": [-97.1346428, 32.7031354]}, "properties": {"tract_geoid": "48439111526", "land_sqmi": 0.837, "population": 4688, "median_household_income": 78945.0, "poverty_count": 704, "poverty_universe": 4668, "snap_households": 226, "snap_universe": 1713, "pct_low_access_half_mile": 30.11}}, {"type": "Feature", "geometry": {"type": "Point", "coordinates": [-97.1752687, 32.6975651]}, "properties": {"tract_geoid": "48439111529", "land_sqmi": 0.825, "population": 3654, "median_household_income": 102068.0, "poverty_count": 143, "poverty_universe": 3647, "snap_households": 20, "snap_universe": 1363, "pct_low_access_half_mile": 97.0}}, {"type": "Feature", "geometry": {"type": "Point", "coordinates": [-97.1518437, 32.6687072]}, "properties": {"tract_geoid": "48439111530", "land_sqmi": 1.952, "population": 5199, "median_household_income": 128750.0, "poverty_count": 127, "poverty_universe": 5199, "snap_households": 12, "snap_universe": 2088, "pct_low_access_half_mile": 76.58}}, {"type": "Feature", "geometry": {"type": "Point", "coordinates": [-97.1774686, 32.6686991]}, "properties": {"tract_geoid": "48439111531", "land_sqmi": 1.343, "population": 4648, "median_household_income": 89375.0, "poverty_count": 630, "poverty_universe": 4529, "snap_households": 69, "snap_universe": 1585, "pct_low_access_half_mile": 64.67}}, {"type": "Feature", "geometry": {"type": "Point", "coordinates": [-97.197589, 32.6588933]}, "properties": {"tract_geoid": "48439111532", "land_sqmi": 1.864, "population": 7479, "median_household_income": 111458.0, "poverty_count": 495, "poverty_universe": 7479, "snap_households": 17, "snap_universe": 2676, "pct_low_access_half_mile": 77.65}}, {"type": "Feature", "geometry": {"type": "Point", "coordinates": [-97.1488962, 32.6543964]}, "properties": {"tract_geoid": "48439111533", "land_sqmi": 1.248, "population": 5532, "median_household_income": 102625.0, "poverty_count": 255, "poverty_universe": 5348, "snap_households": 102, "snap_universe": 1754, "pct_low_access_half_mile": 70.81}}, {"type": "Feature", "geometry": {"type": "Point", "coordinates": [-97.1781915, 32.6548139]}, "properties": {"tract_geoid": "48439111534", "land_sqmi": 1.305, "population": 6449, "median_household_income": 84622.0, "poverty_count": 288, "poverty_universe": 6387, "snap_households": 128, "snap_universe": 2313, "pct_low_access_half_mile": 68.02}}, {"type": "Feature", "geometry": {"type": "Point", "coordinates": [-97.0490466, 32.698761]}, "properties": {"tract_geoid": "48439111536", "land_sqmi": 1.513, "population": 4072, "median_household_income": 56690.0, "poverty_count": 569, "poverty_universe": 4072, "snap_households": 148, "snap_universe": 1705, "pct_low_access_half_mile": 26.03}}, {"type": "Feature", "geometry": {"type": "Point", "coordinates": [-97.0482776, 32.6712687]}, "properties": {"tract_geoid": "48439111538", "land_sqmi": 0.96, "population": 5887, "median_household_income": 76875.0, "poverty_count": 277, "poverty_universe": 5887, "snap_households": 140, "snap_universe": 2432, "pct_low_access_half_mile": 48.43}}, {"type": "Feature", "geometry": {"type": "Point", "coordinates": [-97.1010146, 32.6709083]}, "properties": {"tract_geoid": "48439111540", "land_sqmi": 2.361, "population": 6677, "median_household_income": 77395.0, "poverty_count": 548, "poverty_universe": 6677, "snap_households": 255, "snap_universe": 2193, "pct_low_access_half_mile": 76.51}}, {"type": "Feature", "geometry": {"type": "Point", "coordinates": [-97.1085625, 32.6517824]}, "properties": {"tract_geoid": "48439111541", "land_sqmi": 0.727, "population": 3786, "median_household_income": 70682.0, "poverty_count": 368, "poverty_universe": 3769, "snap_households": 192, "snap_universe": 1240, "pct_low_access_half_mile": 38.6}}, {"type": "Feature", "geometry": {"type": "Point", "coordinates": [-97.1087964, 32.6356509]}, "properties": {"tract_geoid": "48439111542", "land_sqmi": 0.962, "population": 5444, "median_household_income": 89375.0, "poverty_count": 354, "poverty_universe": 5444, "snap_households": 48, "snap_universe": 1755, "pct_low_access_half_mile": 62.48}}, {"type": "Feature", "geometry": {"type": "Point", "coordinates": [-97.1249644, 32.6502099]}, "properties": {"tract_geoid": "48439111543", "land_sqmi": 0.788, "population": 8714, "median_household_income": 81969.0, "poverty_count": 1541, "poverty_universe": 8714, "snap_households": 466, "snap_universe": 2417, "pct_low_access_half_mile": 42.82}}, {"type": "Feature", "geometry": {"type": "Point", "coordinates": [-97.1252523, 32.6356053]}, "properties": {"tract_geoid": "48439111544", "land_sqmi": 1.442, "population": 8111, "median_household_income": 96458.0, "poverty_count": 697, "poverty_universe": 7654, "snap_households": 281, "snap_universe": 2473, "pct_low_access_half_mile": 67.25}}, {"type": "Feature", "geometry": {"type": "Point", "coordinates": [-97.1591249, 32.6941657]}, "properties": {"tract_geoid": "48439111545", "land_sqmi": 2.008, "population": 2174, "median_household_income": 109076.0, "poverty_count": 70, "poverty_universe": 2174, "snap_households": 12, "snap_universe": 883, "pct_low_access_half_mile": 90.31}}, {"type": "Feature", "geometry": {"type": "Point", "coordinates": [-97.1761377, 32.6812144]}, "properties": {"tract_geoid": "48439111546", "land_sqmi": 1.845, "population": 7421, "median_household_income": 125082.0, "poverty_count": 54, "poverty_universe": 7368, "snap_households": 96, "snap_universe": 2304, "pct_low_access_half_mile": 67.31}}, {"type": "Feature", "geometry": {"type": "Point", "coordinates": [-97.1341105, 32.604005]}, "properties": {"tract_geoid": "48439111551", "land_sqmi": 1.371, "population": 7998, "median_household_income": 131750.0, "poverty_count": 95, "poverty_universe": 7998, "snap_households": 45, "snap_universe": 2518, "pct_low_access_half_mile": 71.96}}, {"type": "Feature", "geometry": {"type": "Point", "coordinates": [-97.1393806, 32.6936865]}, "properties": {"tract_geoid": "48439111552", "land_sqmi": 1.017, "population": 3657, "median_household_income": 87778.0, "poverty_count": 131, "poverty_universe": 3657, "snap_households": 25, "snap_universe": 1334, "pct_low_access_half_mile": 35.36}}, {"type": "Feature", "geometry": {"type": "Point", "coordinates": [-97.1398974, 32.682416]}, "properties": {"tract_geoid": "48439111553", "land_sqmi": 0.878, "population": 4188, "median_household_income": 56200.0, "poverty_count": 877, "poverty_universe": 4188, "snap_households": 139, "snap_universe": 1826, "pct_low_access_half_mile": 14.42}}, {"type": "Feature", "geometry": {"type": "Point", "coordinates": [-97.0488758, 32.6615804]}, "properties": {"tract_geoid": "48439111554", "land_sqmi": 0.996, "population": 5334, "median_household_income": 106398.0, "poverty_count": 96, "poverty_universe": 5289, "snap_households": 108, "snap_universe": 1461, "pct_low_access_half_mile": 88.39}}, {"type": "Feature", "geometry": {"type": "Point", "coordinates": [-97.0514355, 32.6530308]}, "properties": {"tract_geoid": "48439111555", "land_sqmi": 1.009, "population": 5420, "median_household_income": 115278.0, "poverty_count": 322, "poverty_universe": 5420, "snap_households": 237, "snap_universe": 1606, "pct_low_access_half_mile": 83.15}}, {"type": "Feature", "geometry": {"type": "Point", "coordinates": [-97.067015, 32.698754]}, "properties": {"tract_geoid": "48439111556", "land_sqmi": 0.589, "population": 4034, "median_household_income": 57303.0, "poverty_count": 467, "poverty_universe": 4034, "snap_households": 196, "snap_universe": 1655, "pct_low_access_half_mile": 26.76}}, {"type": "Feature", "geometry": {"type": "Point", "coordinates": [-97.076319, 32.698763]}, "properties": {"tract_geoid": "48439111557", "land_sqmi": 0.498, "population": 2609, "median_household_income": 74926.0, "poverty_count": 235, "poverty_universe": 2609, "snap_households": 92, "snap_universe": 795, "pct_low_access_half_mile": 36.64}}, {"type": "Feature", "geometry": {"type": "Point", "coordinates": [-97.1057765, 32.6995863]}, "properties": {"tract_geoid": "48439111558", "land_sqmi": 0.903, "population": 6113, "median_household_income": 69344.0, "poverty_count": 1036, "poverty_universe": 6113, "snap_households": 478, "snap_universe": 1816, "pct_low_access_half_mile": 44.44}}, {"type": "Feature", "geometry": {"type": "Point", "coordinates": [-97.1180593, 32.6962827]}, "properties": {"tract_geoid": "48439111559", "land_sqmi": 0.622, "population": 2361, "median_household_income": 73803.0, "poverty_count": 143, "poverty_universe": 2289, "snap_households": 42, "snap_universe": 917, "pct_low_access_half_mile": 51.72}}, {"type": "Feature", "geometry": {"type": "Point", "coordinates": [-97.0969898, 32.6394111]}, "properties": {"tract_geoid": "48439111560", "land_sqmi": 1.331, "population": 6067, "median_household_income": 72423.0, "poverty_count": 1928, "poverty_universe": 6044, "snap_households": 393, "snap_universe": 1809, "pct_low_access_half_mile": 27.96}}, {"type": "Feature", "geometry": {"type": "Point", "coordinates": [-97.0824684, 32.639467]}, "properties": {"tract_geoid": "48439111561", "land_sqmi": 0.895, "population": 4555, "median_household_income": 102697.0, "poverty_count": 156, "poverty_universe": 4530, "snap_households": 144, "snap_universe": 1345, "pct_low_access_half_mile": 45.45}}, {"type": "Feature", "geometry": {"type": "Point", "coordinates": [-97.074062, 32.6318246]}, "properties": {"tract_geoid": "48439111562", "land_sqmi": 1.579, "population": 5108, "median_household_income": 135355.0, "poverty_count": 349, "poverty_universe": 5108, "snap_households": 33, "snap_universe": 1430, "pct_low_access_half_mile": 69.91}}, {"type": "Feature", "geometry": {"type": "Point", "coordinates": [-97.0512258, 32.6411905]}, "properties": {"tract_geoid": "48439111563", "land_sqmi": 1.377, "population": 4922, "median_household_income": 119554.0, "poverty_count": 125, "poverty_universe": 4907, "snap_households": 99, "snap_universe": 1379, "pct_low_access_half_mile": 88.14}}, {"type": "Feature", "geometry": {"type": "Point", "coordinates": [-97.0614841, 32.6173407]}, "properties": {"tract_geoid": "48439111564", "land_sqmi": 3.13, "population": 5380, "median_household_income": 92697.0, "poverty_count": 199, "poverty_universe": 5374, "snap_households": 64, "snap_universe": 2197, "pct_low_access_half_mile": 99.66}}, {"type": "Feature", "geometry": {"type": "Point", "coordinates": [-97.0637598, 32.590541]}, "properties": {"tract_geoid": "48439111565", "land_sqmi": 1.49, "population": 5624, "median_household_income": 137413.0, "poverty_count": 650, "poverty_universe": 5587, "snap_households": 46, "snap_universe": 1873, "pct_low_access_half_mile": 93.61}}, {"type": "Feature", "geometry": {"type": "Point", "coordinates": [-97.045693, 32.6064614]}, "properties": {"tract_geoid": "48439111566", "land_sqmi": 1.288, "population": 8326, "median_household_income": 216619.0, "poverty_count": 123, "poverty_universe": 8317, "snap_households": 53, "snap_universe": 2245, "pct_low_access_half_mile": 100.0}}, {"type": "Feature", "geometry": {"type": "Point", "coordinates": [-97.1275586, 32.6189959]}, "properties": {"tract_geoid": "48439111567", "land_sqmi": 1.341, "population": 9147, "median_household_income": 95926.0, "poverty_count": 597, "poverty_universe": 9000, "snap_households": 367, "snap_universe": 1976, "pct_low_access_half_mile": 39.36}}, {"type": "Feature", "geometry": {"type": "Point", "coordinates": [-97.106468, 32.6186425]}, "properties": {"tract_geoid": "48439111568", "land_sqmi": 0.986, "population": 7141, "median_household_income": 109233.0, "poverty_count": 194, "poverty_universe": 7099, "snap_households": 112, "snap_universe": 2087, "pct_low_access_half_mile": 59.25}}, {"type": "Feature", "geometry": {"type": "Point", "coordinates": [-97.0880263, 32.6849814]}, "properties": {"tract_geoid": "48439111569", "land_sqmi": 0.827, "population": 4730, "median_household_income": 63032.0, "poverty_count": 911, "poverty_universe": 4637, "snap_households": 207, "snap_universe": 1467, "pct_low_access_half_mile": 46.34}}, {"type": "Feature", "geometry": {"type": "Point", "coordinates": [-97.0703655, 32.6850984]}, "properties": {"tract_geoid": "48439111570", "land_sqmi": 1.108, "population": 4977, "median_household_income": 58200.0, "poverty_count": 926, "poverty_universe": 4947, "snap_households": 250, "snap_universe": 1527, "pct_low_access_half_mile": 59.66}}, {"type": "Feature", "geometry": {"type": "Point", "coordinates": [-97.0526757, 32.6844147]}, "properties": {"tract_geoid": "48439111571", "land_sqmi": 0.988, "population": 3659, "median_household_income": 71205.0, "poverty_count": 169, "poverty_universe": 3622, "snap_households": 93, "snap_universe": 1481, "pct_low_access_half_mile": 58.38}}, {"type": "Feature", "geometry": {"type": "Point", "coordinates": [-97.0403813, 32.6836677]}, "properties": {"tract_geoid": "48439111572", "land_sqmi": 0.485, "population": 3351, "median_household_income": 89009.0, "poverty_count": 456, "poverty_universe": 3351, "snap_households": 84, "snap_universe": 1252, "pct_low_access_half_mile": 59.14}}, {"type": "Feature", "geometry": {"type": "Point", "coordinates": [-97.0497424, 32.7890866]}, "properties": {"tract_geoid": "48439113003", "land_sqmi": 3.395, "population": 1370, "median_household_income": 66816.0, "poverty_count": 50, "poverty_universe": 1370, "snap_households": 14, "snap_universe": 723, "pct_low_access_half_mile": 23.5}}, {"type": "Feature", "geometry": {"type": "Point", "coordinates": [-97.0425708, 32.7693105]}, "properties": {"tract_geoid": "48439113004", "land_sqmi": 0.963, "population": 2926, "median_household_income": 127630.0, "poverty_count": 75, "poverty_universe": 2926, "snap_households": 31, "snap_universe": 1222, "pct_low_access_half_mile": 80.21}}, {"type": "Feature", "geometry": {"type": "Point", "coordinates": [-97.0498852, 32.7503778]}, "properties": {"tract_geoid": "48439113005", "land_sqmi": 2.842, "population": 2125, "median_household_income": 36700.0, "poverty_count": 397, "poverty_universe": 2045, "snap_households": 158, "snap_universe": 942, "pct_low_access_half_mile": 7.0}}, {"type": "Feature", "geometry": {"type": "Point", "coordinates": [-97.0511729, 32.7314657]}, "properties": {"tract_geoid": "48439113006", "land_sqmi": 0.318, "population": 1864, "median_household_income": 53602.0, "poverty_count": 55, "poverty_universe": 1864, "snap_households": 22, "snap_universe": 740, "pct_low_access_half_mile": 100.0}}, {"type": "Feature", "geometry": {"type": "Point", "coordinates": [-97.0412166, 32.7217949]}, "properties": {"tract_geoid": "48439113007", "land_sqmi": 1.405, "population": 3304, "median_household_income": 40399.0, "poverty_count": 733, "poverty_universe": 3304, "snap_households": 299, "snap_universe": 1371, "pct_low_access_half_mile": 41.97}}, {"type": "Feature", "geometry": {"type": "Point", "coordinates": [-97.1185548, 32.7916818]}, "properties": {"tract_geoid": "48439113102", "land_sqmi": 4.621, "population": 4489, "median_household_income": 66595.0, "poverty_count": 73, "poverty_universe": 4489, "snap_households": 25, "snap_universe": 2489, "pct_low_access_half_mile": 78.8}}, {"type": "Feature", "geometry": {"type": "Point", "coordinates": [-97.0884396, 32.7778326]}, "properties": {"tract_geoid": "48439113104", "land_sqmi": 0.485, "population": 3823, "median_household_income": 47595.0, "poverty_count": 542, "poverty_universe": 3823, "snap_households": 101, "snap_universe": 2365, "pct_low_access_half_mile": 16.55}}, {"type": "Feature", "geometry": {"type": "Point", "coordinates": [-97.1190296, 32.7697507]}, "properties": {"tract_geoid": "48439113107", "land_sqmi": 0.642, "population": 2212, "median_household_income": 72561.0, "poverty_count": 154, "poverty_universe": 2212, "snap_households": 22, "snap_universe": 1040, "pct_low_access_half_mile": 30.56}}, {"type": "Feature", "geometry": {"type": "Point", "coordinates": [-97.1330818, 32.7684903]}, "properties": {"tract_geoid": "48439113108", "land_sqmi": 2.134, "population": 4312, "median_household_income": 154333.0, "poverty_count": 181, "poverty_universe": 4300, "snap_households": 43, "snap_universe": 1640, "pct_low_access_half_mile": 83.74}}, {"type": "Feature", "geometry": {"type": "Point", "coordinates": [-97.0758012, 32.7658676]}, "properties": {"tract_geoid": "48439113109", "land_sqmi": 0.969, "population": 3814, "median_household_income": 55838.0, "poverty_count": 355, "poverty_universe": 3806, "snap_households": 168, "snap_universe": 1877, "pct_low_access_half_mile": 32.82}}, {"type": "Feature", "geometry": {"type": "Point", "coordinates": [-97.091339, 32.7673933]}, "properties": {"tract_geoid": "48439113110", "land_sqmi": 0.693, "population": 4994, "median_household_income": 54373.0, "poverty_count": 674, "poverty_universe": 4994, "snap_households": 234, "snap_universe": 2731, "pct_low_access_half_mile": 5.94}}, {"type": "Feature", "geometry": {"type": "Point", "coordinates": [-97.1092221, 32.7679133]}, "properties": {"tract_geoid": "48439113112", "land_sqmi": 0.688, "population": 2117, "median_household_income": 81560.0, "poverty_count": 176, "poverty_universe": 2117, "snap_households": 74, "snap_universe": 1144, "pct_low_access_half_mile": 88.29}}, {"type": "Feature", "geometry": {"type": "Point", "coordinates": [-97.0686974, 32.7723668]}, "properties": {"tract_geoid": "48439113115", "land_sqmi": 0.438, "population": 4384, "median_household_income": 52574.0, "poverty_count": 1021, "poverty_universe": 4384, "snap_households": 204, "snap_universe": 1884, "pct_low_access_half_mile": 40.48}}, {"type": "Feature", "geometry": {"type": "Point", "coordinates": [-97.0650028, 32.779914]}, "properties": {"tract_geoid": "48439113116", "land_sqmi": 0.334, "population": 3817, "median_household_income": 63732.0, "poverty_count": 464, "poverty_universe": 3817, "snap_households": 206, "snap_universe": 1942, "pct_low_access_half_mile": 34.89}}, {"type": "Feature", "geometry": {"type": "Point", "coordinates": [-97.1014318, 32.7727654]}, "properties": {"tract_geoid": "48439113117", "land_sqmi": 0.185, "population": 1932, "median_household_income": 43008.0, "poverty_count": 392, "poverty_universe": 1932, "snap_households": 78, "snap_universe": 1314, "pct_low_access_half_mile": 20.98}}, {"type": "Feature", "geometry": {"type": "Point", "coordinates": [-97.1004265, 32.7655917]}, "properties": {"tract_geoid": "48439113118", "land_sqmi": 0.264, "population": 3455, "median_household_income": 46868.0, "poverty_count": 404, "poverty_universe": 3455, "snap_households": 572, "snap_universe": 1426, "pct_low_access_half_mile": 8.02}}, {"type": "Feature", "geometry": {"type": "Point", "coordinates": [-97.0719576, 32.7811901]}, "properties": {"tract_geoid": "48439113119", "land_sqmi": 0.924, "population": 3509, "median_household_income": 59460.0, "poverty_count": 118, "poverty_universe": 3509, "snap_households": 73, "snap_universe": 1891, "pct_low_access_half_mile": 41.47}}, {"type": "Feature", "geometry": {"type": "Point", "coordinates": [-97.075615, 32.8011136]}, "properties": {"tract_geoid": "48439113120", "land_sqmi": 3.377, "population": 6165, "median_household_income": 174352.0, "poverty_count": 250, "poverty_universe": 6165, "snap_households": 10, "snap_universe": 2150, "pct_low_access_half_mile": 96.9}}, {"type": "Feature", "geometry": {"type": "Point", "coordinates": [-97.0563544, 32.8011221]}, "properties": {"tract_geoid": "48439113121", "land_sqmi": 0.127, "population": 1370, "median_household_income": 69643.0, "poverty_count": 40, "poverty_universe": 1370, "snap_households": 56, "snap_universe": 892, "pct_low_access_half_mile": 62.85}}, {"type": "Feature", "geometry": {"type": "Point", "coordinates": [-97.0604559, 32.7972264]}, "properties": {"tract_geoid": "48439113122", "land_sqmi": 0.512, "population": 3989, "median_household_income": 71888.0, "poverty_count": 164, "poverty_universe": 3989, "snap_households": 6, "snap_universe": 2086, "pct_low_access_half_mile": 27.51}}, {"type": "Feature", "geometry": {"type": "Point", "coordinates": [-97.249069, 32.817983]}, "properties": {"tract_geoid": "48439113206", "land_sqmi": 1.441, "population": 5402, "median_household_income": 59831.0, "poverty_count": 599, "poverty_universe": 5402, "snap_households": 112, "snap_universe": 2116, "pct_low_access_half_mile": 30.84}}, {"type": "Feature", "geometry": {"type": "Point", "coordinates": [-97.2249417, 32.8872188]}, "properties": {"tract_geoid": "48439113207", "land_sqmi": 1.084, "population": 3873, "median_household_income": 129868.0, "poverty_count": 46, "poverty_universe": 3869, "snap_households": 24, "snap_universe": 1432, "pct_low_access_half_mile": 91.68}}, {"type": "Feature", "geometry": {"type": "Point", "coordinates": [-97.2022891, 32.8828803]}, "properties": {"tract_geoid": "48439113210", "land_sqmi": 2.198, "population": 8113, "median_household_income": 119643.0, "poverty_count": 224, "poverty_universe": 8093, "snap_households": 7, "snap_universe": 3120, "pct_low_access_half_mile": 84.19}}, {"type": "Feature", "geometry": {"type": "Point", "coordinates": [-97.2437923, 32.8313853]}, "properties": {"tract_geoid": "48439113212", "land_sqmi": 1.185, "population": 3936, "median_household_income": 93628.0, "poverty_count": 309, "poverty_universe": 3835, "snap_households": 91, "snap_universe": 1689, "pct_low_access_half_mile": 66.11}}, {"type": "Feature", "geometry": {"type": "Point", "coordinates": [-97.2223375, 32.8312238]}, "properties": {"tract_geoid": "48439113213", "land_sqmi": 1.395, "population": 4125, "median_household_income": 81645.0, "poverty_count": 492, "poverty_universe": 3907, "snap_households": 122, "snap_universe": 1397, "pct_low_access_half_mile": 45.85}}, {"type": "Feature", "geometry": {"type": "Point", "coordinates": [-97.2340564, 32.8712539]}, "properties": {"tract_geoid": "48439113214", "land_sqmi": 1.026, "population": 5277, "median_household_income": 100758.0, "poverty_count": 449, "poverty_universe": 5219, "snap_households": 95, "snap_universe": 2010, "pct_low_access_half_mile": 48.04}}, {"type": "Feature", "geometry": {"type": "Point", "coordinates": [-97.2191852, 32.8707912]}, "properties": {"tract_geoid": "48439113215", "land_sqmi": 1.229, "population": 4597, "median_household_income": 88964.0, "poverty_count": 273, "poverty_universe": 4597, "snap_households": 102, "snap_universe": 1742, "pct_low_access_half_mile": 53.9}}, {"type": "Feature", "geometry": {"type": "Point", "coordinates": [-97.2277, 32.8537712]}, "properties": {"tract_geoid": "48439113216", "land_sqmi": 1.215, "population": 5588, "median_household_income": 76653.0, "poverty_count": 186, "poverty_universe": 5567, "snap_households": 121, "snap_universe": 2404, "pct_low_access_half_mile": 24.88}}, {"type": "Feature", "geometry": {"type": "Point", "coordinates": [-97.2224047, 32.8433768]}, "properties": {"tract_geoid": "48439113217", "land_sqmi": 1.094, "population": 4408, "median_household_income": 94333.0, "poverty_count": 390, "poverty_universe": 4408, "snap_households": 71, "snap_universe": 1704, "pct_low_access_half_mile": 47.48}}, {"type": "Feature", "geometry": {"type": "Point", "coordinates": [-97.19518, 32.8658989]}, "properties": {"tract_geoid": "48439113218", "land_sqmi": 1.387, "population": 2706, "median_household_income": 121333.0, "poverty_count": 204, "poverty_universe": 2692, "snap_households": 10, "snap_universe": 1234, "pct_low_access_half_mile": 95.7}}, {"type": "Feature", "geometry": {"type": "Point", "coordinates": [-97.2026649, 32.8538404]}, "properties": {"tract_geoid": "48439113221", "land_sqmi": 1.088, "population": 7030, "median_household_income": 80175.0, "poverty_count": 418, "poverty_universe": 6948, "snap_households": 73, "snap_universe": 2881, "pct_low_access_half_mile": 46.27}}, {"type": "Feature", "geometry": {"type": "Point", "coordinates": [-97.1978841, 32.8407748]}, "properties": {"tract_geoid": "48439113222", "land_sqmi": 0.433, "population": 3775, "median_household_income": 70906.0, "poverty_count": 135, "poverty_universe": 3643, "snap_households": 353, "snap_universe": 1452, "pct_low_access_half_mile": 48.39}}, {"type": "Feature", "geometry": {"type": "Point", "coordinates": [-97.2085396, 32.8405689]}, "properties": {"tract_geoid": "48439113223", "land_sqmi": 0.715, "population": 3361, "median_household_income": 74833.0, "poverty_count": 365, "poverty_universe": 3314, "snap_households": 85, "snap_universe": 1228, "pct_low_access_half_mile": 11.25}}, {"type": "Feature", "geometry": {"type": "Point", "coordinates": [-97.2264805, 32.8144518]}, "properties": {"tract_geoid": "48439113301", "land_sqmi": 1.519, "population": 3582, "median_household_income": 84417.0, "poverty_count": 434, "poverty_universe": 3511, "snap_households": 138, "snap_universe": 1376, "pct_low_access_half_mile": 57.17}}, {"type": "Feature", "geometry": {"type": "Point", "coordinates": [-97.231148, 32.8037628]}, "properties": {"tract_geoid": "48439113302", "land_sqmi": 1.401, "population": 4473, "median_household_income": 60234.0, "poverty_count": 260, "poverty_universe": 4310, "snap_households": 188, "snap_universe": 1703, "pct_low_access_half_mile": 97.44}}, {"type": "Feature", "geometry": {"type": "Point", "coordinates": [-97.1944966, 32.8301159]}, "properties": {"tract_geoid": "48439113403", "land_sqmi": 0.916, "population": 2739, "median_household_income": 74167.0, "poverty_count": 185, "poverty_universe": 2739, "snap_households": 52, "snap_universe": 956, "pct_low_access_half_mile": 0.45}}, {"type": "Feature", "geometry": {"type": "Point", "coordinates": [-97.1760082, 32.8313559]}, "properties": {"tract_geoid": "48439113404", "land_sqmi": 1.315, "population": 6020, "median_household_income": 64534.0, "poverty_count": 608, "poverty_universe": 5932, "snap_households": 192, "snap_universe": 2175, "pct_low_access_half_mile": 8.3}}, {"type": "Feature", "geometry": {"type": "Point", "coordinates": [-97.1586011, 32.8149825]}, "properties": {"tract_geoid": "48439113407", "land_sqmi": 0.799, "population": 6636, "median_household_income": 54966.0, "poverty_count": 1356, "poverty_universe": 6636, "snap_households": 380, "snap_universe": 1985, "pct_low_access_half_mile": 39.58}}, {"type": "Feature", "geometry": {"type": "Point", "coordinates": [-97.1761869, 32.8153261]}, "properties": {"tract_geoid": "48439113408", "land_sqmi": 1.423, "population": 5465, "median_household_income": 71518.0, "poverty_count": 749, "poverty_universe": 5465, "snap_households": 332, "snap_universe": 2394, "pct_low_access_half_mile": 55.65}}, {"type": "Feature", "geometry": {"type": "Point", "coordinates": [-97.1980313, 32.8119206]}, "properties": {"tract_geoid": "48439113409", "land_sqmi": 0.893, "population": 2467, "median_household_income": 105018.0, "poverty_count": 96, "poverty_universe": 2449, "snap_households": 95, "snap_universe": 925, "pct_low_access_half_mile": 86.86}}, {"type": "Feature", "geometry": {"type": "Point", "coordinates": [-97.2013893, 32.8188076]}, "properties": {"tract_geoid": "48439113410", "land_sqmi": 0.847, "population": 4620, "median_household_income": 51807.0, "poverty_count": 346, "poverty_universe": 4620, "snap_households": 144, "snap_universe": 2080, "pct_low_access_half_mile": 34.0}}, {"type": "Feature", "geometry": {"type": "Point", "coordinates": [-97.0913342, 32.844812]}, "properties": {"tract_geoid": "48439113509", "land_sqmi": 0.968, "population": 4973, "median_household_income": 73304.0, "poverty_count": 528, "poverty_universe": 4958, "snap_households": 321, "snap_universe": 1692, "pct_low_access_half_mile": 14.36}}, {"type": "Feature", "geometry": {"type": "Point", "coordinates": [-97.0722556, 32.8444125]}, "properties": {"tract_geoid": "48439113510", "land_sqmi": 1.146, "population": 7172, "median_household_income": 102143.0, "poverty_count": 532, "poverty_universe": 7136, "snap_households": 119, "snap_universe": 3062, "pct_low_access_half_mile": 38.04}}, {"type": "Feature", "geometry": {"type": "Point", "coordinates": [-97.1149563, 32.8237169]}, "properties": {"tract_geoid": "48439113511", "land_sqmi": 1.47, "population": 4169, "median_household_income": 83214.0, "poverty_count": 232, "poverty_universe": 4169, "snap_households": 144, "snap_universe": 1346, "pct_low_access_half_mile": 13.96}}, {"type": "Feature", "geometry": {"type": "Point", "coordinates": [-97.121847, 32.8310791]}, "properties": {"tract_geoid": "48439113512", "land_sqmi": 1.241, "population": 5716, "median_household_income": 81944.0, "poverty_count": 345, "poverty_universe": 5494, "snap_households": 214, "snap_universe": 2554, "pct_low_access_half_mile": 72.52}}, {"type": "Feature", "geometry": {"type": "Point", "coordinates": [-97.0787219, 32.8292288]}, "properties": {"tract_geoid": "48439113513", "land_sqmi": 0.984, "population": 5729, "median_household_income": 79098.0, "poverty_count": 504, "poverty_universe": 5729, "snap_households": 90, "snap_universe": 2269, "pct_low_access_half_mile": 62.68}}, {"type": "Feature", "geometry": {"type": "Point", "coordinates": [-97.0919384, 32.831336]}, "properties": {"tract_geoid": "48439113514", "land_sqmi": 0.847, "population": 5692, "median_household_income": 68207.0, "poverty_count": 733, "poverty_universe": 5692, "snap_households": 204, "snap_universe": 2011, "pct_low_access_half_mile": 17.17}}, {"type": "Feature", "geometry": {"type": "Point", "coordinates": [-97.0885567, 32.861759]}, "properties": {"tract_geoid": "48439113516", "land_sqmi": 1.044, "population": 4135, "median_household_income": 94470.0, "poverty_count": 275, "poverty_universe": 4127, "snap_households": 52, "snap_universe": 1538, "pct_low_access_half_mile": 61.5}}, {"type": "Feature", "geometry": {"type": "Point", "coordinates": [-97.0781339, 32.8586661]}, "properties": {"tract_geoid": "48439113517", "land_sqmi": 0.499, "population": 4401, "median_household_income": 92800.0, "poverty_count": 332, "poverty_universe": 4401, "snap_households": 67, "snap_universe": 1848, "pct_low_access_half_mile": 45.17}}, {"type": "Feature", "geometry": {"type": "Point", "coordinates": [-97.0893155, 32.8736739]}, "properties": {"tract_geoid": "48439113519", "land_sqmi": 1.178, "population": 6653, "median_household_income": 81034.0, "poverty_count": 168, "poverty_universe": 6653, "snap_households": 70, "snap_universe": 2867, "pct_low_access_half_mile": 62.87}}, {"type": "Feature", "geometry": {"type": "Point", "coordinates": [-97.0745216, 32.8719987]}, "properties": {"tract_geoid": "48439113520", "land_sqmi": 0.715, "population": 5972, "median_household_income": 94293.0, "poverty_count": 284, "poverty_universe": 5972, "snap_households": 29, "snap_universe": 2437, "pct_low_access_half_mile": 30.08}}, {"type": "Feature", "geometry": {"type": "Point", "coordinates": [-97.0713173, 32.8587002]}, "properties": {"tract_geoid": "48439113521", "land_sqmi": 0.209, "population": 3735, "median_household_income": 73378.0, "poverty_count": 330, "poverty_universe": 3735, "snap_households": 70, "snap_universe": 1834, "pct_low_access_half_mile": 71.16}}, {"type": "Feature", "geometry": {"type": "Point", "coordinates": [-97.067231, 32.856233]}, "properties": {"tract_geoid": "48439113522", "land_sqmi": 0.205, "population": 2004, "median_household_income": 78589.0, "poverty_count": 217, "poverty_universe": 2004, "snap_households": 81, "snap_universe": 1048, "pct_low_access_half_mile": 70.04}}, {"type": "Feature", "geometry": {"type": "Point", "coordinates": [-97.1598768, 32.8323968]}, "properties": {"tract_geoid": "48439113607", "land_sqmi": 0.778, "population": 4709, "median_household_income": 67500.0, "poverty_count": 145, "poverty_universe": 4709, "snap_households": 239, "snap_universe": 1914, "pct_low_access_half_mile": 3.28}}, {"type": "Feature", "geometry": {"type": "Point", "coordinates": [-97.1785732, 32.8709492]}, "properties": {"tract_geoid": "48439113611", "land_sqmi": 1.212, "population": 4373, "median_household_income": 115500.0, "poverty_count": 180, "poverty_universe": 4221, "snap_households": 26, "snap_universe": 1740, "pct_low_access_half_mile": 61.98}}, {"type": "Feature", "geometry": {"type": "Point", "coordinates": [-97.1708481, 32.8576495]}, "properties": {"tract_geoid": "48439113612", "land_sqmi": 1.534, "population": 4642, "median_household_income": 126287.0, "poverty_count": 107, "poverty_universe": 4623, "snap_households": 0, "snap_universe": 1859, "pct_low_access_half_mile": 57.68}}, {"type": "Feature", "geometry": {"type": "Point", "coordinates": [-97.1769318, 32.8457217]}, "properties": {"tract_geoid": "48439113613", "land_sqmi": 1.651, "population": 4544, "median_household_income": 84306.0, "poverty_count": 399, "poverty_universe": 4502, "snap_households": 0, "snap_universe": 1717, "pct_low_access_half_mile": 54.59}}, {"type": "Feature", "geometry": {"type": "Point", "coordinates": [-97.1441061, 32.8297724]}, "properties": {"tract_geoid": "48439113618", "land_sqmi": 1.273, "population": 5551, "median_household_income": 76055.0, "poverty_count": 281, "poverty_universe": 5437, "snap_households": 144, "snap_universe": 2093, "pct_low_access_half_mile": 62.91}}, {"type": "Feature", "geometry": {"type": "Point", "coordinates": [-97.1456652, 32.8176098]}, "properties": {"tract_geoid": "48439113619", "land_sqmi": 0.627, "population": 5222, "median_household_income": 49090.0, "poverty_count": 253, "poverty_universe": 5222, "snap_households": 228, "snap_universe": 2267, "pct_low_access_half_mile": 32.99}}, {"type": "Feature", "geometry": {"type": "Point", "coordinates": [-97.1339715, 32.8773417]}, "properties": {"tract_geoid": "48439113622", "land_sqmi": 3.462, "population": 8306, "median_household_income": 181060.0, "poverty_count": 285, "poverty_universe": 8306, "snap_households": 0, "snap_universe": 3173, "pct_low_access_half_mile": 81.13}}, {"type": "Feature", "geometry": {"type": "Point", "coordinates": [-97.1148839, 32.8625515]}, "properties": {"tract_geoid": "48439113623", "land_sqmi": 0.909, "population": 3266, "median_household_income": 116552.0, "poverty_count": 128, "poverty_universe": 3256, "snap_households": 9, "snap_universe": 1350, "pct_low_access_half_mile": 97.87}}, {"type": "Feature", "geometry": {"type": "Point", "coordinates": [-97.1158269, 32.85558]}, "properties": {"tract_geoid": "48439113624", "land_sqmi": 0.949, "population": 4514, "median_household_income": 106711.0, "poverty_count": 202, "poverty_universe": 4514, "snap_households": 170, "snap_universe": 1558, "pct_low_access_half_mile": 51.01}}, {"type": "Feature", "geometry": {"type": "Point", "coordinates": [-97.1454787, 32.8637967]}, "properties": {"tract_geoid": "48439113625", "land_sqmi": 0.805, "population": 3255, "median_household_income": 136017.0, "poverty_count": 107, "poverty_universe": 3255, "snap_households": 0, "snap_universe": 1246, "pct_low_access_half_mile": 100.0}}, {"type": "Feature", "geometry": {"type": "Point", "coordinates": [-97.1460524, 32.8564977]}, "properties": {"tract_geoid": "48439113626", "land_sqmi": 0.864, "population": 3702, "median_household_income": 150625.0, "poverty_count": 95, "poverty_universe": 3702, "snap_households": 19, "snap_universe": 1468, "pct_low_access_half_mile": 71.96}}, {"type": "Feature", "geometry": {"type": "Point", "coordinates": [-97.1168504, 32.8411413]}, "properties": {"tract_geoid": "48439113628", "land_sqmi": 0.991, "population": 5241, "median_household_income": 54630.0, "poverty_count": 845, "poverty_universe": 5183, "snap_households": 287, "snap_universe": 2168, "pct_low_access_half_mile": 25.17}}, {"type": "Feature", "geometry": {"type": "Point", "coordinates": [-97.1400463, 32.8411125]}, "properties": {"tract_geoid": "48439113629", "land_sqmi": 0.919, "population": 4714, "median_household_income": 80297.0, "poverty_count": 242, "poverty_universe": 4539, "snap_households": 15, "snap_universe": 1918, "pct_low_access_half_mile": 18.86}}, {"type": "Feature", "geometry": {"type": "Point", "coordinates": [-97.1401966, 32.8468209]}, "properties": {"tract_geoid": "48439113630", "land_sqmi": 0.621, "population": 3265, "median_household_income": 68929.0, "poverty_count": 420, "poverty_universe": 3253, "snap_households": 32, "snap_universe": 1528, "pct_low_access_half_mile": 16.45}}, {"type": "Feature", "geometry": {"type": "Point", "coordinates": [-97.114646, 32.9027512]}, "properties": {"tract_geoid": "48439113632", "land_sqmi": 2.012, "population": 4976, "median_household_income": 169583.0, "poverty_count": 177, "poverty_universe": 4942, "snap_households": 25, "snap_universe": 1820, "pct_low_access_half_mile": 86.52}}, {"type": "Feature", "geometry": {"type": "Point", "coordinates": [-97.1138694, 32.8872224]}, "properties": {"tract_geoid": "48439113633", "land_sqmi": 1.157, "population": 4512, "median_household_income": 183523.0, "poverty_count": 242, "poverty_universe": 4509, "snap_households": 21, "snap_universe": 1574, "pct_low_access_half_mile": 82.06}}, {"type": "Feature", "geometry": {"type": "Point", "coordinates": [-97.132213, 32.9023825]}, "properties": {"tract_geoid": "48439113634", "land_sqmi": 2.371, "population": 4959, "median_household_income": 209410.0, "poverty_count": 61, "poverty_universe": 4959, "snap_households": 0, "snap_universe": 1786, "pct_low_access_half_mile": 95.5}}, {"type": "Feature", "geometry": {"type": "Point", "coordinates": [-97.1109661, 32.9151481]}, "properties": {"tract_geoid": "48439113635", "land_sqmi": 0.457, "population": 4030, "median_household_income": 76818.0, "poverty_count": 188, "poverty_universe": 4030, "snap_households": 67, "snap_universe": 1438, "pct_low_access_half_mile": 31.56}}, {"type": "Feature", "geometry": {"type": "Point", "coordinates": [-97.101776, 32.9147767]}, "properties": {"tract_geoid": "48439113636", "land_sqmi": 0.312, "population": 2734, "median_household_income": 59375.0, "poverty_count": 316, "poverty_universe": 2721, "snap_households": 6, "snap_universe": 1260, "pct_low_access_half_mile": 35.25}}, {"type": "Feature", "geometry": {"type": "Point", "coordinates": [-97.1234489, 32.8484358]}, "properties": {"tract_geoid": "48439113637", "land_sqmi": 0.544, "population": 4732, "median_household_income": 57274.0, "poverty_count": 663, "poverty_universe": 4732, "snap_households": 188, "snap_universe": 2435, "pct_low_access_half_mile": 11.34}}, {"type": "Feature", "geometry": {"type": "Point", "coordinates": [-97.1069544, 32.8481186]}, "properties": {"tract_geoid": "48439113638", "land_sqmi": 0.392, "population": 1672, "median_household_income": 84519.0, "poverty_count": 97, "poverty_universe": 1672, "snap_households": 20, "snap_universe": 832, "pct_low_access_half_mile": 29.24}}, {"type": "Feature", "geometry": {"type": "Point", "coordinates": [-97.1676003, 32.8904978]}, "properties": {"tract_geoid": "48439113639", "land_sqmi": 3.466, "population": 6620, "median_household_income": 184932.0, "poverty_count": 306, "poverty_universe": 6592, "snap_households": 22, "snap_universe": 2350, "pct_low_access_half_mile": 91.6}}, {"type": "Feature", "geometry": {"type": "Point", "coordinates": [-97.1621509, 32.9048669]}, "properties": {"tract_geoid": "48439113640", "land_sqmi": 3.813, "population": 6230, "median_household_income": 243209.0, "poverty_count": 186, "poverty_universe": 6230, "snap_households": 0, "snap_universe": 2006, "pct_low_access_half_mile": 95.73}}, {"type": "Feature", "geometry": {"type": "Point", "coordinates": [-97.1084129, 32.966982]}, "properties": {"tract_geoid": "48439113707", "land_sqmi": 2.369, "population": 4687, "median_household_income": 193663.0, "poverty_count": 231, "poverty_universe": 4687, "snap_households": 0, "snap_universe": 1742, "pct_low_access_half_mile": 100.0}}, {"type": "Feature", "geometry": {"type": "Point", "coordinates": [-97.0910019, 32.8954283]}, "properties": {"tract_geoid": "48439113709", "land_sqmi": 2.207, "population": 5538, "median_household_income": 159965.0, "poverty_count": 373, "poverty_universe": 5538, "snap_households": 86, "snap_universe": 2021, "pct_low_access_half_mile": 63.25}}, {"type": "Feature", "geometry": {"type": "Point", "coordinates": [-97.0957597, 32.9620341]}, "properties": {"tract_geoid": "48439113710", "land_sqmi": 0.732, "population": 4334, "median_household_income": 96667.0, "poverty_count": 384, "poverty_universe": 4334, "snap_households": 59, "snap_universe": 1788, "pct_low_access_half_mile": 100.0}}, {"type": "Feature", "geometry": {"type": "Point", "coordinates": [-97.0985456, 32.9470792]}, "properties": {"tract_geoid": "48439113711", "land_sqmi": 0.75, "population": 3993, "median_household_income": 141208.0, "poverty_count": 138, "poverty_universe": 3897, "snap_households": 17, "snap_universe": 1547, "pct_low_access_half_mile": 93.5}}, {"type": "Feature", "geometry": {"type": "Point", "coordinates": [-97.076299, 32.9320127]}, "properties": {"tract_geoid": "48439113712", "land_sqmi": 2.747, "population": 4929, "median_household_income": 110423.0, "poverty_count": 463, "poverty_universe": 4828, "snap_households": 65, "snap_universe": 2218, "pct_low_access_half_mile": 48.21}}, {"type": "Feature", "geometry": {"type": "Point", "coordinates": [-97.1016749, 32.9315566]}, "properties": {"tract_geoid": "48439113713", "land_sqmi": 2.212, "population": 1449, "median_household_income": 103056.0, "poverty_count": 221, "poverty_universe": 1449, "snap_households": 89, "snap_universe": 416, "pct_low_access_half_mile": 33.35}}, {"type": "Feature", "geometry": {"type": "Point", "coordinates": [-97.0862597, 32.959304]}, "properties": {"tract_geoid": "48439113714", "land_sqmi": 1.866, "population": 3495, "median_household_income": 106335.0, "poverty_count": 426, "poverty_universe": 3472, "snap_households": 35, "snap_universe": 1411, "pct_low_access_half_mile": 82.28}}, {"type": "Feature", "geometry": {"type": "Point", "coordinates": [-97.0566, 32.9755696]}, "properties": {"tract_geoid": "48439113715", "land_sqmi": 4.273, "population": 6357, "median_household_income": 99485.0, "poverty_count": 160, "poverty_universe": 6312, "snap_households": 75, "snap_universe": 3591, "pct_low_access_half_mile": 55.02}}, {"type": "Feature", "geometry": {"type": "Point", "coordinates": [-97.0670913, 32.9530698]}, "properties": {"tract_geoid": "48439113716", "land_sqmi": 0.919, "population": 2853, "median_household_income": 93295.0, "poverty_count": 72, "poverty_universe": 2853, "snap_households": 0, "snap_universe": 1563, "pct_low_access_half_mile": 57.8}}, {"type": "Feature", "geometry": {"type": "Point", "coordinates": [-97.2493826, 32.8873367]}, "properties": {"tract_geoid": "48439113803", "land_sqmi": 0.99, "population": 5852, "median_household_income": 105368.0, "poverty_count": 196, "poverty_universe": 5762, "snap_households": 126, "snap_universe": 1890, "pct_low_access_half_mile": 66.92}}, {"type": "Feature", "geometry": {"type": "Point", "coordinates": [-97.2484092, 32.8747112]}, "properties": {"tract_geoid": "48439113808", "land_sqmi": 1.173, "population": 5963, "median_household_income": 73281.0, "poverty_count": 782, "poverty_universe": 5963, "snap_households": 49, "snap_universe": 2173, "pct_low_access_half_mile": 76.37}}, {"type": "Feature", "geometry": {"type": "Point", "coordinates": [-97.2526443, 32.8654907]}, "properties": {"tract_geoid": "48439113809", "land_sqmi": 0.956, "population": 4784, "median_household_income": 86216.0, "poverty_count": 635, "poverty_universe": 4784, "snap_households": 96, "snap_universe": 1644, "pct_low_access_half_mile": 19.66}}, {"type": "Feature", "geometry": {"type": "Point", "coordinates": [-97.2494982, 32.855041]}, "properties": {"tract_geoid": "48439113810", "land_sqmi": 1.051, "population": 4226, "median_household_income": 90046.0, "poverty_count": 285, "poverty_universe": 4192, "snap_households": 145, "snap_universe": 1518, "pct_low_access_half_mile": 43.45}}, {"type": "Feature", "geometry": {"type": "Point", "coordinates": [-97.2546859, 32.8440494]}, "properties": {"tract_geoid": "48439113811", "land_sqmi": 1.173, "population": 4691, "median_household_income": 83701.0, "poverty_count": 492, "poverty_universe": 4691, "snap_households": 85, "snap_universe": 1805, "pct_low_access_half_mile": 58.25}}, {"type": "Feature", "geometry": {"type": "Point", "coordinates": [-97.2469653, 32.9033963]}, "properties": {"tract_geoid": "48439113812", "land_sqmi": 1.697, "population": 5578, "median_household_income": 152045.0, "poverty_count": 488, "poverty_universe": 5393, "snap_households": 36, "snap_universe": 1826, "pct_low_access_half_mile": 72.88}}, {"type": "Feature", "geometry": {"type": "Point", "coordinates": [-97.2242258, 32.9047499]}, "properties": {"tract_geoid": "48439113813", "land_sqmi": 1.54, "population": 5499, "median_household_income": 179788.0, "poverty_count": 133, "poverty_universe": 5490, "snap_households": 19, "snap_universe": 1855, "pct_low_access_half_mile": 78.97}}, {"type": "Feature", "geometry": {"type": "Point", "coordinates": [-97.1982234, 32.899233]}, "properties": {"tract_geoid": "48439113814", "land_sqmi": 1.461, "population": 4593, "median_household_income": 180694.0, "poverty_count": 187, "poverty_universe": 4593, "snap_households": 0, "snap_universe": 1573, "pct_low_access_half_mile": 81.73}}, {"type": "Feature", "geometry": {"type": "Point", "coordinates": [-97.2041758, 32.9140738]}, "properties": {"tract_geoid": "48439113815", "land_sqmi": 2.086, "population": 6199, "median_household_income": 237888.0, "poverty_count": 136, "poverty_universe": 6066, "snap_households": 0, "snap_universe": 1910, "pct_low_access_half_mile": 90.5}}, {"type": "Feature", "geometry": {"type": "Point", "coordinates": [-97.2360745, 32.9170449]}, "properties": {"tract_geoid": "48439113816", "land_sqmi": 2.182, "population": 5069, "median_household_income": 191286.0, "poverty_count": 51, "poverty_universe": 5056, "snap_households": 0, "snap_universe": 1696, "pct_low_access_half_mile": 97.03}}, {"type": "Feature", "geometry": {"type": "Point", "coordinates": [-97.1707789, 32.958999]}, "properties": {"tract_geoid": "48439113906", "land_sqmi": 5.069, "population": 8024, "median_household_income": 250001.0, "poverty_count": 247, "poverty_universe": 8024, "snap_households": 14, "snap_universe": 2349, "pct_low_access_half_mile": 90.84}}, {"type": "Feature", "geometry": {"type": "Point", "coordinates": [-97.1717269, 32.9342278]}, "properties": {"tract_geoid": "48439113908", "land_sqmi": 2.358, "population": 5420, "median_household_income": 250001.0, "poverty_count": 80, "poverty_universe": 5413, "snap_households": 27, "snap_universe": 1666, "pct_low_access_half_mile": 92.04}}, {"type": "Feature", "geometry": {"type": "Point", "coordinates": [-97.201632, 32.9366187]}, "properties": {"tract_geoid": "48439113912", "land_sqmi": 3.388, "population": 5991, "median_household_income": 212996.0, "poverty_count": 110, "poverty_universe": 5901, "snap_households": 0, "snap_universe": 2149, "pct_low_access_half_mile": 75.91}}, {"type": "Feature", "geometry": {"type": "Point", "coordinates": [-97.2983663, 32.8668314]}, "properties": {"tract_geoid": "48439113916", "land_sqmi": 0.712, "population": 3983, "median_household_income": 86557.0, "poverty_count": 489, "poverty_universe": 3969, "snap_households": 166, "snap_universe": 1696, "pct_low_access_half_mile": 24.21}}, {"type": "Feature", "geometry": {"type": "Point", "coordinates": [-97.2727985, 32.8666723]}, "properties": {"tract_geoid": "48439113917", "land_sqmi": 0.933, "population": 7684, "median_household_income": 96406.0, "poverty_count": 654, "poverty_universe": 7564, "snap_households": 392, "snap_universe": 2509, "pct_low_access_half_mile": 50.83}}, {"type": "Feature", "geometry": {"type": "Point", "coordinates": [-97.2854661, 32.8705118]}, "properties": {"tract_geoid": "48439113918", "land_sqmi": 0.63, "population": 4942, "median_household_income": 78634.0, "poverty_count": 393, "poverty_universe": 4942, "snap_households": 104, "snap_universe": 1937, "pct_low_access_half_mile": 53.41}}, {"type": "Feature", "geometry": {"type": "Point", "coordinates": [-97.2799695, 32.8836463]}, "properties": {"tract_geoid": "48439113919", "land_sqmi": 1.251, "population": 7498, "median_household_income": 143843.0, "poverty_count": 89, "poverty_universe": 7498, "snap_households": 73, "snap_universe": 2447, "pct_low_access_half_mile": 75.59}}, {"type": "Feature", "geometry": {"type": "Point", "coordinates": [-97.2663118, 32.8855916]}, "properties": {"tract_geoid": "48439113920", "land_sqmi": 0.939, "population": 6030, "median_household_income": 117361.0, "poverty_count": 101, "poverty_universe": 6020, "snap_households": 21, "snap_universe": 1815, "pct_low_access_half_mile": 51.95}}, {"type": "Feature", "geometry": {"type": "Point", "coordinates": [-97.3100397, 32.8828229]}, "properties": {"tract_geoid": "48439113923", "land_sqmi": 1.479, "population": 4372, "median_household_income": 88932.0, "poverty_count": 49, "poverty_universe": 4368, "snap_households": 162, "snap_universe": 1939, "pct_low_access_half_mile": 50.38}}, {"type": "Feature", "geometry": {"type": "Point", "coordinates": [-97.2995634, 32.8877165]}, "properties": {"tract_geoid": "48439113924", "land_sqmi": 0.911, "population": 5057, "median_household_income": 99449.0, "poverty_count": 156, "poverty_universe": 5048, "snap_households": 81, "snap_universe": 1862, "pct_low_access_half_mile": 79.66}}, {"type": "Feature", "geometry": {"type": "Point", "coordinates": [-97.2959784, 32.8783467]}, "properties": {"tract_geoid": "48439113925", "land_sqmi": 0.564, "population": 3692, "median_household_income": 80990.0, "poverty_count": 256, "poverty_universe": 3692, "snap_households": 152, "snap_universe": 1423, "pct_low_access_half_mile": 42.16}}, {"type": "Feature", "geometry": {"type": "Point", "coordinates": [-97.3370747, 32.8810212]}, "properties": {"tract_geoid": "48439113930", "land_sqmi": 3.308, "population": 12252, "median_household_income": 103592.0, "poverty_count": 378, "poverty_universe": 12124, "snap_households": 181, "snap_universe": 4153, "pct_low_access_half_mile": 75.71}}, {"type": "Feature", "geometry": {"type": "Point", "coordinates": [-97.3237154, 32.9057569]}, "properties": {"tract_geoid": "48439113931", "land_sqmi": 3.645, "population": 14606, "median_household_income": 106540.0, "poverty_count": 782, "poverty_universe": 14606, "snap_households": 386, "snap_universe": 4715, "pct_low_access_half_mile": 57.34}}, {"type": "Feature", "geometry": {"type": "Point", "coordinates": [-97.3339419, 32.9522923]}, "properties": {"tract_geoid": "48439113932", "land_sqmi": 10.542, "population": 8000, "median_household_income": 128652.0, "poverty_count": 200, "poverty_universe": 8000, "snap_households": 63, "snap_universe": 2797, "pct_low_access_half_mile": 82.0}}, {"type": "Feature", "geometry": {"type": "Point", "coordinates": [-97.3122707, 32.9243615]}, "properties": {"tract_geoid": "48439113933", "land_sqmi": 0.997, "population": 2134, "median_household_income": 102648.0, "poverty_count": 108, "poverty_universe": 2125, "snap_households": 0, "snap_universe": 1102, "pct_low_access_half_mile": 9.11}}, {"type": "Feature", "geometry": {"type": "Point", "coordinates": [-97.2977698, 32.9281678]}, "properties": {"tract_geoid": "48439113934", "land_sqmi": 1.68, "population": 7165, "median_household_income": 91801.0, "poverty_count": 955, "poverty_universe": 7165, "snap_households": 300, "snap_universe": 2439, "pct_low_access_half_mile": 78.14}}, {"type": "Feature", "geometry": {"type": "Point", "coordinates": [-97.2874605, 32.9256282]}, "properties": {"tract_geoid": "48439113935", "land_sqmi": 0.589, "population": 3534, "median_household_income": 87197.0, "poverty_count": 33, "poverty_universe": 3494, "snap_households": 18, "snap_universe": 1123, "pct_low_access_half_mile": 42.24}}, {"type": "Feature", "geometry": {"type": "Point", "coordinates": [-97.2972495, 32.9066845]}, "properties": {"tract_geoid": "48439113936", "land_sqmi": 1.057, "population": 5885, "median_household_income": 109664.0, "poverty_count": 58, "poverty_universe": 5885, "snap_households": 242, "snap_universe": 1964, "pct_low_access_half_mile": 84.85}}, {"type": "Feature", "geometry": {"type": "Point", "coordinates": [-97.3110866, 32.9062812]}, "properties": {"tract_geoid": "48439113937", "land_sqmi": 0.69, "population": 1578, "median_household_income": 109800.0, "poverty_count": 87, "poverty_universe": 1578, "snap_households": 30, "snap_universe": 846, "pct_low_access_half_mile": 25.0}}, {"type": "Feature", "geometry": {"type": "Point", "coordinates": [-97.3009642, 32.8980665]}, "properties": {"tract_geoid": "48439113938", "land_sqmi": 0.292, "population": 1941, "median_household_income": 108457.0, "poverty_count": 119, "poverty_universe": 1941, "snap_households": 36, "snap_universe": 631, "pct_low_access_half_mile": 50.79}}, {"type": "Feature", "geometry": {"type": "Point", "coordinates": [-97.289602, 32.9472745]}, "properties": {"tract_geoid": "48439113939", "land_sqmi": 1.025, "population": 3935, "median_household_income": 121920.0, "poverty_count": 176, "poverty_universe": 3916, "snap_households": 70, "snap_universe": 1243, "pct_low_access_half_mile": 84.15}}, {"type": "Feature", "geometry": {"type": "Point", "coordinates": [-97.2945983, 32.9616965]}, "properties": {"tract_geoid": "48439113940", "land_sqmi": 1.951, "population": 7584, "median_household_income": 139082.0, "poverty_count": 556, "poverty_universe": 7584, "snap_households": 67, "snap_universe": 2472, "pct_low_access_half_mile": 72.71}}, {"type": "Feature", "geometry": {"type": "Point", "coordinates": [-97.2818692, 32.9795855]}, "properties": {"tract_geoid": "48439113941", "land_sqmi": 4.759, "population": 6494, "median_household_income": 77442.0, "poverty_count": 136, "poverty_universe": 6494, "snap_households": 154, "snap_universe": 2311, "pct_low_access_half_mile": 84.62}}, {"type": "Feature", "geometry": {"type": "Point", "coordinates": [-97.2740271, 32.9665238]}, "properties": {"tract_geoid": "48439113942", "land_sqmi": 1.108, "population": 5332, "median_household_income": 101591.0, "poverty_count": 12, "poverty_universe": 5223, "snap_households": 57, "snap_universe": 1924, "pct_low_access_half_mile": 64.41}}, {"type": "Feature", "geometry": {"type": "Point", "coordinates": [-97.2568342, 32.9692956]}, "properties": {"tract_geoid": "48439113943", "land_sqmi": 2.154, "population": 6265, "median_household_income": 120602.0, "poverty_count": 285, "poverty_universe": 6263, "snap_households": 18, "snap_universe": 1779, "pct_low_access_half_mile": 58.87}}, {"type": "Feature", "geometry": {"type": "Point", "coordinates": [-97.2748174, 32.9476662]}, "properties": {"tract_geoid": "48439113944", "land_sqmi": 0.796, "population": 5702, "median_household_income": 97183.0, "poverty_count": 91, "poverty_universe": 5627, "snap_households": 232, "snap_universe": 2004, "pct_low_access_half_mile": 87.77}}, {"type": "Feature", "geometry": {"type": "Point", "coordinates": [-97.260059, 32.9432951]}, "properties": {"tract_geoid": "48439113945", "land_sqmi": 0.789, "population": 3894, "median_household_income": 143629.0, "poverty_count": 60, "poverty_universe": 3894, "snap_households": 12, "snap_universe": 1190, "pct_low_access_half_mile": 99.92}}, {"type": "Feature", "geometry": {"type": "Point", "coordinates": [-97.280865, 32.8967277]}, "properties": {"tract_geoid": "48439113946", "land_sqmi": 0.615, "population": 6509, "median_household_income": 133449.0, "poverty_count": 70, "poverty_universe": 6509, "snap_households": 14, "snap_universe": 1879, "pct_low_access_half_mile": 56.26}}, {"type": "Feature", "geometry": {"type": "Point", "coordinates": [-97.2819539, 32.9080674]}, "properties": {"tract_geoid": "48439113947", "land_sqmi": 0.692, "population": 3293, "median_household_income": 164103.0, "poverty_count": 15, "poverty_universe": 3259, "snap_households": 13, "snap_universe": 989, "pct_low_access_half_mile": 98.84}}, {"type": "Feature", "geometry": {"type": "Point", "coordinates": [-97.2598828, 32.9073168]}, "properties": {"tract_geoid": "48439113948", "land_sqmi": 0.999, "population": 5255, "median_household_income": 51516.0, "poverty_count": 1115, "poverty_universe": 5255, "snap_households": 378, "snap_universe": 1776, "pct_low_access_half_mile": 65.75}}, {"type": "Feature", "geometry": {"type": "Point", "coordinates": [-97.2794333, 32.9175584]}, "properties": {"tract_geoid": "48439113949", "land_sqmi": 0.718, "population": 3268, "median_household_income": 233681.0, "poverty_count": 69, "poverty_universe": 3268, "snap_households": 14, "snap_universe": 963, "pct_low_access_half_mile": 95.29}}, {"type": "Feature", "geometry": {"type": "Point", "coordinates": [-97.2667705, 32.923616]}, "properties": {"tract_geoid": "48439113950", "land_sqmi": 2.398, "population": 6685, "median_household_income": 133173.0, "poverty_count": 280, "poverty_universe": 6685, "snap_households": 113, "snap_universe": 2697, "pct_low_access_half_mile": 77.58}}, {"type": "Feature", "geometry": {"type": "Point", "coordinates": [-97.237874, 32.9315429]}, "properties": {"tract_geoid": "48439113951", "land_sqmi": 1.075, "population": 3542, "median_household_income": 87056.0, "poverty_count": 177, "poverty_universe": 3542, "snap_households": 33, "snap_universe": 1580, "pct_low_access_half_mile": 17.41}}, {"type": "Feature", "geometry": {"type": "Point", "coordinates": [-97.2341099, 32.9407172]}, "properties": {"tract_geoid": "48439113952", "land_sqmi": 1.784, "population": 4915, "median_household_income": 72143.0, "poverty_count": 346, "poverty_universe": 4915, "snap_households": 91, "snap_universe": 2136, "pct_low_access_half_mile": 49.4}}, {"type": "Feature", "geometry": {"type": "Point", "coordinates": [-97.2310989, 32.9685473]}, "properties": {"tract_geoid": "48439113953", "land_sqmi": 6.081, "population": 7309, "median_household_income": 241143.0, "poverty_count": 0, "poverty_universe": 7278, "snap_households": 16, "snap_universe": 2466, "pct_low_access_half_mile": 99.93}}, {"type": "Feature", "geometry": {"type": "Point", "coordinates": [-97.1949751, 32.9703136]}, "properties": {"tract_geoid": "48439113954", "land_sqmi": 4.843, "population": 4011, "median_household_income": 215968.0, "poverty_count": 80, "poverty_universe": 4002, "snap_households": 0, "snap_universe": 1305, "pct_low_access_half_mile": 100.0}}, {"type": "Feature", "geometry": {"type": "Point", "coordinates": [-97.1401988, 32.9774782]}, "properties": {"tract_geoid": "48439113955", "land_sqmi": 3.944, "population": 4117, "median_household_income": 213650.0, "poverty_count": 82, "poverty_universe": 4117, "snap_households": 12, "snap_universe": 1169, "pct_low_access_half_mile": 100.0}}, {"type": "Feature", "geometry": {"type": "Point", "coordinates": [-97.1356824, 32.954734]}, "properties": {"tract_geoid": "48439113956", "land_sqmi": 3.752, "population": 5245, "median_household_income": 250001.0, "poverty_count": 44, "poverty_universe": 5181, "snap_households": 69, "snap_universe": 1468, "pct_low_access_half_mile": 93.71}}, {"type": "Feature", "geometry": {"type": "Point", "coordinates": [-97.1349162, 32.9339613]}, "properties": {"tract_geoid": "48439113957", "land_sqmi": 2.22, "population": 4359, "median_household_income": 250001.0, "poverty_count": 72, "poverty_universe": 4359, "snap_households": 0, "snap_universe": 1290, "pct_low_access_half_mile": 97.51}}, {"type": "Feature", "geometry": {"type": "Point", "coordinates": [-97.1456311, 32.9229634]}, "properties": {"tract_geoid": "48439113958", "land_sqmi": 1.031, "population": 2269, "median_household_income": 250001.0, "poverty_count": 128, "poverty_universe": 2269, "snap_households": 0, "snap_universe": 751, "pct_low_access_half_mile": 100.0}}, {"type": "Feature", "geometry": {"type": "Point", "coordinates": [-97.3575268, 32.8809519]}, "properties": {"tract_geoid": "48439114003", "land_sqmi": 4.41, "population": 9352, "median_household_income": 93493.0, "poverty_count": 392, "poverty_universe": 9350, "snap_households": 550, "snap_universe": 3243, "pct_low_access_half_mile": 68.57}}, {"type": "Feature", "geometry": {"type": "Point", "coordinates": [-97.3747383, 32.853442]}, "properties": {"tract_geoid": "48439114006", "land_sqmi": 1.221, "population": 7000, "median_household_income": 99313.0, "poverty_count": 339, "poverty_universe": 6983, "snap_households": 156, "snap_universe": 2514, "pct_low_access_half_mile": 60.44}}, {"type": "Feature", "geometry": {"type": "Point", "coordinates": [-97.4135678, 32.8600218]}, "properties": {"tract_geoid": "48439114009", "land_sqmi": 1.718, "population": 8006, "median_household_income": 108659.0, "poverty_count": 678, "poverty_universe": 8006, "snap_households": 60, "snap_universe": 2106, "pct_low_access_half_mile": 67.39}}, {"type": "Feature", "geometry": {"type": "Point", "coordinates": [-97.4069595, 32.838887]}, "properties": {"tract_geoid": "48439114010", "land_sqmi": 1.875, "population": 9054, "median_household_income": 129808.0, "poverty_count": 537, "poverty_universe": 9000, "snap_households": 301, "snap_universe": 2822, "pct_low_access_half_mile": 97.68}}, {"type": "Feature", "geometry": {"type": "Point", "coordinates": [-97.4176229, 32.834695]}, "properties": {"tract_geoid": "48439114011", "land_sqmi": 1.388, "population": 7245, "median_household_income": 126161.0, "poverty_count": 404, "poverty_universe": 7195, "snap_households": 124, "snap_universe": 2355, "pct_low_access_half_mile": 68.04}}, {"type": "Feature", "geometry": {"type": "Point", "coordinates": [-97.4116683, 32.8747731]}, "properties": {"tract_geoid": "48439114012", "land_sqmi": 2.843, "population": 10490, "median_household_income": 112033.0, "poverty_count": 810, "poverty_universe": 10490, "snap_households": 160, "snap_universe": 3237, "pct_low_access_half_mile": 56.61}}, {"type": "Feature", "geometry": {"type": "Point", "coordinates": [-97.3784253, 32.8397321]}, "properties": {"tract_geoid": "48439114013", "land_sqmi": 2.986, "population": 7820, "median_household_income": 77237.0, "poverty_count": 925, "poverty_universe": 7820, "snap_households": 478, "snap_universe": 2707, "pct_low_access_half_mile": 74.21}}, {"type": "Feature", "geometry": {"type": "Point", "coordinates": [-97.3838096, 32.8691491]}, "properties": {"tract_geoid": "48439114014", "land_sqmi": 1.217, "population": 6814, "median_household_income": 93815.0, "poverty_count": 307, "poverty_universe": 6814, "snap_households": 121, "snap_universe": 2533, "pct_low_access_half_mile": 46.73}}, {"type": "Feature", "geometry": {"type": "Point", "coordinates": [-97.3723195, 32.8645668]}, "properties": {"tract_geoid": "48439114015", "land_sqmi": 0.43, "population": 3247, "median_household_income": 93966.0, "poverty_count": 91, "poverty_universe": 3238, "snap_households": 90, "snap_universe": 1055, "pct_low_access_half_mile": 21.7}}, {"type": "Feature", "geometry": {"type": "Point", "coordinates": [-97.4624913, 32.9623168]}, "properties": {"tract_geoid": "48439114105", "land_sqmi": 22.38, "population": 3280, "median_household_income": 200517.0, "poverty_count": 233, "poverty_universe": 3141, "snap_households": 0, "snap_universe": 1112, "pct_low_access_half_mile": 100.0}}, {"type": "Feature", "geometry": {"type": "Point", "coordinates": [-97.4165212, 32.9005861]}, "properties": {"tract_geoid": "48439114106", "land_sqmi": 8.509, "population": 7724, "median_household_income": 84290.0, "poverty_count": 64, "poverty_universe": 7724, "snap_households": 157, "snap_universe": 2437, "pct_low_access_half_mile": 93.03}}, {"type": "Feature", "geometry": {"type": "Point", "coordinates": [-97.4588737, 32.869339]}, "properties": {"tract_geoid": "48439114107", "land_sqmi": 3.29, "population": 5155, "median_household_income": 109476.0, "poverty_count": 199, "poverty_universe": 5155, "snap_households": 100, "snap_universe": 1817, "pct_low_access_half_mile": 49.59}}, {"type": "Feature", "geometry": {"type": "Point", "coordinates": [-97.4873341, 32.8934697]}, "properties": {"tract_geoid": "48439114108", "land_sqmi": 3.528, "population": 5047, "median_household_income": 121213.0, "poverty_count": 143, "poverty_universe": 5001, "snap_households": 31, "snap_universe": 2121, "pct_low_access_half_mile": 98.19}}, {"type": "Feature", "geometry": {"type": "Point", "coordinates": [-97.3575441, 32.8988439]}, "properties": {"tract_geoid": "48439114109", "land_sqmi": 4.13, "population": 16315, "median_household_income": 119930.0, "poverty_count": 688, "poverty_universe": 16315, "snap_households": 150, "snap_universe": 5284, "pct_low_access_half_mile": 96.74}}, {"type": "Feature", "geometry": {"type": "Point", "coordinates": [-97.3970644, 32.927868]}, "properties": {"tract_geoid": "48439114110", "land_sqmi": 9.885, "population": 9522, "median_household_income": 142014.0, "poverty_count": 509, "poverty_universe": 9522, "snap_households": 59, "snap_universe": 3267, "pct_low_access_half_mile": 95.97}}, {"type": "Feature", "geometry": {"type": "Point", "coordinates": [-97.3786364, 32.9533717]}, "properties": {"tract_geoid": "48439114111", "land_sqmi": 6.4, "population": 2915, "median_household_income": 161655.0, "poverty_count": 293, "poverty_universe": 2915, "snap_households": 130, "snap_universe": 1022, "pct_low_access_half_mile": 93.73}}, {"type": "Feature", "geometry": {"type": "Point", "coordinates": [-97.4032379, 32.9810639]}, "properties": {"tract_geoid": "48439114112", "land_sqmi": 3.749, "population": 7243, "median_household_income": 154754.0, "poverty_count": 232, "poverty_universe": 7243, "snap_households": 28, "snap_universe": 1817, "pct_low_access_half_mile": 90.05}}, {"type": "Feature", "geometry": {"type": "Point", "coordinates": [-97.3713083, 32.9790537]}, "properties": {"tract_geoid": "48439114113", "land_sqmi": 3.91, "population": 4984, "median_household_income": 110139.0, "poverty_count": 155, "poverty_universe": 4984, "snap_households": 73, "snap_universe": 1737, "pct_low_access_half_mile": 78.11}}, {"type": "Feature", "geometry": {"type": "Point", "coordinates": [-97.5237423, 32.9469118]}, "properties": {"tract_geoid": "48439114203", "land_sqmi": 10.051, "population": 6309, "median_household_income": 78958.0, "poverty_count": 591, "poverty_universe": 6301, "snap_households": 165, "snap_universe": 2265, "pct_low_access_half_mile": 87.61}}, {"type": "Feature", "geometry": {"type": "Point", "coordinates": [-97.5246229, 32.8951068]}, "properties": {"tract_geoid": "48439114204", "land_sqmi": 3.651, "population": 7060, "median_household_income": 78255.0, "poverty_count": 657, "poverty_universe": 6932, "snap_households": 372, "snap_universe": 2624, "pct_low_access_half_mile": 74.25}}, {"type": "Feature", "geometry": {"type": "Point", "coordinates": [-97.5322649, 32.870948]}, "properties": {"tract_geoid": "48439114205", "land_sqmi": 2.918, "population": 3269, "median_household_income": 71504.0, "poverty_count": 609, "poverty_universe": 3269, "snap_households": 100, "snap_universe": 1303, "pct_low_access_half_mile": 81.04}}, {"type": "Feature", "geometry": {"type": "Point", "coordinates": [-97.5114725, 32.8419898]}, "properties": {"tract_geoid": "48439114206", "land_sqmi": 7.348, "population": 4272, "median_household_income": 111818.0, "poverty_count": 187, "poverty_universe": 4272, "snap_households": 214, "snap_universe": 1670, "pct_low_access_half_mile": 93.28}}, {"type": "Feature", "geometry": {"type": "Point", "coordinates": [-97.5232469, 32.7880743]}, "properties": {"tract_geoid": "48439114207", "land_sqmi": 13.991, "population": 6111, "median_household_income": 116313.0, "poverty_count": 462, "poverty_universe": 6108, "snap_households": 121, "snap_universe": 2093, "pct_low_access_half_mile": 81.06}}, {"type": "Feature", "geometry": {"type": "Point", "coordinates": [-97.1259385, 32.747388]}, "properties": {"tract_geoid": "48439121605", "land_sqmi": 1.048, "population": 3512, "median_household_income": 83966.0, "poverty_count": 366, "poverty_universe": 3446, "snap_households": 66, "snap_universe": 1292, "pct_low_access_half_mile": 23.73}}, {"type": "Feature", "geometry": {"type": "Point", "coordinates": [-97.1925304, 32.7211139]}, "properties": {"tract_geoid": "48439121606", "land_sqmi": 2.455, "population": 3798, "median_household_income": 123393.0, "poverty_count": 121, "poverty_universe": 3798, "snap_households": 73, "snap_universe": 1418, "pct_low_access_half_mile": 75.69}}, {"type": "Feature", "geometry": {"type": "Point", "coordinates": [-97.1898786, 32.7004469]}, "properties": {"tract_geoid": "48439121608", "land_sqmi": 1.138, "population": 5989, "median_household_income": 90536.0, "poverty_count": 393, "poverty_universe": 5898, "snap_households": 146, "snap_universe": 2195, "pct_low_access_half_mile": 63.36}}, {"type": "Feature", "geometry": {"type": "Point", "coordinates": [-97.206534, 32.6924601]}, "properties": {"tract_geoid": "48439121609", "land_sqmi": 1.558, "population": 5321, "median_household_income": 121547.0, "poverty_count": 135, "poverty_universe": 5321, "snap_households": 14, "snap_universe": 1981, "pct_low_access_half_mile": 71.47}}, {"type": "Feature", "geometry": {"type": "Point", "coordinates": [-97.1942982, 32.6877204]}, "properties": {"tract_geoid": "48439121610", "land_sqmi": 0.5, "population": 2405, "median_household_income": 107685.0, "poverty_count": 76, "poverty_universe": 2405, "snap_households": 80, "snap_universe": 892, "pct_low_access_half_mile": 67.15}}, {"type": "Feature", "geometry": {"type": "Point", "coordinates": [-97.2110189, 32.6758812]}, "properties": {"tract_geoid": "48439121611", "land_sqmi": 1.16, "population": 4437, "median_household_income": 93485.0, "poverty_count": 537, "poverty_universe": 4437, "snap_households": 102, "snap_universe": 1518, "pct_low_access_half_mile": 70.89}}, {"type": "Feature", "geometry": {"type": "Point", "coordinates": [-97.1642224, 32.7413938]}, "properties": {"tract_geoid": "48439121612", "land_sqmi": 1.586, "population": 2972, "median_household_income": 103821.0, "poverty_count": 164, "poverty_universe": 2881, "snap_households": 24, "snap_universe": 1221, "pct_low_access_half_mile": 92.77}}, {"type": "Feature", "geometry": {"type": "Point", "coordinates": [-97.1472331, 32.7429065]}, "properties": {"tract_geoid": "48439121613", "land_sqmi": 0.782, "population": 4591, "median_household_income": 103775.0, "poverty_count": 470, "poverty_universe": 4591, "snap_households": 319, "snap_universe": 1836, "pct_low_access_half_mile": 20.68}}, {"type": "Feature", "geometry": {"type": "Point", "coordinates": [-97.1377388, 32.7383327]}, "properties": {"tract_geoid": "48439121614", "land_sqmi": 0.323, "population": 3268, "median_household_income": 48634.0, "poverty_count": 1687, "poverty_universe": 3161, "snap_households": 447, "snap_universe": 1126, "pct_low_access_half_mile": 0.0}}, {"type": "Feature", "geometry": {"type": "Point", "coordinates": [-97.1378827, 32.7531625]}, "properties": {"tract_geoid": "48439121615", "land_sqmi": 0.861, "population": 4426, "median_household_income": 82324.0, "poverty_count": 597, "poverty_universe": 4200, "snap_households": 310, "snap_universe": 1602, "pct_low_access_half_mile": 46.2}}, {"type": "Feature", "geometry": {"type": "Point", "coordinates": [-97.0829986, 32.7479556]}, "properties": {"tract_geoid": "48439121702", "land_sqmi": 2.681, "population": 2408, "median_household_income": 60139.0, "poverty_count": 361, "poverty_universe": 2408, "snap_households": 241, "snap_universe": 1329, "pct_low_access_half_mile": 1.67}}, {"type": "Feature", "geometry": {"type": "Point", "coordinates": [-97.1152663, 32.7513919]}, "properties": {"tract_geoid": "48439121703", "land_sqmi": 0.728, "population": 4841, "median_household_income": 47401.0, "poverty_count": 1029, "poverty_universe": 4702, "snap_households": 199, "snap_universe": 1668, "pct_low_access_half_mile": 0.74}}, {"type": "Feature", "geometry": {"type": "Point", "coordinates": [-97.1041219, 32.7528767]}, "properties": {"tract_geoid": "48439121704", "land_sqmi": 0.823, "population": 3113, "median_household_income": 46658.0, "poverty_count": 979, "poverty_universe": 2932, "snap_households": 131, "snap_universe": 1012, "pct_low_access_half_mile": 10.58}}, {"type": "Feature", "geometry": {"type": "Point", "coordinates": [-97.0584885, 32.7212538]}, "properties": {"tract_geoid": "48439121904", "land_sqmi": 0.87, "population": 4335, "median_household_income": 47762.0, "poverty_count": 868, "poverty_universe": 4262, "snap_households": 180, "snap_universe": 1585, "pct_low_access_half_mile": 58.19}}, {"type": "Feature", "geometry": {"type": "Point", "coordinates": [-97.0720764, 32.7096146]}, "properties": {"tract_geoid": "48439121905", "land_sqmi": 0.494, "population": 5811, "median_household_income": 36840.0, "poverty_count": 2165, "poverty_universe": 5811, "snap_households": 860, "snap_universe": 2396, "pct_low_access_half_mile": 0.0}}, {"type": "Feature", "geometry": {"type": "Point", "coordinates": [-97.071259, 32.7169546]}, "properties": {"tract_geoid": "48439121906", "land_sqmi": 0.541, "population": 4104, "median_household_income": 46396.0, "poverty_count": 1134, "poverty_universe": 4079, "snap_households": 137, "snap_universe": 1292, "pct_low_access_half_mile": 3.18}}, {"type": "Feature", "geometry": {"type": "Point", "coordinates": [-97.0515427, 32.7243254]}, "properties": {"tract_geoid": "48439121907", "land_sqmi": 0.332, "population": 4198, "median_household_income": 42813.0, "poverty_count": 989, "poverty_universe": 4198, "snap_households": 245, "snap_universe": 1498, "pct_low_access_half_mile": 23.48}}, {"type": "Feature", "geometry": {"type": "Point", "coordinates": [-97.0517774, 32.7142136]}, "properties": {"tract_geoid": "48439121908", "land_sqmi": 0.467, "population": 1303, "median_household_income": 37179.0, "poverty_count": 252, "poverty_universe": 1303, "snap_households": 167, "snap_universe": 441, "pct_low_access_half_mile": 0.0}}, {"type": "Feature", "geometry": {"type": "Point", "coordinates": [-97.0713099, 32.7244033]}, "properties": {"tract_geoid": "48439122001", "land_sqmi": 0.505, "population": 2989, "median_household_income": 51250.0, "poverty_count": 713, "poverty_universe": 2989, "snap_households": 129, "snap_universe": 998, "pct_low_access_half_mile": 31.92}}, {"type": "Feature", "geometry": {"type": "Point", "coordinates": [-97.0714551, 32.7316148]}, "properties": {"tract_geoid": "48439122002", "land_sqmi": 0.517, "population": 4768, "median_household_income": 45580.0, "poverty_count": 780, "poverty_universe": 4768, "snap_households": 256, "snap_universe": 1585, "pct_low_access_half_mile": 11.52}}, {"type": "Feature", "geometry": {"type": "Point", "coordinates": [-97.0832312, 32.7323231]}, "properties": {"tract_geoid": "48439122100", "land_sqmi": 1.674, "population": 6637, "median_household_income": 54074.0, "poverty_count": 886, "poverty_universe": 6603, "snap_households": 131, "snap_universe": 2117, "pct_low_access_half_mile": 28.61}}, {"type": "Feature", "geometry": {"type": "Point", "coordinates": [-97.108194, 32.7403546]}, "properties": {"tract_geoid": "48439122200", "land_sqmi": 0.567, "population": 1929, "median_household_income": 36583.0, "poverty_count": 564, "poverty_universe": 1929, "snap_households": 85, "snap_universe": 737, "pct_low_access_half_mile": 12.79}}, {"type": "Feature", "geometry": {"type": "Point", "coordinates": [-97.1098417, 32.7329728]}, "properties": {"tract_geoid": "48439122300", "land_sqmi": 0.905, "population": 6055, "median_household_income": 24766.0, "poverty_count": 1762, "poverty_universe": 3295, "snap_households": 96, "snap_universe": 1587, "pct_low_access_half_mile": 26.23}}, {"type": "Feature", "geometry": {"type": "Point", "coordinates": [-97.1057581, 32.7244398]}, "properties": {"tract_geoid": "48439122401", "land_sqmi": 0.462, "population": 2507, "median_household_income": 36151.0, "poverty_count": 899, "poverty_universe": 2230, "snap_households": 99, "snap_universe": 854, "pct_low_access_half_mile": 27.44}}, {"type": "Feature", "geometry": {"type": "Point", "coordinates": [-97.1241516, 32.7274559]}, "properties": {"tract_geoid": "48439122402", "land_sqmi": 0.827, "population": 4810, "median_household_income": 60238.0, "poverty_count": 1047, "poverty_universe": 3387, "snap_households": 65, "snap_universe": 1428, "pct_low_access_half_mile": 41.83}}, {"type": "Feature", "geometry": {"type": "Point", "coordinates": [-97.1402932, 32.7280501]}, "properties": {"tract_geoid": "48439122500", "land_sqmi": 0.932, "population": 4233, "median_household_income": 64724.0, "poverty_count": 634, "poverty_universe": 4228, "snap_households": 188, "snap_universe": 1767, "pct_low_access_half_mile": 49.66}}, {"type": "Feature", "geometry": {"type": "Point", "coordinates": [-97.1401308, 32.7143635]}, "properties": {"tract_geoid": "48439122600", "land_sqmi": 0.947, "population": 3982, "median_household_income": 73068.0, "poverty_count": 325, "poverty_universe": 3982, "snap_households": 178, "snap_universe": 1508, "pct_low_access_half_mile": 24.71}}, {"type": "Feature", "geometry": {"type": "Point", "coordinates": [-97.1189936, 32.7149362]}, "properties": {"tract_geoid": "48439122701", "land_sqmi": 0.431, "population": 2108, "median_household_income": 40375.0, "poverty_count": 703, "poverty_universe": 2108, "snap_households": 238, "snap_universe": 843, "pct_low_access_half_mile": 29.71}}, {"type": "Feature", "geometry": {"type": "Point", "coordinates": [-97.1268497, 32.7132339]}, "properties": {"tract_geoid": "48439122702", "land_sqmi": 0.57, "population": 2935, "median_household_income": 64450.0, "poverty_count": 456, "poverty_universe": 2902, "snap_households": 146, "snap_universe": 1329, "pct_low_access_half_mile": 13.46}}, {"type": "Feature", "geometry": {"type": "Point", "coordinates": [-97.1118771, 32.7140749]}, "properties": {"tract_geoid": "48439122801", "land_sqmi": 0.351, "population": 3713, "median_household_income": 39800.0, "poverty_count": 1158, "poverty_universe": 3701, "snap_households": 237, "snap_universe": 1529, "pct_low_access_half_mile": 0.24}}, {"type": "Feature", "geometry": {"type": "Point", "coordinates": [-97.1035332, 32.7132903]}, "properties": {"tract_geoid": "48439122802", "land_sqmi": 0.687, "population": 5642, "median_household_income": 54455.0, "poverty_count": 1492, "poverty_universe": 5642, "snap_households": 431, "snap_universe": 1796, "pct_low_access_half_mile": 39.52}}, {"type": "Feature", "geometry": {"type": "Point", "coordinates": [-97.0889131, 32.7173392]}, "properties": {"tract_geoid": "48439122901", "land_sqmi": 0.499, "population": 3991, "median_household_income": 61280.0, "poverty_count": 504, "poverty_universe": 3991, "snap_households": 203, "snap_universe": 914, "pct_low_access_half_mile": 33.7}}, {"type": "Feature", "geometry": {"type": "Point", "coordinates": [-97.0890394, 32.7099588]}, "properties": {"tract_geoid": "48439122902", "land_sqmi": 0.523, "population": 2627, "median_household_income": 41579.0, "poverty_count": 506, "poverty_universe": 2627, "snap_households": 91, "snap_universe": 836, "pct_low_access_half_mile": 10.94}}, {"type": "Feature", "geometry": {"type": "Point", "coordinates": [-97.4302418, 32.7442444]}, "properties": {"tract_geoid": "48439123001", "land_sqmi": 1.097, "population": 2840, "median_household_income": 47119.0, "poverty_count": 889, "poverty_universe": 2772, "snap_households": 85, "snap_universe": 1704, "pct_low_access_half_mile": 50.25}}, {"type": "Feature", "geometry": {"type": "Point", "coordinates": [-97.4155422, 32.7426971]}, "properties": {"tract_geoid": "48439123002", "land_sqmi": 1.133, "population": 2603, "median_household_income": 98651.0, "poverty_count": 358, "poverty_universe": 2603, "snap_households": 73, "snap_universe": 1231, "pct_low_access_half_mile": 81.47}}, {"type": "Feature", "geometry": {"type": "Point", "coordinates": [-97.308725, 32.7385694]}, "properties": {"tract_geoid": "48439123100", "land_sqmi": 1.533, "population": 3707, "median_household_income": 55000.0, "poverty_count": 892, "poverty_universe": 3707, "snap_households": 305, "snap_universe": 1224, "pct_low_access_half_mile": 16.47}}, {"type": "Feature", "geometry": {"type": "Point", "coordinates": [-97.3285656, 32.77076]}, "properties": {"tract_geoid": "48439123200", "land_sqmi": 2.803, "population": 3552, "median_household_income": 63340.0, "poverty_count": 367, "poverty_universe": 3183, "snap_households": 117, "snap_universe": 2065, "pct_low_access_half_mile": 60.78}}, {"type": "Feature", "geometry": {"type": "Point", "coordinates": [-97.344909, 32.7444653]}, "properties": {"tract_geoid": "48439123301", "land_sqmi": 0.976, "population": 1629, "median_household_income": 96250.0, "poverty_count": 211, "poverty_universe": 1482, "snap_households": 0, "snap_universe": 1061, "pct_low_access_half_mile": 0.88}}, {"type": "Feature", "geometry": {"type": "Point", "coordinates": [-97.3283874, 32.7526109]}, "properties": {"tract_geoid": "48439123302", "land_sqmi": 0.762, "population": 5924, "median_household_income": 88266.0, "poverty_count": 223, "poverty_universe": 2145, "snap_households": 285, "snap_universe": 1598, "pct_low_access_half_mile": 2.41}}, {"type": "Feature", "geometry": {"type": "Point", "coordinates": [-97.3172521, 32.7252867]}, "properties": {"tract_geoid": "48439123500", "land_sqmi": 0.923, "population": 3178, "median_household_income": 56032.0, "poverty_count": 1118, "poverty_universe": 3146, "snap_households": 237, "snap_universe": 862, "pct_low_access_half_mile": 7.7}}, {"type": "Feature", "geometry": {"type": "Point", "coordinates": [-97.3283076, 32.7301844]}, "properties": {"tract_geoid": "48439123600", "land_sqmi": 0.967, "population": 3442, "median_household_income": 64809.0, "poverty_count": 840, "poverty_universe": 3345, "snap_households": 243, "snap_universe": 1781, "pct_low_access_half_mile": 12.82}}, {"type": "Feature", "geometry": {"type": "Point", "coordinates": [-97.3447552, 32.7327574]}, "properties": {"tract_geoid": "48439123700", "land_sqmi": 1.364, "population": 4106, "median_household_income": 75625.0, "poverty_count": 481, "poverty_universe": 3770, "snap_households": 137, "snap_universe": 1847, "pct_low_access_half_mile": 57.71}}, {"type": "Feature", "geometry": {"type": "Point", "coordinates": [-97.0531253, 32.9031945]}, "properties": {"tract_geoid": "48439980000", "land_sqmi": 17.793, "population": 0, "median_household_income": null, "poverty_count": 0, "poverty_universe": 0, "snap_households": 0, "snap_universe": 0, "pct_low_access_half_mile": 100.0}}, {"type": "Feature", "geometry": {"type": "Point", "coordinates": [-97.5223686, 33.3295131]}, "properties": {"tract_geoid": "48497150101", "land_sqmi": 166.924, "population": 4416, "median_household_income": 100074.0, "poverty_count": 114, "poverty_universe": 4416, "snap_households": 135, "snap_universe": 1675, "pct_low_access_half_mile": 100.0}}, {"type": "Feature", "geometry": {"type": "Point", "coordinates": [-97.4864189, 33.1856647]}, "properties": {"tract_geoid": "48497150103", "land_sqmi": 75.45, "population": 6447, "median_household_income": 103401.0, "poverty_count": 580, "poverty_universe": 6217, "snap_households": 140, "snap_universe": 1757, "pct_low_access_half_mile": 97.29}}, {"type": "Feature", "geometry": {"type": "Point", "coordinates": [-97.6261457, 33.1719131]}, "properties": {"tract_geoid": "48497150104", "land_sqmi": 39.714, "population": 4483, "median_household_income": 115119.0, "poverty_count": 178, "poverty_universe": 4483, "snap_households": 269, "snap_universe": 1545, "pct_low_access_half_mile": 100.0}}, {"type": "Feature", "geometry": {"type": "Point", "coordinates": [-97.5912894, 33.2219463]}, "properties": {"tract_geoid": "48497150201", "land_sqmi": 3.175, "population": 2687, "median_household_income": 66500.0, "poverty_count": 223, "poverty_universe": 2398, "snap_households": 52, "snap_universe": 1040, "pct_low_access_half_mile": 52.88}}, {"type": "Feature", "geometry": {"type": "Point", "coordinates": [-97.5820922, 33.2549377]}, "properties": {"tract_geoid": "48497150202", "land_sqmi": 17.245, "population": 3927, "median_household_income": 72612.0, "poverty_count": 155, "poverty_universe": 3890, "snap_households": 48, "snap_universe": 1593, "pct_low_access_half_mile": 78.17}}, {"type": "Feature", "geometry": {"type": "Point", "coordinates": [-97.6678087, 33.3740412]}, "properties": {"tract_geoid": "48497150300", "land_sqmi": 80.138, "population": 2975, "median_household_income": 68125.0, "poverty_count": 348, "poverty_universe": 2975, "snap_households": 148, "snap_universe": 1187, "pct_low_access_half_mile": 79.87}}, {"type": "Feature", "geometry": {"type": "Point", "coordinates": [-97.8404606, 33.0895427]}, "properties": {"tract_geoid": "48497150402", "land_sqmi": 124.743, "population": 6594, "median_household_income": 86538.0, "poverty_count": 786, "poverty_universe": 6452, "snap_households": 194, "snap_universe": 2254, "pct_low_access_half_mile": 99.59}}, {"type": "Feature", "geometry": {"type": "Point", "coordinates": [-97.7053674, 33.1343662]}, "properties": {"tract_geoid": "48497150403", "land_sqmi": 51.915, "population": 4812, "median_household_income": 121250.0, "poverty_count": 219, "poverty_universe": 4812, "snap_households": 55, "snap_universe": 1561, "pct_low_access_half_mile": 92.76}}, {"type": "Feature", "geometry": {"type": "Point", "coordinates": [-97.8176419, 33.3581026]}, "properties": {"tract_geoid": "48497150404", "land_sqmi": 93.337, "population": 2727, "median_household_income": 94905.0, "poverty_count": 164, "poverty_universe": 2727, "snap_households": 11, "snap_universe": 1125, "pct_low_access_half_mile": 93.52}}, {"type": "Feature", "geometry": {"type": "Point", "coordinates": [-97.8243856, 33.2508449]}, "properties": {"tract_geoid": "48497150405", "land_sqmi": 74.867, "population": 4349, "median_household_income": 70057.0, "poverty_count": 568, "poverty_universe": 3601, "snap_households": 90, "snap_universe": 1266, "pct_low_access_half_mile": 94.51}}, {"type": "Feature", "geometry": {"type": "Point", "coordinates": [-97.7320764, 33.2063778]}, "properties": {"tract_geoid": "48497150500", "land_sqmi": 13.371, "population": 5614, "median_household_income": 93454.0, "poverty_count": 99, "poverty_universe": 5554, "snap_households": 198, "snap_universe": 1880, "pct_low_access_half_mile": 40.27}}, {"type": "Feature", "geometry": {"type": "Point", "coordinates": [-97.4605417, 33.0160194]}, "properties": {"tract_geoid": "48497150603", "land_sqmi": 22.593, "population": 5481, "median_household_income": 101462.0, "poverty_count": 829, "poverty_universe": 5481, "snap_households": 271, "snap_universe": 1732, "pct_low_access_half_mile": 86.65}}, {"type": "Feature", "geometry": {"type": "Point", "coordinates": [-97.6573894, 33.0219665]}, "properties": {"tract_geoid": "48497150604", "land_sqmi": 40.658, "population": 5301, "median_household_income": 89920.0, "poverty_count": 954, "poverty_universe": 5301, "snap_households": 108, "snap_universe": 1675, "pct_low_access_half_mile": 98.74}}, {"type": "Feature", "geometry": {"type": "Point", "coordinates": [-97.5926909, 33.0566882]}, "properties": {"tract_geoid": "48497150605", "land_sqmi": 37.174, "population": 5260, "median_household_income": 73750.0, "poverty_count": 484, "poverty_universe": 5260, "snap_households": 205, "snap_universe": 1890, "pct_low_access_half_mile": 84.59}}, {"type": "Feature", "geometry": {"type": "Point", "coordinates": [-97.4346876, 33.0682109]}, "properties": {"tract_geoid": "48497150606", "land_sqmi": 18.927, "population": 3106, "median_household_income": 92000.0, "poverty_count": 284, "poverty_universe": 3083, "snap_households": 102, "snap_universe": 1062, "pct_low_access_half_mile": 82.61}}, {"type": "Feature", "geometry": {"type": "Point", "coordinates": [-97.4820631, 33.1096437]}, "properties": {"tract_geoid": "48497150607", "land_sqmi": 44.161, "population": 4180, "median_household_income": 91331.0, "poverty_count": 489, "poverty_universe": 4159, "snap_households": 99, "snap_universe": 1339, "pct_low_access_half_mile": 99.29}}]}